7fffffff
7fffffff
7fffffff
7fffffff
7fffffff
7fffffff
7fffffff
7fffffff
7fffffff
7fffffff
7fffffff
7fffffff
7fffffff
7fffffff
7fffffff
7fffffff
7fffffff
7fffffff
7fffffff
7fffffff
7fffffff
7fffffff
7fffffff
7fffffff
7fffffff
7fffffff
7fffffff
7fffffff
7fffffff
7fffffff
7fffffff
7fffffff
7fffffff
7fffffff
7fffffff
7fffffff
7fffffff
7fffffff
7fffffff
7fffffff
7fffffff
7fffffff
7fffffff
7fffffff
7fffffff
7fffffff
7fffffff
7fffffff
7fffffff
7fffffff
7fffffff
7fffffff
7fffffff
7fffffff
7fffffff
7fffffff
7fffffff
7fffffff
7fffffff
7fffffff
7fffffff
7fffffff
7fffffff
7fffffff
7fffffff
7fffffff
7fffffff
7fffffff
7fffffff
7fffffff
7fffffff
7fffffff
7fffffff
7fffffff
7fffffff
7fffffff
7fffffff
7fffffff
7fffffff
7fffffff
7fffffff
7fffffff
7fffffff
7fffffff
7fffffff
7fffffff
7fffffff
7fffffff
7fffffff
7fffffff
7fffffff
7fffffff
7fffffff
7fffffff
7fffffff
7fffffff
7fffffff
7fffffff
7fffffff
7fffffff
7fffffff
7fffffff
7fffffff
7fffffff
7fffffff
7fffffff
7fffffff
7fffffff
7fffffff
7fffffff
7fffffff
7fffffff
7fffffff
7fffffff
7fffffff
7fffffff
7fffffff
7fffffff
7fffffff
7fffffff
7fffffff
7fffffff
7fffffff
7fffffff
7fffffff
7fffffff
7fffffff
7fffffff
7fffffff
7fffffff
7fffffff
7fffffff
7fffffff
7fffffff
7fffffff
7fffffff
7fffffff
7fffffff
7fffffff
7fffffff
7fffffff
7fffffff
7fffffff
7fffffff
7fffffff
7fffffff
7fffffff
7fffffff
7fffffff
7fffffff
7fffffff
7fffffff
7fffffff
7fffffff
7fffffff
7fffffff
7fffffff
7fffffff
7fffffff
7fffffff
7fffffff
7fffffff
7fffffff
7fffffff
7fffffff
7fffffff
7fffffff
7fffffff
7fffffff
7fffffff
7fffffff
7fffffff
7fffffff
7fffffff
7fffffff
7fffffff
7fffffff
7fffffff
7fffffff
7fffffff
7fffffff
7fffffff
7fffffff
7fffffff
7fffffff
7fffffff
7fffffff
7fffffff
7fffffff
7fffffff
7fffffff
7fffffff
7fffffff
7fffffff
7fffffff
7fffffff
7fffffff
7fffffff
7fffffff
7fffffff
7fffffff
7fffffff
7fffffff
7fffffff
7fffffff
7fffffff
7fffffff
7fffffff
7fffffff
7fffffff
7fffffff
7fffffff
7fffffff
7fffffff
7fffffff
7fffffff
7fffffff
7fffffff
7fffffff
7fffffff
7fffffff
7fffffff
7fffffff
7fffffff
7fffffff
7fffffff
7fffffff
7fffffff
7fffffff
7fffffff
7fffffff
7fffffff
7fffffff
7fffffff
7fffffff
7fffffff
7fffffff
7fffffff
7fffffff
7fffffff
7fffffff
7fffffff
7fffffff
7fffffff
7fffffff
7fffffff
7fffffff
7fffffff
7fffffff
7fffffff
7fffffff
7fffffff
7fffffff
7fffffff
7fffffff
7fffffff
7fffffff
7fffffff
7fffffff
7fffffff
7fffffff
7fffffff
7fffffff
7fffffff
7fffffff
7fffffff
7fffffff
7fffffff
7fffffff
7fffffff
7fffffff
7fffffff
7fffffff
7fffffff
7fffffff
7fffffff
7fffffff
7fffffff
7fffffff
7fffffff
7fffffff
7fffffff
7fffffff
7fffffff
7fffffff
7fffffff
7fffffff
7fffffff
7fffffff
7fffffff
7fffffff
7fffffff
7fffffff
7fffffff
7fffffff
7fffffff
7fffffff
7fffffff
7fffffff
7fffffff
7fffffff
7fffffff
7fffffff
7fffffff
7fffffff
7fffffff
7fffffff
7fffffff
7fffffff
7fffffff
7fffffff
7fffffff
7fffffff
7fffffff
7fffffff
7fffffff
7fffffff
7fffffff
7fffffff
7fffffff
7fffffff
7fffffff
7fffffff
7fffffff
7fffffff
7fffffff
7fffffff
7fffffff
7fffffff
7fffffff
7fffffff
7fffffff
7fffffff
7fffffff
7fffffff
7fffffff
7fffffff
7fffffff
7fffffff
7fffffff
7fffffff
7fffffff
7fffffff
7fffffff
7fffffff
7fffffff
7fffffff
7fffffff
7fffffff
7fffffff
7fffffff
7fffffff
7fffffff
7fffffff
7fffffff
7fffffff
7fffffff
7fffffff
7fffffff
7fffffff
7fffffff
7fffffff
7fffffff
7fffffff
7fffffff
7fffffff
7fffffff
7fffffff
7fffffff
7fffffff
7fffffff
7fffffff
7fffffff
7fffffff
7fffffff
7fffffff
7fffffff
7fffffff
7fffffff
7fffffff
7fffffff
7fffffff
7fffffff
7fffffff
7fffffff
7fffffff
7fffffff
7fffffff
7fffffff
7fffffff
7fffffff
7fffffff
7fffffff
7fffffff
7fffffff
7fffffff
7fffffff
7fffffff
7fffffff
7fffffff
7fffffff
7fffffff
7fffffff
7fffffff
7fffffff
7fffffff
7fffffff
7fffffff
7fffffff
7fffffff
7fffffff
7fffffff
7fffffff
7fffffff
7fffffff
7fffffff
7fffffff
7fffffff
7fffffff
7fffffff
7fffffff
7fffffff
7fffffff
7fffffff
7fffffff
7fffffff
7fffffff
7fffffff
7fffffff
7fffffff
7fffffff
7fffffff
7fffffff
7fffffff
7fffffff
7fffffff
7fffffff
7fffffff
7fffffff
7fffffff
7fffffff
7fffffff
7fffffff
7fffffff
7fffffff
7fffffff
7fffffff
7fffffff
7fffffff
7fffffff
7fffffff
7fffffff
7fffffff
7fffffff
7fffffff
7fffffff
7fffffff
7fffffff
7fffffff
7fffffff
7fffffff
7fffffff
7fffffff
7fffffff
7fffffff
7fffffff
7fffffff
7fffffff
7fffffff
7fffffff
7fffffff
7fffffff
7fffffff
7fffffff
7fffffff
7fffffff
7fffffff
7fffffff
7fffffff
7fffffff
7fffffff
7fffffff
7fffffff
7fffffff
7fffffff
7fffffff
7fffffff
7fffffff
7fffffff
7fffffff
7fffffff
7fffffff
7fffffff
7fffffff
7fffffff
7fffffff
7fffffff
7fffffff
7fffffff
7fffffff
7fffffff
7fffffff
7fffffff
7fffffff
7fffffff
7fffffff
7fffffff
7fffffff
7fffffff
7fffffff
7fffffff
7fffffff
7fffffff
7fffffff
7fffffff
7fffffff
7fffffff
7fffffff
7fffffff
7fffffff
7fffffff
7fffffff
7fffffff
7fffffff
7fffffff
7fffffff
7fffffff
7fffffff
7fffffff
7fffffff
7fffffff
7fffffff
7fffffff
7fffffff
7fffffff
7fffffff
7fffffff
7fffffff
7fffffff
7fffffff
7fffffff
7fffffff
7fffffff
7fffffff
7fffffff
7fffffff
7fffffff
7fffffff
7fffffff
7fffffff
7fffffff
7fffffff
7fffffff
7fffffff
7fffffff
7fffffff
7fffffff
7fffffff
7fffffff
7fffffff
7fffffff
7fffffff
7fffffff
7fffffff
7fffffff
7fffffff
7fffffff
7fffffff
7fffffff
7fffffff
7fffffff
7fffffff
7fffffff
7fffffff
7fffffff
7fffffff
7fffffff
7fffffff
7fffffff
7fffffff
7fffffff
7fffffff
7fffffff
7fffffff
7fffffff
7fffffff
7fffffff
7fffffff
7fffffff
7fffffff
7fffffff
7fffffff
7fffffff
7fffffff
7fffffff
7fffffff
7fffffff
7fffffff
7fffffff
7fffffff
7fffffff
7fffffff
7fffffff
7fffffff
7fffffff
7fffffff
7fffffff
7fffffff
7fffffff
7fffffff
7fffffff
7fffffff
7fffffff
7fffffff
7fffffff
7fffffff
7fffffff
7fffffff
7fffffff
7fffffff
7fffffff
7fffffff
7fffffff
7fffffff
7fffffff
7fffffff
7fffffff
7fffffff
7fffffff
7fffffff
7fffffff
7fffffff
7fffffff
7fffffff
7fffffff
7fffffff
7fffffff
7fffffff
7fffffff
7fffffff
7fffffff
7fffffff
7fffffff
7fffffff
7fffffff
7fffffff
7fffffff
7fffffff
7fffffff
7fffffff
7fffffff
7fffffff
7fffffff
7fffffff
7fffffff
7fffffff
7fffffff
7fffffff
7fffffff
7fffffff
7fffffff
7fffffff
7fffffff
7fffffff
7fffffff
7fffffff
7fffffff
7fffffff
7fffffff
7fffffff
7fffffff
7fffffff
7fffffff
7fffffff
7fffffff
7fffffff
7fffffff
7fffffff
7fffffff
7fffffff
7fffffff
7fffffff
7fffffff
7fffffff
7fffffff
7fffffff
7fffffff
7fffffff
7fffffff
7fffffff
7fffffff
7fffffff
7fffffff
7fffffff
7fffffff
7fffffff
7fffffff
7fffffff
7fffffff
7fffffff
7fffffff
7fffffff
7fffffff
7fffffff
7fffffff
7fffffff
7fffffff
7fffffff
7fffffff
7fffffff
7fffffff
7fffffff
7fffffff
7fffffff
7fffffff
7fffffff
7fffffff
7fffffff
7fffffff
7fffffff
7fffffff
7fffffff
7fffffff
7fffffff
7fffffff
7fffffff
7fffffff
7fffffff
7fffffff
7fffffff
7fffffff
7fffffff
7fffffff
7fffffff
7fffffff
7fffffff
7fffffff
7fffffff
7fffffff
7fffffff
7fffffff
7fffffff
7fffffff
7fffffff
7fffffff
7fffffff
7fffffff
7fffffff
7fffffff
7fffffff
7fffffff
7fffffff
7fffffff
7fffffff
7fffffff
7fffffff
7fffffff
7fffffff
7fffffff
7fffffff
7fffffff
7fffffff
7fffffff
7fffffff
7fffffff
7fffffff
7fffffff
7fffffff
7fffffff
7fffffff
7fffffff
7fffffff
7fffffff
7fffffff
7fffffff
7fffffff
7fffffff
7fffffff
7fffffff
7fffffff
7fffffff
7fffffff
7fffffff
7fffffff
7fffffff
7fffffff
7fffffff
7fffffff
7fffffff
7fffffff
7fffffff
7fffffff
7fffffff
7fffffff
7fffffff
7fffffff
7fffffff
7fffffff
7fffffff
7fffffff
7fffffff
7fffffff
7fffffff
7fffffff
7fffffff
7fffffff
7fffffff
7fffffff
7fffffff
7fffffff
7fffffff
7fffffff
7fffffff
7fffffff
7fffffff
7fffffff
7fffffff
7fffffff
7fffffff
7fffffff
7fffffff
7fffffff
7fffffff
7fffffff
7fffffff
7fffffff
7fffffff
7fffffff
7fffffff
7fffffff
7fffffff
7fffffff
7fffffff
7fffffff
7fffffff
7fffffff
7fffffff
7fffffff
7fffffff
7fffffff
7fffffff
7fffffff
7fffffff
7fffffff
7fffffff
7fffffff
7fffffff
7fffffff
7fffffff
7fffffff
7fffffff
7fffffff
7fffffff
7fffffff
7fffffff
7fffffff
7fffffff
7fffffff
7fffffff
7fffffff
7fffffff
7fffffff
7fffffff
7fffffff
7fffffff
7fffffff
7fffffff
7fffffff
7fffffff
7fffffff
7fffffff
7fffffff
7fffffff
7fffffff
7fffffff
7fffffff
7fffffff
7fffffff
7fffffff
7fffffff
7fffffff
7fffffff
7fffffff
7fffffff
7fffffff
7fffffff
7fffffff
7fffffff
7fffffff
7fffffff
7fffffff
7fffffff
7fffffff
7fffffff
7fffffff
7fffffff
7fffffff
7fffffff
7fffffff
7fffffff
7fffffff
7fffffff
7fffffff
7fffffff
7fffffff
7fffffff
7fffffff
7fffffff
7fffffff
7fffffff
7fffffff
7fffffff
7fffffff
7fffffff
7fffffff
7fffffff
7fffffff
7fffffff
7fffffff
7fffffff
7fffffff
7fffffff
7fffffff
7fffffff
7fffffff
7fffffff
7fffffff
7fffffff
7fffffff
7fffffff
7fffffff
7fffffff
7fffffff
7fffffff
7fffffff
7fffffff
7fffffff
7fffffff
7fffffff
7fffffff
7fffffff
7fffffff
7fffffff
7fffffff
7fffffff
7fffffff
7fffffff
7fffffff
7fffffff
7fffffff
7fffffff
7fffffff
7fffffff
7fffffff
7fffffff
7fffffff
7fffffff
7fffffff
7fffffff
7fffffff
7fffffff
7fffffff
7fffffff
7fffffff
7fffffff
7fffffff
7fffffff
7fffffff
7fffffff
7fffffff
7fffffff
7fffffff
7fffffff
7fffffff
7fffffff
7fffffff
7fffffff
7fffffff
7fffffff
7fffffff
7fffffff
7fffffff
7fffffff
7fffffff
7fffffff
7fffffff
7fffffff
7fffffff
7fffffff
7fffffff
7fffffff
7fffffff
7fffffff
7fffffff
7fffffff
7fffffff
7fffffff
7fffffff
7fffffff
7fffffff
7fffffff
7fffffff
7fffffff
7fffffff
7fffffff
7fffffff
7fffffff
7fffffff
7fffffff
7fffffff
7fffffff
7fffffff
7fffffff
7fffffff
7fffffff
7fffffff
7fffffff
7fffffff
7fffffff
7fffffff
7fffffff
7fffffff
7fffffff
7fffffff
7fffffff
7fffffff
7fffffff
7fffffff
7fffffff
7fffffff
7fffffff
7fffffff
7fffffff
7fffffff
7fffffff
7fffffff
7fffffff
7fffffff
7fffffff
7fffffff
7fffffff
7fffffff
7fffffff
7fffffff
7fffffff
7fffffff
7fffffff
7fffffff
7fffffff
7fffffff
7fffffff
7fffffff
7fffffff
7fffffff
7fffffff
7fffffff
7fffffff
7fffffff
7fffffff
7fffffff
7fffffff
7fffffff
7fffffff
7fffffff
7fffffff
7fffffff
7fffffff
7fffffff
7fffffff
7fffffff
7fffffff
7fffffff
7fffffff
7fffffff
7fffffff
7fffffff
7fffffff
7fffffff
7fffffff
7fffffff
7fffffff
7fffffff
7fffffff
7fffffff
7fffffff
7fffffff
7fffffff
7fffffff
7fffffff
7fffffff
7fffffff
7fffffff
7fffffff
7fffffff
7fffffff
7fffffff
7fffffff
7fffffff
7fffffff
7fffffff
7fffffff
7fffffff
7fffffff
7fffffff
7fffffff
7fffffff
7fffffff
7fffffff
7fffffff
7fffffff
7fffffff
7fffffff
7fffffff
7fffffff
7fffffff
7fffffff
7fffffff
7fffffff
7fffffff
7fffffff
7fffffff
7fffffff
7fffffff
7fffffff
7fffffff
7fffffff
7fffffff
7fffffff
7fffffff
7fffffff
7fffffff
7fffffff
7fffffff
7fffffff
7fffffff
7fffffff
7fffffff
7fffffff
7fffffff
7fffffff
7fffffff
7fffffff
7fffffff
7fffffff
7fffffff
7fffffff
7fffffff
7fffffff
7fffffff
7fffffff
7fffffff
7fffffff
7fffffff
7fffffff
7fffffff
7fffffff
7fffffff
7fffffff
7fffffff
7fffffff
7fffffff
7fffffff
7fffffff
7fffffff
7fffffff
7fffffff
7fffffff
7fffffff
7fffffff
7fffffff
7fffffff
7fffffff
7fffffff
7fffffff
7fffffff
7fffffff
7fffffff
7fffffff
7fffffff
7fffffff
7fffffff
7fffffff
7fffffff
7fffffff
7fffffff
7fffffff
7fffffff
7fffffff
7fffffff
7fffffff
7fffffff
7fffffff
7fffffff
7fffffff
7fffffff
7fffffff
7fffffff
7fffffff
7fffffff
7fffffff
7fffffff
7fffffff
7fffffff
7fffffff
7fffffff
7fffffff
7fffffff
7fffffff
7fffffff
7fffffff
7fffffff
7fffffff
7fffffff
7fffffff
7fffffff
7fffffff
7fffffff
7fffffff
7fffffff
7fffffff
7fffffff
7fffffff
7fffffff
7fffffff
7fffffff
7fffffff
7fffffff
7fffffff
7fffffff
7fffffff
7fffffff
7fffffff
7fffffff
7fffffff
7fffffff
7fffffff
7fffffff
7fffffff
7fffffff
7fffffff
7fffffff
7fffffff
7fffffff
7fffffff
7fffffff
7fffffff
7fffffff
7fffffff
7fffffff
7fffffff
7fffffff
7fffffff
7fffffff
7fffffff
7fffffff
7fffffff
7fffffff
7fffffff
7fffffff
7fffffff
7fffffff
7fffffff
7fffffff
7fffffff
7fffffff
7fffffff
7fffffff
7fffffff
7fffffff
7fffffff
7fffffff
7fffffff
7fffffff
7fffffff
7fffffff
7fffffff
7fffffff
7fffffff
7fffffff
7fffffff
7fffffff
7fffffff
7fffffff
7fffffff
7fffffff
7fffffff
7fffffff
7fffffff
7fffffff
7fffffff
7fffffff
7fffffff
7fffffff
7fffffff
7fffffff
7fffffff
7fffffff
7fffffff
7fffffff
7fffffff
7fffffff
7fffffff
7fffffff
7fffffff
7fffffff
7fffffff
7fffffff
7fffffff
7fffffff
7fffffff
7fffffff
7fffffff
7fffffff
7fffffff
7fffffff
7fffffff
7fffffff
7fffffff
7fffffff
7fffffff
7fffffff
7fffffff
7fffffff
7fffffff
7fffffff
7fffffff
7fffffff
7fffffff
7fffffff
7fffffff
7fffffff
7fffffff
7fffffff
7fffffff
7fffffff
7fffffff
7fffffff
7fffffff
7fffffff
7fffffff
7fffffff
7fffffff
7fffffff
7fffffff
7fffffff
7fffffff
7fffffff
7fffffff
7fffffff
7fffffff
7fffffff
7fffffff
7fffffff
7fffffff
7fffffff
7fffffff
7fffffff
7fffffff
7fffffff
7fffffff
7fffffff
7fffffff
7fffffff
7fffffff
7fffffff
7fffffff
7fffffff
7fffffff
7fffffff
7fffffff
7fffffff
7fffffff
7fffffff
7fffffff
7fffffff
7fffffff
7fffffff
7fffffff
7fffffff
7fffffff
7fffffff
7fffffff
7fffffff
7fffffff
7fffffff
7fffffff
7fffffff
7fffffff
7fffffff
7fffffff
7fffffff
7fffffff
7fffffff
7fffffff
7fffffff
7fffffff
7fffffff
7fffffff
7fffffff
7fffffff
7fffffff
7fffffff
7fffffff
7fffffff
7fffffff
7fffffff
7fffffff
7fffffff
7fffffff
7fffffff
7fffffff
7fffffff
7fffffff
7fffffff
7fffffff
7fffffff
7fffffff
7fffffff
7fffffff
7fffffff
7fffffff
7fffffff
7fffffff
7fffffff
7fffffff
7fffffff
7fffffff
7fffffff
7fffffff
7fffffff
7fffffff
7fffffff
7fffffff
7fffffff
7fffffff
7fffffff
7fffffff
7fffffff
7fffffff
7fffffff
7fffffff
7fffffff
7fffffff
7fffffff
7fffffff
7fffffff
7fffffff
7fffffff
7fffffff
7fffffff
7fffffff
7fffffff
7fffffff
7fffffff
7fffffff
7fffffff
7fffffff
7fffffff
7fffffff
7fffffff
7fffffff
7fffffff
7fffffff
7fffffff
7fffffff
7fffffff
7fffffff
7fffffff
7fffffff
7fffffff
7fffffff
7fffffff
7fffffff
7fffffff
7fffffff
7fffffff
7fffffff
7fffffff
7fffffff
7fffffff
7fffffff
7fffffff
7fffffff
7fffffff
7fffffff
7fffffff
7fffffff
7fffffff
7fffffff
7fffffff
7fffffff
7fffffff
7fffffff
7fffffff
7fffffff
7fffffff
7fffffff
7fffffff
7fffffff
7fffffff
7fffffff
7fffffff
7fffffff
7fffffff
7fffffff
7fffffff
7fffffff
7fffffff
7fffffff
7fffffff
7fffffff
7fffffff
7fffffff
7fffffff
7fffffff
7fffffff
7fffffff
7fffffff
7fffffff
7fffffff
7fffffff
7fffffff
7fffffff
7fffffff
7fffffff
7fffffff
7fffffff
7fffffff
7fffffff
7fffffff
7fffffff
7fffffff
7fffffff
7fffffff
7fffffff
7fffffff
7fffffff
7fffffff
7fffffff
7fffffff
7fffffff
7fffffff
7fffffff
7fffffff
7fffffff
7fffffff
7fffffff
7fffffff
7fffffff
7fffffff
7fffffff
7fffffff
7fffffff
7fffffff
7fffffff
7fffffff
7fffffff
7fffffff
7fffffff
7fffffff
7fffffff
7fffffff
7fffffff
7fffffff
7fffffff
7fffffff
7fffffff
7fffffff
7fffffff
7fffffff
7fffffff
7fffffff
7fffffff
7fffffff
7fffffff
7fffffff
7fffffff
7fffffff
7fffffff
7fffffff
7fffffff
7fffffff
7fffffff
7fffffff
7fffffff
7fffffff
7fffffff
7fffffff
7fffffff
7fffffff
7fffffff
7fffffff
7fffffff
7fffffff
7fffffff
7fffffff
7fffffff
7fffffff
7fffffff
7fffffff
7fffffff
7fffffff
7fffffff
7fffffff
7fffffff
7fffffff
7fffffff
7fffffff
7fffffff
7fffffff
7fffffff
7fffffff
7fffffff
7fffffff
7fffffff
7fffffff
7fffffff
7fffffff
7fffffff
7fffffff
7fffffff
7fffffff
7fffffff
7fffffff
7fffffff
7fffffff
7fffffff
7fffffff
7fffffff
7fffffff
7fffffff
7fffffff
7fffffff
7fffffff
7fffffff
7fffffff
7fffffff
7fffffff
7fffffff
7fffffff
7fffffff
7fffffff
7fffffff
7fffffff
7fffffff
7fffffff
7fffffff
7fffffff
7fffffff
7fffffff
7fffffff
7fffffff
7fffffff
7fffffff
7fffffff
7fffffff
7fffffff
7fffffff
7fffffff
7fffffff
7fffffff
7fffffff
7fffffff
7fffffff
7fffffff
7fffffff
7fffffff
7fffffff
7fffffff
7fffffff
7fffffff
7fffffff
7fffffff
7fffffff
7fffffff
7fffffff
7fffffff
7fffffff
7fffffff
7fffffff
7fffffff
7fffffff
7fffffff
7fffffff
7fffffff
7fffffff
7fffffff
7fffffff
7fffffff
7fffffff
7fffffff
7fffffff
7fffffff
7fffffff
7fffffff
7fffffff
7fffffff
7fffffff
7fffffff
7fffffff
7fffffff
7fffffff
7fffffff
7fffffff
7fffffff
7fffffff
7fffffff
7fffffff
7fffffff
7fffffff
7fffffff
7fffffff
7fffffff
7fffffff
7fffffff
7fffffff
7fffffff
7fffffff
7fffffff
7fffffff
7fffffff
7fffffff
7fffffff
7fffffff
7fffffff
7fffffff
7fffffff
7fffffff
7fffffff
7fffffff
7fffffff
7fffffff
7fffffff
7fffffff
7fffffff
7fffffff
7fffffff
7fffffff
7fffffff
7fffffff
7fffffff
7fffffff
7fffffff
7fffffff
7fffffff
7fffffff
7fffffff
7fffffff
7fffffff
7fffffff
7fffffff
7fffffff
7fffffff
7fffffff
7fffffff
7fffffff
7fffffff
7fffffff
7fffffff
7fffffff
7fffffff
7fffffff
7fffffff
7fffffff
7fffffff
7fffffff
7fffffff
7fffffff
7fffffff
7fffffff
7fffffff
7fffffff
7fffffff
7fffffff
7fffffff
7fffffff
7fffffff
7fffffff
7fffffff
7fffffff
7fffffff
7fffffff
7fffffff
7fffffff
7fffffff
7fffffff
7fffffff
7fffffff
7fffffff
7fffffff
7fffffff
7fffffff
7fffffff
7fffffff
7fffffff
7fffffff
7fffffff
7fffffff
7fffffff
7fffffff
7fffffff
7fffffff
7fffffff
7fffffff
7fffffff
7fffffff
7fffffff
7fffffff
7fffffff
7fffffff
7fffffff
7fffffff
7fffffff
7fffffff
7fffffff
7fffffff
7fffffff
7fffffff
7fffffff
7fffffff
7fffffff
7fffffff
7fffffff
7fffffff
7fffffff
7fffffff
7fffffff
7fffffff
7fffffff
7fffffff
7fffffff
7fffffff
7fffffff
7fffffff
7fffffff
7fffffff
7fffffff
7fffffff
7fffffff
7fffffff
7fffffff
7fffffff
7fffffff
7fffffff
7fffffff
7fffffff
7fffffff
7fffffff
7fffffff
7fffffff
7fffffff
7fffffff
7fffffff
7fffffff
7fffffff
7fffffff
7fffffff
7fffffff
7fffffff
7fffffff
7fffffff
7fffffff
7fffffff
7fffffff
7fffffff
7fffffff
7fffffff
7fffffff
7fffffff
7fffffff
7fffffff
7fffffff
7fffffff
7fffffff
7fffffff
7fffffff
7fffffff
7fffffff
7fffffff
7fffffff
7fffffff
7fffffff
7fffffff
7fffffff
7fffffff
7fffffff
7fffffff
7fffffff
7fffffff
7fffffff
7fffffff
7fffffff
7fffffff
7fffffff
7fffffff
7fffffff
7fffffff
7fffffff
7fffffff
7fffffff
7fffffff
7fffffff
7fffffff
7fffffff
7fffffff
7fffffff
7fffffff
7fffffff
7fffffff
7fffffff
7fffffff
7fffffff
7fffffff
7fffffff
7fffffff
7fffffff
7fffffff
7fffffff
7fffffff
7fffffff
7fffffff
7fffffff
7fffffff
7fffffff
7fffffff
7fffffff
7fffffff
7fffffff
7fffffff
7fffffff
7fffffff
7fffffff
7fffffff
7fffffff
7fffffff
7fffffff
7fffffff
7fffffff
7fffffff
7fffffff
7fffffff
7fffffff
7fffffff
7fffffff
7fffffff
7fffffff
7fffffff
7fffffff
7fffffff
7fffffff
7fffffff
7fffffff
7fffffff
7fffffff
7fffffff
7fffffff
7fffffff
7fffffff
7fffffff
7fffffff
7fffffff
7fffffff
7fffffff
7fffffff
7fffffff
7fffffff
7fffffff
7fffffff
7fffffff
7fffffff
7fffffff
7fffffff
7fffffff
7fffffff
7fffffff
7fffffff
7fffffff
7fffffff
7fffffff
7fffffff
7fffffff
7fffffff
7fffffff
7fffffff
7fffffff
7fffffff
7fffffff
7fffffff
7fffffff
7fffffff
7fffffff
7fffffff
7fffffff
7fffffff
7fffffff
7fffffff
7fffffff
7fffffff
7fffffff
7fffffff
7fffffff
7fffffff
7fffffff
7fffffff
7fffffff
7fffffff
7fffffff
7fffffff
7fffffff
7fffffff
7fffffff
7fffffff
7fffffff
7fffffff
7fffffff
7fffffff
7fffffff
7fffffff
7fffffff
7fffffff
7fffffff
7fffffff
7fffffff
7fffffff
7fffffff
7fffffff
7fffffff
7fffffff
7fffffff
7fffffff
7fffffff
7fffffff
7fffffff
7fffffff
7fffffff
7fffffff
7fffffff
7fffffff
7fffffff
7fffffff
7fffffff
7fffffff
7fffffff
7fffffff
7fffffff
7fffffff
7fffffff
7fffffff
7fffffff
7fffffff
7fffffff
7fffffff
7fffffff
7fffffff
7fffffff
7fffffff
7fffffff
7fffffff
7fffffff
7fffffff
7fffffff
7fffffff
7fffffff
7fffffff
7fffffff
7fffffff
7fffffff
7fffffff
7fffffff
7fffffff
7fffffff
7fffffff
7fffffff
7fffffff
7fffffff
7fffffff
7fffffff
7fffffff
7fffffff
7fffffff
7fffffff
7fffffff
7fffffff
7fffffff
7fffffff
7fffffff
7fffffff
7fffffff
7fffffff
7fffffff
7fffffff
7fffffff
7fffffff
7fffffff
7fffffff
7fffffff
7fffffff
7fffffff
7fffffff
7fffffff
7fffffff
7fffffff
7fffffff
7fffffff
7fffffff
7fffffff
7fffffff
7fffffff
7fffffff
7fffffff
7fffffff
7fffffff
7fffffff
7fffffff
7fffffff
7fffffff
7fffffff
7fffffff
7fffffff
7fffffff
7fffffff
7fffffff
7fffffff
7fffffff
7fffffff
7fffffff
7fffffff
7fffffff
7fffffff
7fffffff
7fffffff
7fffffff
7fffffff
7fffffff
7fffffff
7fffffff
7fffffff
7fffffff
7fffffff
7fffffff
7fffffff
7fffffff
7fffffff
7fffffff
7fffffff
7fffffff
7fffffff
7fffffff
7fffffff
7fffffff
7fffffff
7fffffff
7fffffff
7fffffff
7fffffff
7fffffff
7fffffff
7fffffff
7fffffff
7fffffff
7fffffff
7fffffff
7fffffff
7fffffff
7fffffff
7fffffff
7fffffff
7fffffff
7fffffff
7fffffff
7fffffff
7fffffff
7fffffff
7fffffff
7fffffff
7fffffff
7fffffff
7fffffff
7fffffff
7fffffff
7fffffff
7fffffff
7fffffff
7fffffff
7fffffff
7fffffff
7fffffff
7fffffff
7fffffff
7fffffff
7fffffff
7fffffff
7fffffff
7fffffff
7fffffff
7fffffff
7fffffff
7fffffff
7fffffff
7fffffff
7fffffff
7fffffff
7fffffff
7fffffff
7fffffff
7fffffff
7fffffff
7fffffff
7fffffff
7fffffff
7fffffff
7fffffff
7fffffff
7fffffff
7fffffff
7fffffff
7fffffff
7fffffff
7fffffff
7fffffff
7fffffff
7fffffff
7fffffff
7fffffff
7fffffff
7fffffff
7fffffff
7fffffff
7fffffff
7fffffff
7fffffff
7fffffff
7fffffff
7fffffff
7fffffff
7fffffff
7fffffff
7fffffff
7fffffff
7fffffff
7fffffff
7fffffff
7fffffff
7fffffff
7fffffff
7fffffff
7fffffff
7fffffff
7fffffff
7fffffff
7fffffff
7fffffff
7fffffff
7fffffff
7fffffff
7fffffff
7fffffff
7fffffff
7fffffff
7fffffff
7fffffff
7fffffff
7fffffff
7fffffff
7fffffff
7fffffff
7fffffff
7fffffff
7fffffff
7fffffff
7fffffff
7fffffff
7fffffff
7fffffff
7fffffff
7fffffff
7fffffff
7fffffff
7fffffff
7fffffff
7fffffff
7fffffff
7fffffff
7fffffff
7fffffff
7fffffff
7fffffff
7fffffff
7fffffff
7fffffff
7fffffff
7fffffff
7fffffff
7fffffff
7fffffff
7fffffff
7fffffff
7fffffff
7fffffff
7fffffff
7fffffff
7fffffff
7fffffff
7fffffff
7fffffff
7fffffff
7fffffff
7fffffff
7fffffff
7fffffff
7fffffff
7fffffff
7fffffff
7fffffff
7fffffff
7fffffff
7fffffff
7fffffff
7fffffff
7fffffff
7fffffff
7fffffff
7fffffff
7fffffff
7fffffff
7fffffff
7fffffff
7fffffff
7fffffff
7fffffff
7fffffff
7fffffff
7fffffff
7fffffff
7fffffff
7fffffff
7fffffff
7fffffff
7fffffff
7fffffff
7fffffff
7fffffff
7fffffff
7fffffff
7fffffff
7fffffff
7fffffff
7fffffff
7fffffff
7fffffff
7fffffff
7fffffff
7fffffff
7fffffff
7fffffff
7fffffff
7fffffff
7fffffff
7fffffff
7fffffff
7fffffff
7fffffff
7fffffff
7fffffff
7fffffff
7fffffff
7fffffff
7fffffff
7fffffff
7fffffff
7fffffff
7fffffff
7fffffff
7fffffff
7fffffff
7fffffff
7fffffff
7fffffff
7fffffff
7fffffff
7fffffff
7fffffff
7fffffff
7fffffff
7fffffff
7fffffff
7fffffff
7fffffff
7fffffff
7fffffff
7fffffff
7fffffff
7fffffff
7fffffff
7fffffff
7fffffff
7fffffff
7fffffff
7fffffff
7fffffff
7fffffff
7fffffff
7fffffff
7fffffff
7fffffff
7fffffff
7fffffff
7fffffff
7fffffff
7fffffff
7fffffff
7fffffff
7fffffff
7fffffff
7fffffff
7fffffff
7fffffff
7fffffff
7fffffff
7fffffff
7fffffff
7fffffff
7fffffff
7fffffff
7fffffff
7fffffff
7fffffff
7fffffff
7fffffff
7fffffff
7fffffff
7fffffff
7fffffff
7fffffff
7fffffff
7fffffff
7fffffff
7fffffff
7fffffff
7fffffff
7fffffff
7fffffff
7fffffff
7fffffff
7fffffff
7fffffff
7fffffff
7fffffff
7fffffff
7fffffff
7fffffff
7fffffff
7fffffff
7fffffff
7fffffff
7fffffff
7fffffff
7fffffff
7fffffff
7fffffff
7fffffff
7fffffff
7fffffff
7fffffff
7fffffff
7fffffff
7fffffff
7fffffff
7fffffff
7fffffff
7fffffff
7fffffff
7fffffff
7fffffff
7fffffff
7fffffff
7fffffff
7fffffff
7fffffff
7fffffff
7fffffff
7fffffff
7fffffff
7fffffff
7fffffff
7fffffff
7fffffff
7fffffff
7fffffff
7fffffff
7fffffff
7fffffff
7fffffff
7fffffff
7fffffff
7fffffff
7fffffff
7fffffff
7fffffff
7fffffff
7fffffff
7fffffff
7fffffff
7fffffff
7fffffff
7fffffff
7fffffff
7fffffff
7fffffff
7fffffff
7fffffff
7fffffff
7fffffff
7fffffff
7fffffff
7fffffff
7fffffff
7fffffff
7fffffff
7fffffff
7fffffff
7fffffff
7fffffff
7fffffff
7fffffff
7fffffff
7fffffff
7fffffff
7fffffff
7fffffff
7fffffff
7fffffff
7fffffff
7fffffff
7fffffff
7fffffff
7fffffff
7fffffff
7fffffff
7fffffff
7fffffff
7fffffff
7fffffff
7fffffff
7fffffff
7fffffff
7fffffff
7fffffff
7fffffff
7fffffff
7fffffff
7fffffff
7fffffff
7fffffff
7fffffff
7fffffff
7fffffff
7fffffff
7fffffff
7fffffff
7fffffff
7fffffff
7fffffff
7fffffff
7fffffff
7fffffff
7fffffff
7fffffff
7fffffff
7fffffff
7fffffff
7fffffff
7fffffff
7fffffff
7fffffff
7fffffff
7fffffff
7fffffff
7fffffff
7fffffff
7fffffff
7fffffff
7fffffff
7fffffff
7fffffff
7fffffff
7fffffff
7fffffff
7fffffff
7fffffff
7fffffff
7fffffff
7fffffff
7fffffff
7fffffff
7fffffff
7fffffff
7fffffff
7fffffff
7fffffff
7fffffff
7fffffff
7fffffff
7fffffff
7fffffff
7fffffff
7fffffff
7fffffff
7fffffff
7fffffff
7fffffff
7fffffff
7fffffff
7fffffff
7fffffff
7fffffff
7fffffff
7fffffff
7fffffff
7fffffff
7fffffff
7fffffff
7fffffff
7fffffff
7fffffff
7fffffff
7fffffff
7fffffff
7fffffff
7fffffff
7fffffff
7fffffff
7fffffff
7fffffff
7fffffff
7fffffff
7fffffff
7fffffff
7fffffff
7fffffff
7fffffff
7fffffff
7fffffff
7fffffff
7fffffff
7fffffff
7fffffff
7fffffff
7fffffff
7fffffff
7fffffff
7fffffff
7fffffff
7fffffff
7fffffff
7fffffff
7fffffff
7fffffff
7fffffff
7fffffff
7fffffff
7fffffff
7fffffff
7fffffff
7fffffff
7fffffff
7fffffff
7fffffff
7fffffff
7fffffff
7fffffff
7fffffff
7fffffff
7fffffff
7fffffff
7fffffff
7fffffff
7fffffff
7fffffff
7fffffff
7fffffff
7fffffff
7fffffff
7fffffff
7fffffff
7fffffff
7fffffff
7fffffff
7fffffff
7fffffff
7fffffff
7fffffff
7fffffff
7fffffff
7fffffff
7fffffff
7fffffff
7fffffff
7fffffff
7fffffff
7fffffff
7fffffff
7fffffff
7fffffff
7fffffff
7fffffff
7fffffff
7fffffff
7fffffff
7fffffff
7fffffff
7fffffff
7fffffff
7fffffff
7fffffff
7fffffff
7fffffff
7fffffff
7fffffff
7fffffff
7fffffff
7fffffff
7fffffff
7fffffff
7fffffff
7fffffff
7fffffff
7fffffff
7fffffff
7fffffff
7fffffff
7fffffff
7fffffff
7fffffff
7fffffff
7fffffff
7fffffff
7fffffff
7fffffff
7fffffff
7fffffff
7fffffff
7fffffff
7fffffff
7fffffff
7fffffff
7fffffff
7fffffff
7fffffff
7fffffff
7fffffff
7fffffff
7fffffff
7fffffff
7fffffff
7fffffff
7fffffff
7fffffff
7fffffff
7fffffff
7fffffff
7fffffff
7fffffff
7fffffff
7fffffff
7fffffff
7fffffff
7fffffff
7fffffff
7fffffff
7fffffff
7fffffff
7fffffff
7fffffff
7fffffff
7fffffff
7fffffff
7fffffff
7fffffff
7fffffff
7fffffff
7fffffff
7fffffff
7fffffff
7fffffff
7fffffff
7fffffff
7fffffff
7fffffff
7fffffff
7fffffff
7fffffff
7fffffff
7fffffff
7fffffff
7fffffff
7fffffff
7fffffff
7fffffff
7fffffff
7fffffff
7fffffff
7fffffff
7fffffff
7fffffff
7fffffff
7fffffff
7fffffff
7fffffff
7fffffff
7fffffff
7fffffff
7fffffff
7fffffff
7fffffff
7fffffff
7fffffff
7fffffff
7fffffff
7fffffff
7fffffff
7fffffff
7fffffff
7fffffff
7fffffff
7fffffff
7fffffff
7fffffff
7fffffff
7fffffff
7fffffff
7fffffff
7fffffff
7fffffff
7fffffff
7fffffff
7fffffff
7fffffff
7fffffff
7fffffff
7fffffff
7fffffff
7fffffff
7fffffff
7fffffff
7fffffff
7fffffff
7fffffff
7fffffff
7fffffff
7fffffff
7fffffff
7fffffff
7fffffff
7fffffff
7fffffff
7fffffff
7fffffff
7fffffff
7fffffff
7fffffff
7fffffff
7fffffff
7fffffff
7fffffff
7fffffff
7fffffff
7fffffff
7fffffff
7fffffff
7fffffff
7fffffff
7fffffff
7fffffff
7fffffff
7fffffff
7fffffff
7fffffff
7fffffff
7fffffff
7fffffff
7fffffff
7fffffff
7fffffff
7fffffff
7fffffff
7fffffff
7fffffff
7fffffff
7fffffff
7fffffff
7fffffff
7fffffff
7fffffff
7fffffff
7fffffff
7fffffff
7fffffff
7fffffff
7fffffff
7fffffff
7fffffff
7fffffff
7fffffff
7fffffff
7fffffff
7fffffff
7fffffff
7fffffff
7fffffff
7fffffff
7fffffff
7fffffff
7fffffff
7fffffff
7fffffff
7fffffff
7fffffff
7fffffff
7fffffff
7fffffff
7fffffff
7fffffff
7fffffff
7fffffff
7fffffff
7fffffff
7fffffff
7fffffff
7fffffff
7fffffff
7fffffff
7fffffff
7fffffff
7fffffff
7fffffff
7fffffff
7fffffff
7fffffff
7fffffff
7fffffff
7fffffff
7fffffff
7fffffff
7fffffff
7fffffff
7fffffff
7fffffff
7fffffff
7fffffff
7fffffff
7fffffff
7fffffff
7fffffff
7fffffff
7fffffff
7fffffff
7fffffff
7fffffff
7fffffff
7fffffff
7fffffff
7fffffff
7fffffff
7fffffff
7fffffff
7fffffff
7fffffff
7fffffff
7fffffff
7fffffff
7fffffff
7fffffff
7fffffff
7fffffff
7fffffff
7fffffff
7fffffff
7fffffff
7fffffff
7fffffff
7fffffff
7fffffff
7fffffff
7fffffff
7fffffff
7fffffff
7fffffff
7fffffff
7fffffff
7fffffff
7fffffff
7fffffff
7fffffff
7fffffff
7fffffff
7fffffff
7fffffff
7fffffff
7fffffff
7fffffff
7fffffff
7fffffff
7fffffff
7fffffff
7fffffff
7fffffff
7fffffff
7fffffff
7fffffff
7fffffff
7fffffff
7fffffff
7fffffff
7fffffff
7fffffff
7fffffff
7fffffff
7fffffff
7fffffff
7fffffff
7fffffff
7fffffff
7fffffff
7fffffff
7fffffff
7fffffff
7fffffff
7fffffff
7fffffff
7fffffff
7fffffff
7fffffff
7fffffff
7fffffff
7fffffff
7fffffff
7fffffff
7fffffff
7fffffff
7fffffff
7fffffff
7fffffff
7fffffff
7fffffff
7fffffff
7fffffff
7fffffff
7fffffff
7fffffff
7fffffff
7fffffff
7fffffff
7fffffff
7fffffff
7fffffff
7fffffff
7fffffff
7fffffff
7fffffff
7fffffff
7fffffff
7fffffff
7fffffff
7fffffff
7fffffff
7fffffff
7fffffff
7fffffff
7fffffff
7fffffff
7fffffff
7fffffff
7fffffff
7fffffff
7fffffff
7fffffff
7fffffff
7fffffff
7fffffff
7fffffff
7fffffff
7fffffff
7fffffff
7fffffff
7fffffff
7fffffff
7fffffff
7fffffff
7fffffff
7fffffff
7fffffff
7fffffff
7fffffff
7fffffff
7fffffff
7fffffff
7fffffff
7fffffff
7fffffff
7fffffff
7fffffff
7fffffff
7fffffff
7fffffff
7fffffff
7fffffff
7fffffff
7fffffff
7fffffff
7fffffff
7fffffff
7fffffff
7fffffff
7fffffff
7fffffff
7fffffff
7fffffff
7fffffff
7fffffff
7fffffff
7fffffff
7fffffff
7fffffff
7fffffff
7fffffff
7fffffff
7fffffff
7fffffff
7fffffff
7fffffff
7fffffff
7fffffff
7fffffff
7fffffff
7fffffff
7fffffff
7fffffff
7fffffff
7fffffff
7fffffff
7fffffff
7fffffff
7fffffff
7fffffff
7fffffff
7fffffff
7fffffff
7fffffff
7fffffff
7fffffff
7fffffff
7fffffff
7fffffff
7fffffff
7fffffff
7fffffff
7fffffff
7fffffff
7fffffff
7fffffff
7fffffff
7fffffff
7fffffff
7fffffff
7fffffff
7fffffff
7fffffff
7fffffff
7fffffff
7fffffff
7fffffff
7fffffff
7fffffff
7fffffff
7fffffff
7fffffff
7fffffff
7fffffff
7fffffff
7fffffff
7fffffff
7fffffff
7fffffff
7fffffff
7fffffff
7fffffff
7fffffff
7fffffff
7fffffff
7fffffff
7fffffff
7fffffff
7fffffff
7fffffff
7fffffff
7fffffff
7fffffff
7fffffff
7fffffff
7fffffff
7fffffff
7fffffff
7fffffff
7fffffff
7fffffff
7fffffff
7fffffff
7fffffff
7fffffff
7fffffff
7fffffff
7fffffff
7fffffff
7fffffff
7fffffff
7fffffff
7fffffff
7fffffff
7fffffff
7fffffff
7fffffff
7fffffff
7fffffff
7fffffff
7fffffff
7fffffff
7fffffff
7fffffff
7fffffff
7fffffff
7fffffff
7fffffff
7fffffff
7fffffff
7fffffff
7fffffff
7fffffff
7fffffff
7fffffff
7fffffff
7fffffff
7fffffff
7fffffff
7fffffff
7fffffff
7fffffff
7fffffff
7fffffff
7fffffff
7fffffff
7fffffff
7fffffff
7fffffff
7fffffff
7fffffff
7fffffff
7fffffff
7fffffff
7fffffff
7fffffff
7fffffff
7fffffff
7fffffff
7fffffff
7fffffff
7fffffff
7fffffff
7fffffff
7fffffff
7fffffff
7fffffff
7fffffff
7fffffff
7fffffff
7fffffff
7fffffff
7fffffff
7fffffff
7fffffff
7fffffff
7fffffff
7fffffff
7fffffff
7fffffff
7fffffff
7fffffff
7fffffff
7fffffff
7fffffff
7fffffff
7fffffff
7fffffff
7fffffff
7fffffff
7fffffff
7fffffff
7fffffff
7fffffff
7fffffff
7fffffff
7fffffff
7fffffff
7fffffff
7fffffff
7fffffff
7fffffff
7fffffff
7fffffff
7fffffff
7fffffff
7fffffff
7fffffff
7fffffff
7fffffff
7fffffff
7fffffff
7fffffff
7fffffff
7fffffff
7fffffff
7fffffff
7fffffff
7fffffff
7fffffff
7fffffff
7fffffff
7fffffff
7fffffff
7fffffff
7fffffff
7fffffff
7fffffff
7fffffff
7fffffff
7fffffff
7fffffff
7fffffff
7fffffff
7fffffff
7fffffff
7fffffff
7fffffff
7fffffff
7fffffff
7fffffff
7fffffff
7fffffff
7fffffff
7fffffff
7fffffff
7fffffff
7fffffff
7fffffff
7fffffff
7fffffff
7fffffff
7fffffff
7fffffff
7fffffff
7fffffff
7fffffff
7fffffff
7fffffff
7fffffff
7fffffff
7fffffff
7fffffff
7fffffff
7fffffff
7fffffff
7fffffff
7fffffff
7fffffff
7fffffff
7fffffff
7fffffff
7fffffff
7fffffff
7fffffff
7fffffff
7fffffff
7fffffff
7fffffff
7fffffff
7fffffff
7fffffff
7fffffff
7fffffff
7fffffff
7fffffff
7fffffff
7fffffff
7fffffff
7fffffff
7fffffff
7fffffff
7fffffff
7fffffff
7fffffff
7fffffff
7fffffff
7fffffff
7fffffff
7fffffff
7fffffff
7fffffff
7fffffff
7fffffff
7fffffff
7fffffff
7fffffff
7fffffff
7fffffff
7fffffff
7fffffff
7fffffff
7fffffff
7fffffff
7fffffff
7fffffff
7fffffff
7fffffff
7fffffff
7fffffff
7fffffff
7fffffff
7fffffff
7fffffff
7fffffff
7fffffff
7fffffff
7fffffff
7fffffff
7fffffff
7fffffff
7fffffff
7fffffff
7fffffff
7fffffff
7fffffff
7fffffff
7fffffff
7fffffff
7fffffff
7fffffff
7fffffff
7fffffff
7fffffff
7fffffff
7fffffff
7fffffff
7fffffff
7fffffff
7fffffff
7fffffff
7fffffff
7fffffff
7fffffff
7fffffff
7fffffff
7fffffff
7fffffff
7fffffff
7fffffff
7fffffff
7fffffff
7fffffff
7fffffff
7fffffff
7fffffff
7fffffff
7fffffff
7fffffff
7fffffff
7fffffff
7fffffff
7fffffff
7fffffff
7fffffff
7fffffff
7fffffff
7fffffff
7fffffff
7fffffff
7fffffff
7fffffff
7fffffff
7fffffff
7fffffff
7fffffff
7fffffff
7fffffff
7fffffff
7fffffff
7fffffff
7fffffff
7fffffff
7fffffff
7fffffff
7fffffff
7fffffff
7fffffff
7fffffff
7fffffff
7fffffff
7fffffff
7fffffff
7fffffff
7fffffff
7fffffff
7fffffff
7fffffff
7fffffff
7fffffff
7fffffff
7fffffff
7fffffff
7fffffff
7fffffff
7fffffff
7fffffff
7fffffff
7fffffff
7fffffff
7fffffff
7fffffff
7fffffff
7fffffff
7fffffff
7fffffff
7fffffff
7fffffff
7fffffff
7fffffff
7fffffff
7fffffff
7fffffff
7fffffff
7fffffff
7fffffff
7fffffff
7fffffff
7fffffff
7fffffff
7fffffff
7fffffff
7fffffff
7fffffff
7fffffff
7fffffff
7fffffff
7fffffff
7fffffff
7fffffff
7fffffff
7fffffff
7fffffff
7fffffff
7fffffff
7fffffff
7fffffff
7fffffff
7fffffff
7fffffff
7fffffff
7fffffff
7fffffff
7fffffff
7fffffff
7fffffff
7fffffff
7fffffff
7fffffff
7fffffff
7fffffff
7fffffff
7fffffff
7fffffff
7fffffff
7fffffff
7fffffff
7fffffff
7fffffff
7fffffff
7fffffff
7fffffff
7fffffff
7fffffff
7fffffff
7fffffff
7fffffff
7fffffff
7fffffff
7fffffff
7fffffff
7fffffff
7fffffff
7fffffff
7fffffff
7fffffff
7fffffff
7fffffff
7fffffff
7fffffff
7fffffff
7fffffff
7fffffff
7fffffff
7fffffff
7fffffff
7fffffff
7fffffff
7fffffff
7fffffff
7fffffff
7fffffff
7fffffff
7fffffff
7fffffff
7fffffff
7fffffff
7fffffff
7fffffff
7fffffff
7fffffff
7fffffff
7fffffff
7fffffff
7fffffff
7fffffff
7fffffff
7fffffff
7fffffff
7fffffff
7fffffff
7fffffff
7fffffff
7fffffff
7fffffff
7fffffff
7fffffff
7fffffff
7fffffff
7fffffff
7fffffff
7fffffff
7fffffff
7fffffff
7fffffff
7fffffff
7fffffff
7fffffff
7fffffff
7fffffff
7fffffff
7fffffff
7fffffff
7fffffff
7fffffff
7fffffff
7fffffff
7fffffff
7fffffff
7fffffff
7fffffff
7fffffff
7fffffff
7fffffff
7fffffff
7fffffff
7fffffff
7fffffff
7fffffff
7fffffff
7fffffff
7fffffff
7fffffff
7fffffff
7fffffff
7fffffff
7fffffff
7fffffff
7fffffff
7fffffff
7fffffff
7fffffff
7fffffff
7fffffff
7fffffff
7fffffff
7fffffff
7fffffff
7fffffff
7fffffff
7fffffff
7fffffff
7fffffff
7fffffff
7fffffff
7fffffff
7fffffff
7fffffff
7fffffff
7fffffff
7fffffff
7fffffff
7fffffff
7fffffff
7fffffff
7fffffff
7fffffff
7fffffff
7fffffff
7fffffff
7fffffff
7fffffff
7fffffff
7fffffff
7fffffff
7fffffff
7fffffff
7fffffff
7fffffff
7fffffff
7fffffff
7fffffff
7fffffff
7fffffff
7fffffff
7fffffff
7fffffff
7fffffff
7fffffff
7fffffff
7fffffff
7fffffff
7fffffff
7fffffff
7fffffff
7fffffff
7fffffff
7fffffff
7fffffff
7fffffff
7fffffff
7fffffff
7fffffff
7fffffff
7fffffff
7fffffff
7fffffff
7fffffff
7fffffff
7fffffff
7fffffff
7fffffff
7fffffff
7fffffff
7fffffff
7fffffff
7fffffff
7fffffff
7fffffff
7fffffff
7fffffff
7fffffff
7fffffff
7fffffff
7fffffff
7fffffff
7fffffff
7fffffff
7fffffff
7fffffff
7fffffff
7fffffff
7fffffff
7fffffff
7fffffff
7fffffff
7fffffff
7fffffff
7fffffff
7fffffff
7fffffff
7fffffff
7fffffff
7fffffff
7fffffff
7fffffff
7fffffff
7fffffff
7fffffff
7fffffff
7fffffff
7fffffff
7fffffff
7fffffff
7fffffff
7fffffff
7fffffff
7fffffff
7fffffff
7fffffff
7fffffff
7fffffff
7fffffff
7fffffff
7fffffff
7fffffff
7fffffff
7fffffff
7fffffff
7fffffff
7fffffff
7fffffff
7fffffff
7fffffff
7fffffff
7fffffff
7fffffff
7fffffff
7fffffff
7fffffff
7fffffff
7fffffff
7fffffff
7fffffff
7fffffff
7fffffff
7fffffff
7fffffff
7fffffff
7fffffff
7fffffff
7fffffff
7fffffff
7fffffff
7fffffff
7fffffff
7fffffff
7fffffff
7fffffff
7fffffff
7fffffff
7fffffff
7fffffff
7fffffff
7fffffff
7fffffff
7fffffff
7fffffff
7fffffff
7fffffff
7fffffff
7fffffff
7fffffff
7fffffff
7fffffff
7fffffff
7fffffff
7fffffff
7fffffff
7fffffff
7fffffff
7fffffff
7fffffff
7fffffff
7fffffff
7fffffff
7fffffff
7fffffff
7fffffff
7fffffff
7fffffff
7fffffff
7fffffff
7fffffff
7fffffff
7fffffff
7fffffff
7fffffff
7fffffff
7fffffff
7fffffff
7fffffff
7fffffff
7fffffff
7fffffff
7fffffff
7fffffff
7fffffff
7fffffff
7fffffff
7fffffff
7fffffff
7fffffff
7fffffff
7fffffff
7fffffff
7fffffff
7fffffff
7fffffff
7fffffff
7fffffff
7fffffff
7fffffff
7fffffff
7fffffff
7fffffff
7fffffff
7fffffff
7fffffff
7fffffff
7fffffff
7fffffff
7fffffff
7fffffff
7fffffff
7fffffff
7fffffff
7fffffff
7fffffff
7fffffff
7fffffff
7fffffff
7fffffff
7fffffff
7fffffff
7fffffff
7fffffff
7fffffff
7fffffff
7fffffff
7fffffff
7fffffff
7fffffff
7fffffff
7fffffff
7fffffff
7fffffff
7fffffff
7fffffff
7fffffff
7fffffff
7fffffff
7fffffff
7fffffff
7fffffff
7fffffff
7fffffff
7fffffff
7fffffff
7fffffff
7fffffff
7fffffff
7fffffff
7fffffff
7fffffff
7fffffff
7fffffff
7fffffff
7fffffff
7fffffff
7fffffff
7fffffff
7fffffff
7fffffff
7fffffff
7fffffff
7fffffff
7fffffff
7fffffff
7fffffff
7fffffff
7fffffff
7fffffff
7fffffff
7fffffff
7fffffff
7fffffff
7fffffff
7fffffff
7fffffff
7fffffff
7fffffff
7fffffff
7fffffff
7fffffff
7fffffff
7fffffff
7fffffff
7fffffff
7fffffff
7fffffff
7fffffff
7fffffff
7fffffff
7fffffff
7fffffff
7fffffff
7fffffff
7fffffff
7fffffff
7fffffff
7fffffff
7fffffff
7fffffff
7fffffff
7fffffff
7fffffff
7fffffff
7fffffff
7fffffff
7fffffff
7fffffff
7fffffff
7fffffff
7fffffff
7fffffff
7fffffff
7fffffff
7fffffff
7fffffff
7fffffff
7fffffff
7fffffff
7fffffff
7fffffff
7fffffff
7fffffff
7fffffff
7fffffff
7fffffff
7fffffff
7fffffff
7fffffff
7fffffff
7fffffff
7fffffff
7fffffff
7fffffff
7fffffff
7fffffff
7fffffff
7fffffff
7fffffff
7fffffff
7fffffff
7fffffff
7fffffff
7fffffff
7fffffff
7fffffff
7fffffff
7fffffff
7fffffff
7fffffff
7fffffff
7fffffff
7fffffff
7fffffff
7fffffff
7fffffff
7fffffff
7fffffff
7fffffff
7fffffff
7fffffff
7fffffff
7fffffff
7fffffff
7fffffff
7fffffff
7fffffff
7fffffff
7fffffff
7fffffff
7fffffff
7fffffff
7fffffff
7fffffff
7fffffff
7fffffff
7fffffff
7fffffff
7fffffff
7fffffff
7fffffff
7fffffff
7fffffff
7fffffff
7fffffff
7fffffff
7fffffff
7fffffff
7fffffff
7fffffff
7fffffff
7fffffff
7fffffff
7fffffff
7fffffff
7fffffff
7fffffff
7fffffff
7fffffff
7fffffff
7fffffff
7fffffff
7fffffff
7fffffff
7fffffff
7fffffff
7fffffff
7fffffff
7fffffff
7fffffff
7fffffff
7fffffff
7fffffff
7fffffff
7fffffff
7fffffff
7fffffff
7fffffff
7fffffff
7fffffff
7fffffff
7fffffff
7fffffff
7fffffff
7fffffff
7fffffff
7fffffff
7fffffff
7fffffff
7fffffff
7fffffff
7fffffff
7fffffff
7fffffff
7fffffff
7fffffff
7fffffff
7fffffff
7fffffff
7fffffff
7fffffff
7fffffff
7fffffff
7fffffff
7fffffff
7fffffff
7fffffff
7fffffff
7fffffff
7fffffff
7fffffff
7fffffff
7fffffff
7fffffff
7fffffff
7fffffff
7fffffff
7fffffff
7fffffff
7fffffff
7fffffff
7fffffff
7fffffff
7fffffff
7fffffff
7fffffff
7fffffff
7fffffff
7fffffff
7fffffff
7fffffff
7fffffff
7fffffff
7fffffff
7fffffff
7fffffff
7fffffff
7fffffff
7fffffff
7fffffff
7fffffff
7fffffff
7fffffff
7fffffff
7fffffff
7fffffff
7fffffff
7fffffff
7fffffff
7fffffff
7fffffff
7fffffff
7fffffff
7fffffff
7fffffff
7fffffff
7fffffff
7fffffff
7fffffff
7fffffff
7fffffff
7fffffff
7fffffff
7fffffff
7fffffff
7fffffff
7fffffff
7fffffff
7fffffff
7fffffff
7fffffff
7fffffff
7fffffff
7fffffff
7fffffff
7fffffff
7fffffff
7fffffff
7fffffff
7fffffff
7fffffff
7fffffff
7fffffff
7fffffff
7fffffff
7fffffff
7fffffff
7fffffff
7fffffff
7fffffff
7fffffff
7fffffff
7fffffff
7fffffff
7fffffff
7fffffff
7fffffff
7fffffff
7fffffff
7fffffff
7fffffff
7fffffff
7fffffff
7fffffff
7fffffff
7fffffff
7fffffff
7fffffff
7fffffff
7fffffff
7fffffff
7fffffff
7fffffff
7fffffff
7fffffff
7fffffff
7fffffff
7fffffff
7fffffff
7fffffff
7fffffff
7fffffff
7fffffff
7fffffff
7fffffff
7fffffff
7fffffff
7fffffff
7fffffff
7fffffff
7fffffff
7fffffff
7fffffff
7fffffff
7fffffff
7fffffff
7fffffff
7fffffff
7fffffff
7fffffff
7fffffff
7fffffff
7fffffff
7fffffff
7fffffff
7fffffff
7fffffff
7fffffff
7fffffff
7fffffff
7fffffff
7fffffff
7fffffff
7fffffff
7fffffff
7fffffff
7fffffff
7fffffff
7fffffff
7fffffff
7fffffff
7fffffff
7fffffff
7fffffff
7fffffff
7fffffff
7fffffff
7fffffff
7fffffff
7fffffff
7fffffff
7fffffff
7fffffff
7fffffff
7fffffff
7fffffff
7fffffff
7fffffff
7fffffff
7fffffff
7fffffff
7fffffff
7fffffff
7fffffff
7fffffff
7fffffff
7fffffff
7fffffff
7fffffff
7fffffff
7fffffff
7fffffff
7fffffff
7fffffff
7fffffff
7fffffff
7fffffff
7fffffff
7fffffff
7fffffff
7fffffff
7fffffff
7fffffff
7fffffff
7fffffff
7fffffff
7fffffff
7fffffff
7fffffff
7fffffff
7fffffff
7fffffff
7fffffff
7fffffff
7fffffff
7fffffff
7fffffff
7fffffff
7fffffff
7fffffff
7fffffff
7fffffff
7fffffff
7fffffff
7fffffff
7fffffff
7fffffff
7fffffff
7fffffff
7fffffff
7fffffff
7fffffff
7fffffff
7fffffff
7fffffff
7fffffff
7fffffff
7fffffff
7fffffff
7fffffff
7fffffff
7fffffff
7fffffff
7fffffff
7fffffff
7fffffff
7fffffff
7fffffff
7fffffff
7fffffff
7fffffff
7fffffff
7fffffff
7fffffff
7fffffff
7fffffff
7fffffff
7fffffff
7fffffff
7fffffff
7fffffff
7fffffff
7fffffff
7fffffff
7fffffff
7fffffff
7fffffff
7fffffff
7fffffff
7fffffff
7fffffff
7fffffff
7fffffff
7fffffff
7fffffff
7fffffff
7fffffff
7fffffff
7fffffff
7fffffff
7fffffff
7fffffff
7fffffff
7fffffff
7fffffff
7fffffff
7fffffff
7fffffff
7fffffff
7fffffff
7fffffff
7fffffff
7fffffff
7fffffff
7fffffff
7fffffff
7fffffff
7fffffff
7fffffff
7fffffff
7fffffff
7fffffff
7fffffff
7fffffff
7fffffff
7fffffff
7fffffff
7fffffff
7fffffff
7fffffff
7fffffff
7fffffff
7fffffff
7fffffff
7fffffff
7fffffff
7fffffff
7fffffff
7fffffff
7fffffff
7fffffff
7fffffff
7fffffff
7fffffff
7fffffff
7fffffff
7fffffff
7fffffff
7fffffff
7fffffff
7fffffff
7fffffff
7fffffff
7fffffff
7fffffff
7fffffff
7fffffff
7fffffff
7fffffff
7fffffff
7fffffff
7fffffff
7fffffff
7fffffff
7fffffff
7fffffff
7fffffff
7fffffff
7fffffff
7fffffff
7fffffff
7fffffff
7fffffff
7fffffff
7fffffff
7fffffff
7fffffff
7fffffff
7fffffff
7fffffff
7fffffff
7fffffff
7fffffff
7fffffff
7fffffff
7fffffff
7fffffff
7fffffff
7fffffff
7fffffff
7fffffff
7fffffff
7fffffff
7fffffff
7fffffff
7fffffff
7fffffff
7fffffff
7fffffff
7fffffff
7fffffff
7fffffff
7fffffff
7fffffff
7fffffff
7fffffff
7fffffff
7fffffff
7fffffff
7fffffff
7fffffff
7fffffff
7fffffff
7fffffff
7fffffff
7fffffff
7fffffff
7fffffff
7fffffff
7fffffff
7fffffff
7fffffff
7fffffff
7fffffff
7fffffff
7fffffff
7fffffff
7fffffff
7fffffff
7fffffff
7fffffff
7fffffff
7fffffff
7fffffff
7fffffff
7fffffff
7fffffff
7fffffff
7fffffff
7fffffff
7fffffff
7fffffff
7fffffff
7fffffff
7fffffff
7fffffff
7fffffff
7fffffff
7fffffff
7fffffff
7fffffff
7fffffff
7fffffff
7fffffff
7fffffff
7fffffff
7fffffff
7fffffff
7fffffff
7fffffff
7fffffff
7fffffff
7fffffff
7fffffff
7fffffff
7fffffff
7fffffff
7fffffff
7fffffff
7fffffff
7fffffff
7fffffff
7fffffff
7fffffff
7fffffff
7fffffff
7fffffff
7fffffff
7fffffff
7fffffff
7fffffff
7fffffff
7fffffff
7fffffff
7fffffff
7fffffff
7fffffff
7fffffff
7fffffff
7fffffff
7fffffff
7fffffff
7fffffff
7fffffff
7fffffff
7fffffff
7fffffff
7fffffff
7fffffff
7fffffff
7fffffff
7fffffff
7fffffff
7fffffff
7fffffff
7fffffff
7fffffff
7fffffff
7fffffff
7fffffff
7fffffff
7fffffff
7fffffff
7fffffff
7fffffff
7fffffff
7fffffff
7fffffff
7fffffff
7fffffff
7fffffff
7fffffff
7fffffff
7fffffff
7fffffff
7fffffff
7fffffff
7fffffff
7fffffff
7fffffff
7fffffff
7fffffff
7fffffff
7fffffff
7fffffff
7fffffff
7fffffff
7fffffff
7fffffff
7fffffff
7fffffff
7fffffff
7fffffff
7fffffff
7fffffff
7fffffff
7fffffff
7fffffff
7fffffff
7fffffff
7fffffff
7fffffff
7fffffff
7fffffff
7fffffff
7fffffff
7fffffff
7fffffff
7fffffff
7fffffff
7fffffff
7fffffff
7fffffff
7fffffff
7fffffff
7fffffff
7fffffff
7fffffff
7fffffff
7fffffff
7fffffff
7fffffff
7fffffff
7fffffff
7fffffff
7fffffff
7fffffff
7fffffff
7fffffff
7fffffff
7fffffff
7fffffff
7fffffff
7fffffff
7fffffff
7fffffff
7fffffff
7fffffff
7fffffff
7fffffff
7fffffff
7fffffff
7fffffff
7fffffff
7fffffff
7fffffff
7fffffff
7fffffff
7fffffff
7fffffff
7fffffff
7fffffff
7fffffff
7fffffff
7fffffff
7fffffff
7fffffff
7fffffff
7fffffff
7fffffff
7fffffff
7fffffff
7fffffff
7fffffff
7fffffff
7fffffff
7fffffff
7fffffff
7fffffff
7fffffff
7fffffff
7fffffff
7fffffff
7fffffff
7fffffff
7fffffff
7fffffff
7fffffff
7fffffff
7fffffff
7fffffff
7fffffff
7fffffff
7fffffff
7fffffff
7fffffff
7fffffff
7fffffff
7fffffff
7fffffff
7fffffff
7fffffff
7fffffff
7fffffff
7fffffff
7fffffff
7fffffff
7fffffff
7fffffff
7fffffff
7fffffff
7fffffff
7fffffff
7fffffff
7fffffff
7fffffff
7fffffff
7fffffff
7fffffff
7fffffff
7fffffff
7fffffff
7fffffff
7fffffff
7fffffff
7fffffff
7fffffff
7fffffff
7fffffff
7fffffff
7fffffff
7fffffff
7fffffff
7fffffff
7fffffff
7fffffff
7fffffff
7fffffff
7fffffff
7fffffff
7fffffff
7fffffff
7fffffff
7fffffff
7fffffff
7fffffff
7fffffff
7fffffff
7fffffff
7fffffff
7fffffff
7fffffff
7fffffff
7fffffff
7fffffff
7fffffff
7fffffff
7fffffff
7fffffff
7fffffff
7fffffff
7fffffff
7fffffff
7fffffff
7fffffff
7fffffff
7fffffff
7fffffff
7fffffff
7fffffff
7fffffff
7fffffff
7fffffff
7fffffff
7fffffff
7fffffff
7fffffff
7fffffff
7fffffff
7fffffff
7fffffff
7fffffff
7fffffff
7fffffff
7fffffff
7fffffff
7fffffff
7fffffff
7fffffff
7fffffff
7fffffff
7fffffff
7fffffff
7fffffff
7fffffff
7fffffff
7fffffff
7fffffff
7fffffff
7fffffff
7fffffff
7fffffff
7fffffff
7fffffff
7fffffff
7fffffff
7fffffff
7fffffff
7fffffff
7fffffff
7fffffff
7fffffff
7fffffff
7fffffff
7fffffff
7fffffff
7fffffff
7fffffff
7fffffff
7fffffff
7fffffff
7fffffff
7fffffff
7fffffff
7fffffff
7fffffff
7fffffff
7fffffff
7fffffff
7fffffff
7fffffff
7fffffff
7fffffff
7fffffff
7fffffff
7fffffff
7fffffff
7fffffff
7fffffff
7fffffff
7fffffff
7fffffff
7fffffff
7fffffff
7fffffff
7fffffff
7fffffff
7fffffff
7fffffff
7fffffff
7fffffff
7fffffff
7fffffff
7fffffff
7fffffff
7fffffff
7fffffff
7fffffff
7fffffff
7fffffff
7fffffff
7fffffff
7fffffff
7fffffff
7fffffff
7fffffff
7fffffff
7fffffff
7fffffff
7fffffff
7fffffff
7fffffff
7fffffff
7fffffff
7fffffff
7fffffff
7fffffff
7fffffff
7fffffff
7fffffff
7fffffff
7fffffff
7fffffff
7fffffff
7fffffff
7fffffff
7fffffff
7fffffff
7fffffff
7fffffff
7fffffff
7fffffff
7fffffff
7fffffff
7fffffff
7fffffff
7fffffff
7fffffff
7fffffff
7fffffff
7fffffff
7fffffff
7fffffff
7fffffff
7fffffff
7fffffff
7fffffff
7fffffff
7fffffff
7fffffff
7fffffff
7fffffff
7fffffff
7fffffff
7fffffff
7fffffff
7fffffff
7fffffff
7fffffff
7fffffff
7fffffff
7fffffff
7fffffff
7fffffff
7fffffff
7fffffff
7fffffff
7fffffff
7fffffff
7fffffff
7fffffff
7fffffff
7fffffff
7fffffff
7fffffff
7fffffff
7fffffff
7fffffff
7fffffff
7fffffff
7fffffff
7fffffff
7fffffff
7fffffff
7fffffff
7fffffff
7fffffff
7fffffff
7fffffff
7fffffff
7fffffff
7fffffff
7fffffff
7fffffff
7fffffff
7fffffff
7fffffff
7fffffff
7fffffff
7fffffff
7fffffff
7fffffff
7fffffff
7fffffff
7fffffff
7fffffff
7fffffff
7fffffff
7fffffff
7fffffff
7fffffff
7fffffff
7fffffff
7fffffff
7fffffff
7fffffff
7fffffff
7fffffff
7fffffff
7fffffff
7fffffff
7fffffff
7fffffff
7fffffff
7fffffff
7fffffff
7fffffff
7fffffff
7fffffff
7fffffff
7fffffff
7fffffff
7fffffff
7fffffff
7fffffff
7fffffff
7fffffff
7fffffff
7fffffff
7fffffff
7fffffff
7fffffff
7fffffff
7fffffff
7fffffff
7fffffff
7fffffff
7fffffff
7fffffff
7fffffff
7fffffff
7fffffff
7fffffff
7fffffff
7fffffff
7fffffff
7fffffff
7fffffff
7fffffff
7fffffff
7fffffff
7fffffff
7fffffff
7fffffff
7fffffff
7fffffff
7fffffff
7fffffff
7fffffff
7fffffff
7fffffff
7fffffff
7fffffff
7fffffff
7fffffff
7fffffff
7fffffff
7fffffff
7fffffff
7fffffff
7fffffff
7fffffff
7fffffff
7fffffff
7fffffff
7fffffff
7fffffff
7fffffff
7fffffff
7fffffff
7fffffff
7fffffff
7fffffff
7fffffff
7fffffff
7fffffff
7fffffff
7fffffff
7fffffff
7fffffff
7fffffff
7fffffff
7fffffff
7fffffff
7fffffff
7fffffff
7fffffff
7fffffff
7fffffff
7fffffff
7fffffff
7fffffff
7fffffff
7fffffff
7fffffff
7fffffff
7fffffff
7fffffff
7fffffff
7fffffff
7fffffff
7fffffff
7fffffff
7fffffff
7fffffff
7fffffff
7fffffff
7fffffff
7fffffff
7fffffff
7fffffff
7fffffff
7fffffff
7fffffff
7fffffff
7fffffff
7fffffff
7fffffff
7fffffff
7fffffff
7fffffff
7fffffff
7fffffff
7fffffff
7fffffff
7fffffff
7fffffff
7fffffff
7fffffff
7fffffff
7fffffff
7fffffff
7fffffff
7fffffff
7fffffff
7fffffff
7fffffff
7fffffff
7fffffff
7fffffff
7fffffff
7fffffff
7fffffff
7fffffff
7fffffff
7fffffff
7fffffff
7fffffff
7fffffff
7fffffff
7fffffff
7fffffff
7fffffff
7fffffff
7fffffff
7fffffff
7fffffff
7fffffff
7fffffff
7fffffff
7fffffff
7fffffff
7fffffff
7fffffff
7fffffff
7fffffff
7fffffff
7fffffff
7fffffff
7fffffff
7fffffff
7fffffff
7fffffff
7fffffff
7fffffff
7fffffff
7fffffff
7fffffff
7fffffff
7fffffff
7fffffff
7fffffff
7fffffff
7fffffff
7fffffff
7fffffff
7fffffff
7fffffff
7fffffff
7fffffff
7fffffff
7fffffff
7fffffff
7fffffff
7fffffff
7fffffff
7fffffff
7fffffff
7fffffff
7fffffff
7fffffff
7fffffff
7fffffff
7fffffff
7fffffff
7fffffff
7fffffff
7fffffff
7fffffff
7fffffff
7fffffff
7fffffff
7fffffff
7fffffff
7fffffff
7fffffff
7fffffff
7fffffff
7fffffff
7fffffff
7fffffff
7fffffff
7fffffff
7fffffff
7fffffff
7fffffff
7fffffff
7fffffff
7fffffff
7fffffff
7fffffff
7fffffff
7fffffff
7fffffff
7fffffff
7fffffff
7fffffff
7fffffff
7fffffff
7fffffff
7fffffff
7fffffff
7fffffff
7fffffff
7fffffff
7fffffff
7fffffff
7fffffff
7fffffff
7fffffff
7fffffff
7fffffff
7fffffff
7fffffff
7fffffff
7fffffff
7fffffff
7fffffff
7fffffff
7fffffff
7fffffff
7fffffff
7fffffff
7fffffff
7fffffff
7fffffff
7fffffff
7fffffff
7fffffff
7fffffff
7fffffff
7fffffff
7fffffff
7fffffff
7fffffff
7fffffff
7fffffff
7fffffff
7fffffff
7fffffff
7fffffff
7fffffff
7fffffff
7fffffff
7fffffff
7fffffff
7fffffff
7fffffff
7fffffff
7fffffff
7fffffff
7fffffff
7fffffff
7fffffff
7fffffff
7fffffff
7fffffff
7fffffff
7fffffff
7fffffff
7fffffff
7fffffff
7fffffff
7fffffff
7fffffff
7fffffff
7fffffff
7fffffff
7fffffff
7fffffff
7fffffff
7fffffff
7fffffff
7fffffff
7fffffff
7fffffff
7fffffff
7fffffff
7fffffff
7fffffff
7fffffff
7fffffff
7fffffff
7fffffff
7fffffff
7fffffff
7fffffff
7fffffff
7fffffff
7fffffff
7fffffff
7fffffff
7fffffff
7fffffff
7fffffff
7fffffff
7fffffff
7fffffff
7fffffff
7fffffff
7fffffff
7fffffff
7fffffff
7fffffff
7fffffff
7fffffff
7fffffff
7fffffff
7fffffff
7fffffff
7fffffff
7fffffff
7fffffff
7fffffff
7fffffff
7fffffff
7fffffff
7fffffff
7fffffff
7fffffff
7fffffff
7fffffff
7fffffff
7fffffff
7fffffff
7fffffff
7fffffff
7fffffff
7fffffff
7fffffff
7fffffff
7fffffff
7fffffff
7fffffff
7fffffff
7fffffff
7fffffff
7fffffff
7fffffff
7fffffff
7fffffff
7fffffff
7fffffff
7fffffff
7fffffff
7fffffff
7fffffff
7fffffff
7fffffff
7fffffff
7fffffff
7fffffff
7fffffff
7fffffff
7fffffff
7fffffff
7fffffff
7fffffff
7fffffff
7fffffff
7fffffff
7fffffff
7fffffff
7fffffff
7fffffff
7fffffff
7fffffff
7fffffff
7fffffff
7fffffff
7fffffff
7fffffff
7fffffff
7fffffff
7fffffff
7fffffff
7fffffff
7fffffff
7fffffff
7fffffff
7fffffff
7fffffff
7fffffff
7fffffff
7fffffff
7fffffff
7fffffff
7fffffff
7fffffff
7fffffff
7fffffff
7fffffff
7fffffff
7fffffff
7fffffff
7fffffff
7fffffff
7fffffff
7fffffff
7fffffff
7fffffff
7fffffff
7fffffff
7fffffff
7fffffff
7fffffff
7fffffff
7fffffff
7fffffff
7fffffff
7fffffff
7fffffff
7fffffff
7fffffff
7fffffff
7fffffff
7fffffff
7fffffff
7fffffff
7fffffff
7fffffff
7fffffff
7fffffff
7fffffff
7fffffff
7fffffff
7fffffff
7fffffff
7fffffff
7fffffff
7fffffff
7fffffff
7fffffff
7fffffff
7fffffff
7fffffff
7fffffff
7fffffff
7fffffff
7fffffff
7fffffff
7fffffff
7fffffff
7fffffff
7fffffff
7fffffff
7fffffff
7fffffff
7fffffff
7fffffff
7fffffff
7fffffff
7fffffff
7fffffff
7fffffff
7fffffff
7fffffff
7fffffff
7fffffff
7fffffff
7fffffff
7fffffff
7fffffff
7fffffff
7fffffff
7fffffff
7fffffff
7fffffff
7fffffff
7fffffff
7fffffff
7fffffff
7fffffff
7fffffff
7fffffff
7fffffff
7fffffff
7fffffff
7fffffff
7fffffff
7fffffff
7fffffff
7fffffff
7fffffff
7fffffff
7fffffff
7fffffff
7fffffff
7fffffff
7fffffff
7fffffff
7fffffff
7fffffff
7fffffff
7fffffff
7fffffff
7fffffff
7fffffff
7fffffff
7fffffff
7fffffff
7fffffff
7fffffff
7fffffff
7fffffff
7fffffff
7fffffff
7fffffff
7fffffff
7fffffff
7fffffff
7fffffff
7fffffff
7fffffff
7fffffff
7fffffff
7fffffff
7fffffff
7fffffff
7fffffff
7fffffff
7fffffff
7fffffff
7fffffff
7fffffff
7fffffff
7fffffff
7fffffff
7fffffff
7fffffff
7fffffff
7fffffff
7fffffff
7fffffff
7fffffff
7fffffff
7fffffff
7fffffff
7fffffff
7fffffff
7fffffff
7fffffff
7fffffff
7fffffff
7fffffff
7fffffff
7fffffff
7fffffff
7fffffff
7fffffff
7fffffff
7fffffff
7fffffff
7fffffff
7fffffff
7fffffff
7fffffff
7fffffff
7fffffff
7fffffff
7fffffff
7fffffff
7fffffff
7fffffff
7fffffff
7fffffff
7fffffff
7fffffff
7fffffff
7fffffff
7fffffff
7fffffff
7fffffff
7fffffff
7fffffff
7fffffff
7fffffff
7fffffff
7fffffff
7fffffff
7fffffff
7fffffff
7fffffff
7fffffff
7fffffff
7fffffff
7fffffff
7fffffff
7fffffff
7fffffff
7fffffff
7fffffff
7fffffff
7fffffff
7fffffff
7fffffff
7fffffff
7fffffff
7fffffff
7fffffff
7fffffff
7fffffff
7fffffff
7fffffff
7fffffff
7fffffff
7fffffff
7fffffff
7fffffff
7fffffff
7fffffff
7fffffff
7fffffff
7fffffff
7fffffff
7fffffff
7fffffff
7fffffff
7fffffff
7fffffff
7fffffff
7fffffff
7fffffff
7fffffff
7fffffff
7fffffff
7fffffff
7fffffff
7fffffff
7fffffff
7fffffff
7fffffff
7fffffff
7fffffff
7fffffff
7fffffff
7fffffff
7fffffff
7fffffff
7fffffff
7fffffff
7fffffff
7fffffff
7fffffff
7fffffff
7fffffff
7fffffff
7fffffff
7fffffff
7fffffff
7fffffff
7fffffff
7fffffff
7fffffff
7fffffff
7fffffff
7fffffff
7fffffff
7fffffff
7fffffff
7fffffff
7fffffff
7fffffff
7fffffff
7fffffff
7fffffff
7fffffff
7fffffff
7fffffff
7fffffff
7fffffff
7fffffff
7fffffff
7fffffff
7fffffff
7fffffff
7fffffff
7fffffff
7fffffff
7fffffff
7fffffff
7fffffff
7fffffff
7fffffff
7fffffff
7fffffff
7fffffff
7fffffff
7fffffff
7fffffff
7fffffff
7fffffff
7fffffff
7fffffff
7fffffff
7fffffff
7fffffff
7fffffff
7fffffff
7fffffff
7fffffff
7fffffff
7fffffff
7fffffff
7fffffff
7fffffff
7fffffff
7fffffff
7fffffff
7fffffff
7fffffff
7fffffff
7fffffff
7fffffff
7fffffff
7fffffff
7fffffff
7fffffff
7fffffff
7fffffff
7fffffff
7fffffff
7fffffff
7fffffff
7fffffff
7fffffff
7fffffff
7fffffff
7fffffff
7fffffff
7fffffff
7fffffff
7fffffff
7fffffff
7fffffff
7fffffff
7fffffff
7fffffff
7fffffff
7fffffff
7fffffff
7fffffff
7fffffff
7fffffff
7fffffff
7fffffff
7fffffff
7fffffff
7fffffff
7fffffff
7fffffff
7fffffff
7fffffff
7fffffff
7fffffff
7fffffff
7fffffff
7fffffff
7fffffff
7fffffff
7fffffff
7fffffff
7fffffff
7fffffff
7fffffff
7fffffff
7fffffff
7fffffff
7fffffff
7fffffff
7fffffff
7fffffff
7fffffff
7fffffff
7fffffff
7fffffff
7fffffff
7fffffff
7fffffff
7fffffff
7fffffff
7fffffff
7fffffff
7fffffff
7fffffff
7fffffff
7fffffff
7fffffff
7fffffff
7fffffff
7fffffff
7fffffff
7fffffff
7fffffff
7fffffff
7fffffff
7fffffff
7fffffff
7fffffff
7fffffff
7fffffff
7fffffff
7fffffff
7fffffff
7fffffff
7fffffff
7fffffff
7fffffff
7fffffff
7fffffff
7fffffff
7fffffff
7fffffff
7fffffff
7fffffff
7fffffff
7fffffff
7fffffff
7fffffff
7fffffff
7fffffff
7fffffff
7fffffff
7fffffff
7fffffff
7fffffff
7fffffff
7fffffff
7fffffff
7fffffff
7fffffff
7fffffff
7fffffff
7fffffff
7fffffff
7fffffff
7fffffff
7fffffff
7fffffff
7fffffff
7fffffff
7fffffff
7fffffff
7fffffff
7fffffff
7fffffff
7fffffff
7fffffff
7fffffff
7fffffff
7fffffff
7fffffff
7fffffff
7fffffff
7fffffff
7fffffff
7fffffff
7fffffff
7fffffff
7fffffff
7fffffff
7fffffff
7fffffff
7fffffff
7fffffff
7fffffff
7fffffff
7fffffff
7fffffff
7fffffff
7fffffff
7fffffff
7fffffff
7fffffff
7fffffff
7fffffff
7fffffff
7fffffff
7fffffff
7fffffff
7fffffff
7fffffff
7fffffff
7fffffff
7fffffff
7fffffff
7fffffff
7fffffff
7fffffff
7fffffff
7fffffff
7fffffff
7fffffff
7fffffff
7fffffff
7fffffff
7fffffff
7fffffff
7fffffff
7fffffff
7fffffff
7fffffff
7fffffff
7fffffff
7fffffff
7fffffff
7fffffff
7fffffff
7fffffff
7fffffff
7fffffff
7fffffff
7fffffff
7fffffff
7fffffff
7fffffff
7fffffff
7fffffff
7fffffff
7fffffff
7fffffff
7fffffff
7fffffff
7fffffff
7fffffff
7fffffff
7fffffff
7fffffff
7fffffff
7fffffff
7fffffff
7fffffff
7fffffff
7fffffff
7fffffff
7fffffff
7fffffff
7fffffff
7fffffff
7fffffff
7fffffff
7fffffff
7fffffff
7fffffff
7fffffff
7fffffff
7fffffff
7fffffff
7fffffff
7fffffff
7fffffff
7fffffff
7fffffff
7fffffff
7fffffff
7fffffff
7fffffff
7fffffff
7fffffff
7fffffff
7fffffff
7fffffff
7fffffff
7fffffff
7fffffff
7fffffff
7fffffff
7fffffff
7fffffff
7fffffff
7fffffff
7fffffff
7fffffff
7fffffff
7fffffff
7fffffff
7fffffff
7fffffff
7fffffff
7fffffff
7fffffff
7fffffff
7fffffff
7fffffff
7fffffff
7fffffff
7fffffff
7fffffff
7fffffff
7fffffff
7fffffff
7fffffff
7fffffff
7fffffff
7fffffff
7fffffff
7fffffff
7fffffff
7fffffff
7fffffff
7fffffff
7fffffff
7fffffff
7fffffff
7fffffff
7fffffff
7fffffff
7fffffff
7fffffff
7fffffff
7fffffff
7fffffff
7fffffff
7fffffff
7fffffff
7fffffff
7fffffff
7fffffff
7fffffff
7fffffff
7fffffff
7fffffff
7fffffff
7fffffff
7fffffff
7fffffff
7fffffff
7fffffff
7fffffff
7fffffff
7fffffff
7fffffff
7fffffff
7fffffff
7fffffff
7fffffff
7fffffff
7fffffff
7fffffff
7fffffff
7fffffff
7fffffff
7fffffff
7fffffff
7fffffff
7fffffff
7fffffff
7fffffff
7fffffff
7fffffff
7fffffff
7fffffff
7fffffff
7fffffff
7fffffff
7fffffff
7fffffff
7fffffff
7fffffff
7fffffff
7fffffff
7fffffff
7fffffff
7fffffff
7fffffff
7fffffff
7fffffff
7fffffff
7fffffff
7fffffff
7fffffff
7fffffff
7fffffff
7fffffff
7fffffff
7fffffff
7fffffff
7fffffff
7fffffff
7fffffff
7fffffff
7fffffff
7fffffff
7fffffff
7fffffff
7fffffff
7fffffff
7fffffff
7fffffff
7fffffff
7fffffff
7fffffff
7fffffff
7fffffff
7fffffff
7fffffff
7fffffff
7fffffff
7fffffff
7fffffff
7fffffff
7fffffff
7fffffff
7fffffff
7fffffff
7fffffff
7fffffff
7fffffff
7fffffff
7fffffff
7fffffff
7fffffff
7fffffff
7fffffff
7fffffff
7fffffff
7fffffff
7fffffff
7fffffff
7fffffff
7fffffff
7fffffff
7fffffff
7fffffff
7fffffff
7fffffff
7fffffff
7fffffff
7fffffff
7fffffff
7fffffff
7fffffff
7fffffff
7fffffff
7fffffff
7fffffff
7fffffff
7fffffff
7fffffff
7fffffff
7fffffff
7fffffff
7fffffff
7fffffff
7fffffff
7fffffff
7fffffff
7fffffff
7fffffff
7fffffff
7fffffff
7fffffff
7fffffff
7fffffff
7fffffff
7fffffff
7fffffff
7fffffff
7fffffff
7fffffff
7fffffff
7fffffff
7fffffff
7fffffff
7fffffff
7fffffff
7fffffff
7fffffff
7fffffff
7fffffff
7fffffff
7fffffff
7fffffff
7fffffff
7fffffff
7fffffff
7fffffff
7fffffff
7fffffff
7fffffff
7fffffff
7fffffff
7fffffff
7fffffff
7fffffff
7fffffff
7fffffff
7fffffff
7fffffff
7fffffff
7fffffff
7fffffff
7fffffff
7fffffff
7fffffff
7fffffff
7fffffff
7fffffff
7fffffff
7fffffff
7fffffff
7fffffff
7fffffff
7fffffff
7fffffff
7fffffff
7fffffff
7fffffff
7fffffff
7fffffff
7fffffff
7fffffff
7fffffff
7fffffff
7fffffff
7fffffff
7fffffff
7fffffff
7fffffff
7fffffff
7fffffff
7fffffff
7fffffff
7fffffff
7fffffff
7fffffff
7fffffff
7fffffff
7fffffff
7fffffff
7fffffff
7fffffff
7fffffff
7fffffff
7fffffff
7fffffff
7fffffff
7fffffff
7fffffff
7fffffff
7fffffff
7fffffff
7fffffff
7fffffff
7fffffff
7fffffff
7fffffff
7fffffff
7fffffff
7fffffff
7fffffff
7fffffff
7fffffff
7fffffff
7fffffff
7fffffff
7fffffff
7fffffff
7fffffff
7fffffff
7fffffff
7fffffff
7fffffff
7fffffff
7fffffff
7fffffff
7fffffff
7fffffff
7fffffff
7fffffff
7fffffff
7fffffff
7fffffff
7fffffff
7fffffff
7fffffff
7fffffff
7fffffff
7fffffff
7fffffff
7fffffff
7fffffff
7fffffff
7fffffff
7fffffff
7fffffff
7fffffff
7fffffff
7fffffff
7fffffff
7fffffff
7fffffff
7fffffff
7fffffff
7fffffff
7fffffff
7fffffff
7fffffff
7fffffff
7fffffff
7fffffff
7fffffff
7fffffff
7fffffff
7fffffff
7fffffff
7fffffff
7fffffff
7fffffff
7fffffff
7fffffff
7fffffff
7fffffff
7fffffff
7fffffff
7fffffff
7fffffff
7fffffff
7fffffff
7fffffff
7fffffff
7fffffff
7fffffff
7fffffff
7fffffff
7fffffff
7fffffff
7fffffff
7fffffff
7fffffff
7fffffff
7fffffff
7fffffff
7fffffff
7fffffff
7fffffff
7fffffff
7fffffff
7fffffff
7fffffff
7fffffff
7fffffff
7fffffff
7fffffff
7fffffff
7fffffff
7fffffff
7fffffff
7fffffff
7fffffff
7fffffff
7fffffff
7fffffff
7fffffff
7fffffff
7fffffff
7fffffff
7fffffff
7fffffff
7fffffff
7fffffff
7fffffff
7fffffff
7fffffff
7fffffff
7fffffff
7fffffff
7fffffff
7fffffff
7fffffff
7fffffff
7fffffff
7fffffff
7fffffff
7fffffff
7fffffff
7fffffff
7fffffff
7fffffff
7fffffff
7fffffff
7fffffff
7fffffff
7fffffff
7fffffff
7fffffff
7fffffff
7fffffff
7fffffff
7fffffff
7fffffff
7fffffff
7fffffff
7fffffff
7fffffff
7fffffff
7fffffff
7fffffff
7fffffff
7fffffff
7fffffff
7fffffff
7fffffff
7fffffff
7fffffff
7fffffff
7fffffff
7fffffff
7fffffff
7fffffff
7fffffff
7fffffff
7fffffff
7fffffff
7fffffff
7fffffff
7fffffff
7fffffff
7fffffff
7fffffff
7fffffff
7fffffff
7fffffff
7fffffff
7fffffff
7fffffff
7fffffff
7fffffff
7fffffff
7fffffff
7fffffff
7fffffff
7fffffff
7fffffff
7fffffff
7fffffff
7fffffff
7fffffff
7fffffff
7fffffff
7fffffff
7fffffff
7fffffff
7fffffff
7fffffff
7fffffff
7fffffff
7fffffff
7fffffff
7fffffff
7fffffff
7fffffff
7fffffff
7fffffff
7fffffff
7fffffff
7fffffff
7fffffff
7fffffff
7fffffff
7fffffff
7fffffff
7fffffff
7fffffff
7fffffff
7fffffff
7fffffff
7fffffff
7fffffff
7fffffff
7fffffff
7fffffff
7fffffff
7fffffff
7fffffff
7fffffff
7fffffff
7fffffff
7fffffff
7fffffff
7fffffff
7fffffff
7fffffff
7fffffff
7fffffff
7fffffff
7fffffff
7fffffff
7fffffff
7fffffff
7fffffff
7fffffff
7fffffff
7fffffff
7fffffff
7fffffff
7fffffff
7fffffff
7fffffff
7fffffff
7fffffff
7fffffff
7fffffff
7fffffff
7fffffff
7fffffff
7fffffff
7fffffff
7fffffff
7fffffff
7fffffff
7fffffff
7fffffff
7fffffff
7fffffff
7fffffff
7fffffff
7fffffff
7fffffff
7fffffff
7fffffff
7fffffff
7fffffff
7fffffff
7fffffff
7fffffff
7fffffff
7fffffff
7fffffff
7fffffff
7fffffff
7fffffff
7fffffff
7fffffff
7fffffff
7fffffff
7fffffff
7fffffff
7fffffff
7fffffff
7fffffff
7fffffff
7fffffff
7fffffff
7fffffff
7fffffff
7fffffff
7fffffff
7fffffff
7fffffff
7fffffff
7fffffff
7fffffff
7fffffff
7fffffff
7fffffff
7fffffff
7fffffff
7fffffff
7fffffff
7fffffff
7fffffff
7fffffff
7fffffff
7fffffff
7fffffff
7fffffff
7fffffff
7fffffff
7fffffff
7fffffff
7fffffff
7fffffff
7fffffff
7fffffff
7fffffff
7fffffff
7fffffff
7fffffff
7fffffff
7fffffff
7fffffff
7fffffff
7fffffff
7fffffff
7fffffff
7fffffff
7fffffff
7fffffff
7fffffff
7fffffff
7fffffff
7fffffff
7fffffff
7fffffff
7fffffff
7fffffff
7fffffff
7fffffff
7fffffff
7fffffff
7fffffff
7fffffff
7fffffff
7fffffff
7fffffff
7fffffff
7fffffff
7fffffff
7fffffff
7fffffff
7fffffff
7fffffff
7fffffff
7fffffff
7fffffff
7fffffff
7fffffff
7fffffff
7fffffff
7fffffff
7fffffff
7fffffff
7fffffff
7fffffff
7fffffff
7fffffff
7fffffff
7fffffff
7fffffff
7fffffff
7fffffff
7fffffff
7fffffff
7fffffff
7fffffff
7fffffff
7fffffff
7fffffff
7fffffff
7fffffff
7fffffff
7fffffff
7fffffff
7fffffff
7fffffff
7fffffff
7fffffff
7fffffff
7fffffff
7fffffff
7fffffff
7fffffff
7fffffff
7fffffff
7fffffff
7fffffff
7fffffff
7fffffff
7fffffff
7fffffff
7fffffff
7fffffff
7fffffff
7fffffff
7fffffff
7fffffff
7fffffff
7fffffff
7fffffff
7fffffff
7fffffff
7fffffff
7fffffff
7fffffff
7fffffff
7fffffff
7fffffff
7fffffff
7fffffff
7fffffff
7fffffff
7fffffff
7fffffff
7fffffff
7fffffff
7fffffff
7fffffff
7fffffff
7fffffff
7fffffff
7fffffff
7fffffff
7fffffff
7fffffff
7fffffff
7fffffff
7fffffff
7fffffff
7fffffff
7fffffff
7fffffff
7fffffff
7fffffff
7fffffff
7fffffff
7fffffff
7fffffff
7fffffff
7fffffff
7fffffff
7fffffff
7fffffff
7fffffff
7fffffff
7fffffff
7fffffff
7fffffff
7fffffff
7fffffff
7fffffff
7fffffff
7fffffff
7fffffff
7fffffff
7fffffff
7fffffff
7fffffff
7fffffff
7fffffff
7fffffff
7fffffff
7fffffff
7fffffff
7fffffff
7fffffff
7fffffff
7fffffff
7fffffff
7fffffff
7fffffff
7fffffff
7fffffff
7fffffff
7fffffff
7fffffff
7fffffff
7fffffff
7fffffff
7fffffff
7fffffff
7fffffff
7fffffff
7fffffff
7fffffff
7fffffff
7fffffff
7fffffff
7fffffff
7fffffff
7fffffff
7fffffff
7fffffff
7fffffff
7fffffff
7fffffff
7fffffff
7fffffff
7fffffff
7fffffff
7fffffff
7fffffff
7fffffff
7fffffff
7fffffff
7fffffff
7fffffff
7fffffff
7fffffff
7fffffff
7fffffff
7fffffff
7fffffff
7fffffff
7fffffff
7fffffff
7fffffff
7fffffff
7fffffff
7fffffff
7fffffff
7fffffff
7fffffff
7fffffff
7fffffff
7fffffff
7fffffff
7fffffff
7fffffff
7fffffff
7fffffff
7fffffff
7fffffff
7fffffff
7fffffff
7fffffff
7fffffff
7fffffff
7fffffff
7fffffff
7fffffff
7fffffff
7fffffff
7fffffff
7fffffff
7fffffff
7fffffff
7fffffff
7fffffff
7fffffff
7fffffff
7fffffff
7fffffff
7fffffff
7fffffff
7fffffff
7fffffff
7fffffff
7fffffff
7fffffff
7fffffff
7fffffff
7fffffff
7fffffff
7fffffff
7fffffff
7fffffff
7fffffff
7fffffff
7fffffff
7fffffff
7fffffff
7fffffff
7fffffff
7fffffff
7fffffff
7fffffff
7fffffff
7fffffff
7fffffff
7fffffff
7fffffff
7fffffff
7fffffff
7fffffff
7fffffff
7fffffff
7fffffff
7fffffff
7fffffff
7fffffff
7fffffff
7fffffff
7fffffff
7fffffff
7fffffff
7fffffff
7fffffff
7fffffff
7fffffff
7fffffff
7fffffff
7fffffff
7fffffff
7fffffff
7fffffff
7fffffff
7fffffff
7fffffff
7fffffff
7fffffff
7fffffff
7fffffff
7fffffff
7fffffff
7fffffff
7fffffff
7fffffff
7fffffff
7fffffff
7fffffff
7fffffff
7fffffff
7fffffff
7fffffff
7fffffff
7fffffff
7fffffff
7fffffff
7fffffff
7fffffff
7fffffff
7fffffff
7fffffff
7fffffff
7fffffff
7fffffff
7fffffff
7fffffff
7fffffff
7fffffff
7fffffff
7fffffff
7fffffff
7fffffff
7fffffff
7fffffff
7fffffff
7fffffff
7fffffff
7fffffff
7fffffff
7fffffff
7fffffff
7fffffff
7fffffff
7fffffff
7fffffff
7fffffff
7fffffff
7fffffff
7fffffff
7fffffff
7fffffff
7fffffff
7fffffff
7fffffff
7fffffff
7fffffff
7fffffff
7fffffff
7fffffff
7fffffff
7fffffff
7fffffff
7fffffff
7fffffff
7fffffff
7fffffff
7fffffff
7fffffff
7fffffff
7fffffff
7fffffff
7fffffff
7fffffff
7fffffff
7fffffff
7fffffff
7fffffff
7fffffff
7fffffff
7fffffff
7fffffff
7fffffff
7fffffff
7fffffff
7fffffff
7fffffff
7fffffff
7fffffff
7fffffff
7fffffff
7fffffff
7fffffff
7fffffff
7fffffff
7fffffff
7fffffff
7fffffff
7fffffff
7fffffff
7fffffff
7fffffff
7fffffff
7fffffff
7fffffff
7fffffff
7fffffff
7fffffff
7fffffff
7fffffff
7fffffff
7fffffff
7fffffff
7fffffff
7fffffff
7fffffff
7fffffff
7fffffff
7fffffff
7fffffff
7fffffff
7fffffff
7fffffff
7fffffff
7fffffff
7fffffff
7fffffff
7fffffff
7fffffff
7fffffff
7fffffff
7fffffff
7fffffff
7fffffff
7fffffff
7fffffff
7fffffff
7fffffff
7fffffff
7fffffff
7fffffff
7fffffff
7fffffff
7fffffff
7fffffff
7fffffff
7fffffff
7fffffff
7fffffff
7fffffff
7fffffff
7fffffff
7fffffff
7fffffff
7fffffff
7fffffff
7fffffff
7fffffff
7fffffff
7fffffff
7fffffff
7fffffff
7fffffff
7fffffff
7fffffff
7fffffff
7fffffff
7fffffff
7fffffff
7fffffff
7fffffff
7fffffff
7fffffff
7fffffff
7fffffff
7fffffff
7fffffff
7fffffff
7fffffff
7fffffff
7fffffff
7fffffff
7fffffff
7fffffff
7fffffff
7fffffff
7fffffff
7fffffff
7fffffff
7fffffff
7fffffff
7fffffff
7fffffff
7fffffff
7fffffff
7fffffff
7fffffff
7fffffff
7fffffff
7fffffff
7fffffff
7fffffff
7fffffff
7fffffff
7fffffff
7fffffff
7fffffff
7fffffff
7fffffff
7fffffff
7fffffff
7fffffff
7fffffff
7fffffff
7fffffff
7fffffff
7fffffff
7fffffff
7fffffff
7fffffff
7fffffff
7fffffff
7fffffff
7fffffff
7fffffff
7fffffff
7fffffff
7fffffff
7fffffff
7fffffff
7fffffff
7fffffff
7fffffff
7fffffff
7fffffff
7fffffff
7fffffff
7fffffff
7fffffff
7fffffff
7fffffff
7fffffff
7fffffff
7fffffff
7fffffff
7fffffff
7fffffff
7fffffff
7fffffff
7fffffff
7fffffff
7fffffff
7fffffff
7fffffff
7fffffff
7fffffff
7fffffff
7fffffff
7fffffff
7fffffff
7fffffff
7fffffff
7fffffff
7fffffff
7fffffff
7fffffff
7fffffff
7fffffff
7fffffff
7fffffff
7fffffff
7fffffff
7fffffff
7fffffff
7fffffff
7fffffff
7fffffff
7fffffff
7fffffff
7fffffff
7fffffff
7fffffff
7fffffff
7fffffff
7fffffff
7fffffff
7fffffff
7fffffff
7fffffff
7fffffff
7fffffff
7fffffff
7fffffff
7fffffff
7fffffff
7fffffff
7fffffff
7fffffff
7fffffff
7fffffff
7fffffff
7fffffff
7fffffff
7fffffff
7fffffff
7fffffff
7fffffff
7fffffff
7fffffff
7fffffff
7fffffff
7fffffff
7fffffff
7fffffff
7fffffff
7fffffff
7fffffff
7fffffff
7fffffff
7fffffff
7fffffff
7fffffff
7fffffff
7fffffff
7fffffff
7fffffff
7fffffff
7fffffff
7fffffff
7fffffff
7fffffff
7fffffff
7fffffff
7fffffff
7fffffff
7fffffff
7fffffff
7fffffff
7fffffff
7fffffff
7fffffff
7fffffff
7fffffff
7fffffff
7fffffff
7fffffff
7fffffff
7fffffff
7fffffff
7fffffff
7fffffff
7fffffff
7fffffff
7fffffff
7fffffff
7fffffff
7fffffff
7fffffff
7fffffff
7fffffff
7fffffff
7fffffff
7fffffff
7fffffff
7fffffff
7fffffff
7fffffff
7fffffff
7fffffff
7fffffff
7fffffff
7fffffff
7fffffff
7fffffff
7fffffff
7fffffff
7fffffff
7fffffff
7fffffff
7fffffff
7fffffff
7fffffff
7fffffff
7fffffff
7fffffff
7fffffff
7fffffff
7fffffff
7fffffff
7fffffff
7fffffff
7fffffff
7fffffff
7fffffff
7fffffff
7fffffff
7fffffff
7fffffff
7fffffff
7fffffff
7fffffff
7fffffff
7fffffff
7fffffff
7fffffff
7fffffff
7fffffff
7fffffff
7fffffff
7fffffff
7fffffff
7fffffff
7fffffff
7fffffff
7fffffff
7fffffff
7fffffff
7fffffff
7fffffff
7fffffff
7fffffff
7fffffff
7fffffff
7fffffff
7fffffff
7fffffff
7fffffff
7fffffff
7fffffff
7fffffff
7fffffff
7fffffff
7fffffff
7fffffff
7fffffff
7fffffff
7fffffff
7fffffff
7fffffff
7fffffff
7fffffff
7fffffff
7fffffff
7fffffff
7fffffff
7fffffff
7fffffff
7fffffff
7fffffff
7fffffff
7fffffff
7fffffff
7fffffff
7fffffff
7fffffff
7fffffff
7fffffff
7fffffff
7fffffff
7fffffff
7fffffff
7fffffff
7fffffff
7fffffff
7fffffff
7fffffff
7fffffff
7fffffff
7fffffff
7fffffff
7fffffff
7fffffff
7fffffff
7fffffff
7fffffff
7fffffff
7fffffff
7fffffff
7fffffff
7fffffff
7fffffff
7fffffff
7fffffff
7fffffff
7fffffff
7fffffff
7fffffff
7fffffff
7fffffff
7fffffff
7fffffff
7fffffff
7fffffff
7fffffff
7fffffff
7fffffff
7fffffff
7fffffff
7fffffff
7fffffff
7fffffff
7fffffff
7fffffff
7fffffff
7fffffff
7fffffff
7fffffff
7fffffff
7fffffff
7fffffff
7fffffff
7fffffff
7fffffff
7fffffff
7fffffff
7fffffff
7fffffff
7fffffff
7fffffff
7fffffff
7fffffff
7fffffff
7fffffff
7fffffff
7fffffff
7fffffff
7fffffff
7fffffff
7fffffff
7fffffff
7fffffff
7fffffff
7fffffff
7fffffff
7fffffff
7fffffff
7fffffff
7fffffff
7fffffff
7fffffff
7fffffff
7fffffff
7fffffff
7fffffff
7fffffff
7fffffff
7fffffff
7fffffff
7fffffff
7fffffff
7fffffff
7fffffff
7fffffff
7fffffff
7fffffff
7fffffff
7fffffff
7fffffff
7fffffff
7fffffff
7fffffff
7fffffff
7fffffff
7fffffff
7fffffff
7fffffff
7fffffff
7fffffff
7fffffff
7fffffff
7fffffff
7fffffff
7fffffff
7fffffff
7fffffff
7fffffff
7fffffff
7fffffff
7fffffff
7fffffff
7fffffff
7fffffff
7fffffff
7fffffff
7fffffff
7fffffff
7fffffff
7fffffff
7fffffff
7fffffff
7fffffff
7fffffff
7fffffff
7fffffff
7fffffff
7fffffff
7fffffff
7fffffff
7fffffff
7fffffff
7fffffff
7fffffff
7fffffff
7fffffff
7fffffff
7fffffff
7fffffff
7fffffff
7fffffff
7fffffff
7fffffff
7fffffff
7fffffff
7fffffff
7fffffff
7fffffff
7fffffff
7fffffff
7fffffff
7fffffff
7fffffff
7fffffff
7fffffff
7fffffff
7fffffff
7fffffff
7fffffff
7fffffff
7fffffff
7fffffff
7fffffff
7fffffff
7fffffff
7fffffff
7fffffff
7fffffff
7fffffff
7fffffff
7fffffff
7fffffff
7fffffff
7fffffff
7fffffff
7fffffff
7fffffff
7fffffff
7fffffff
7fffffff
7fffffff
7fffffff
7fffffff
7fffffff
7fffffff
7fffffff
7fffffff
7fffffff
7fffffff
7fffffff
7fffffff
7fffffff
7fffffff
7fffffff
7fffffff
7fffffff
7fffffff
7fffffff
7fffffff
7fffffff
7fffffff
7fffffff
7fffffff
7fffffff
7fffffff
7fffffff
7fffffff
7fffffff
7fffffff
7fffffff
7fffffff
7fffffff
7fffffff
7fffffff
7fffffff
7fffffff
7fffffff
7fffffff
7fffffff
7fffffff
7fffffff
7fffffff
7fffffff
7fffffff
7fffffff
7fffffff
7fffffff
7fffffff
7fffffff
7fffffff
7fffffff
7fffffff
7fffffff
7fffffff
7fffffff
7fffffff
7fffffff
7fffffff
7fffffff
7fffffff
7fffffff
7fffffff
7fffffff
7fffffff
7fffffff
7fffffff
7fffffff
7fffffff
7fffffff
7fffffff
7fffffff
7fffffff
7fffffff
7fffffff
7fffffff
7fffffff
7fffffff
7fffffff
7fffffff
7fffffff
7fffffff
7fffffff
7fffffff
7fffffff
7fffffff
7fffffff
7fffffff
7fffffff
7fffffff
7fffffff
7fffffff
7fffffff
7fffffff
7fffffff
7fffffff
7fffffff
7fffffff
7fffffff
7fffffff
7fffffff
7fffffff
7fffffff
7fffffff
7fffffff
7fffffff
7fffffff
7fffffff
7fffffff
7fffffff
7fffffff
7fffffff
7fffffff
7fffffff
7fffffff
7fffffff
7fffffff
7fffffff
7fffffff
7fffffff
7fffffff
7fffffff
7fffffff
7fffffff
7fffffff
7fffffff
7fffffff
7fffffff
7fffffff
7fffffff
7fffffff
7fffffff
7fffffff
7fffffff
7fffffff
7fffffff
7fffffff
7fffffff
7fffffff
7fffffff
7fffffff
7fffffff
7fffffff
7fffffff
7fffffff
7fffffff
7fffffff
7fffffff
7fffffff
7fffffff
7fffffff
7fffffff
7fffffff
7fffffff
7fffffff
7fffffff
7fffffff
7fffffff
7fffffff
7fffffff
7fffffff
7fffffff
7fffffff
7fffffff
7fffffff
7fffffff
7fffffff
7fffffff
7fffffff
7fffffff
7fffffff
7fffffff
7fffffff
7fffffff
7fffffff
7fffffff
7fffffff
7fffffff
7fffffff
7fffffff
7fffffff
7fffffff
7fffffff
7fffffff
7fffffff
7fffffff
7fffffff
7fffffff
7fffffff
7fffffff
7fffffff
7fffffff
7fffffff
7fffffff
7fffffff
7fffffff
7fffffff
7fffffff
7fffffff
7fffffff
7fffffff
7fffffff
7fffffff
7fffffff
7fffffff
7fffffff
7fffffff
7fffffff
7fffffff
7fffffff
7fffffff
7fffffff
7fffffff
7fffffff
7fffffff
7fffffff
7fffffff
7fffffff
7fffffff
7fffffff
7fffffff
7fffffff
7fffffff
7fffffff
7fffffff
7fffffff
7fffffff
7fffffff
7fffffff
7fffffff
7fffffff
7fffffff
7fffffff
7fffffff
7fffffff
7fffffff
7fffffff
7fffffff
7fffffff
7fffffff
7fffffff
7fffffff
7fffffff
7fffffff
7fffffff
7fffffff
7fffffff
7fffffff
7fffffff
7fffffff
7fffffff
7fffffff
7fffffff
7fffffff
7fffffff
7fffffff
7fffffff
7fffffff
7fffffff
7fffffff
7fffffff
7fffffff
7fffffff
7fffffff
7fffffff
7fffffff
7fffffff
7fffffff
7fffffff
7fffffff
7fffffff
7fffffff
7fffffff
7fffffff
7fffffff
7fffffff
7fffffff
7fffffff
7fffffff
7fffffff
7fffffff
7fffffff
7fffffff
7fffffff
7fffffff
7fffffff
7fffffff
7fffffff
7fffffff
7fffffff
7fffffff
7fffffff
7fffffff
7fffffff
7fffffff
7fffffff
7fffffff
7fffffff
7fffffff
7fffffff
7fffffff
7fffffff
7fffffff
7fffffff
7fffffff
7fffffff
7fffffff
7fffffff
7fffffff
7fffffff
7fffffff
7fffffff
7fffffff
7fffffff
7fffffff
7fffffff
7fffffff
7fffffff
7fffffff
7fffffff
7fffffff
7fffffff
7fffffff
7fffffff
7fffffff
7fffffff
7fffffff
7fffffff
7fffffff
7fffffff
7fffffff
7fffffff
7fffffff
7fffffff
7fffffff
7fffffff
7fffffff
7fffffff
7fffffff
7fffffff
7fffffff
7fffffff
7fffffff
7fffffff
7fffffff
7fffffff
7fffffff
7fffffff
7fffffff
7fffffff
7fffffff
7fffffff
7fffffff
7fffffff
7fffffff
7fffffff
7fffffff
7fffffff
7fffffff
7fffffff
7fffffff
7fffffff
7fffffff
7fffffff
7fffffff
7fffffff
7fffffff
7fffffff
7fffffff
7fffffff
7fffffff
7fffffff
7fffffff
7fffffff
7fffffff
7fffffff
7fffffff
7fffffff
7fffffff
7fffffff
7fffffff
7fffffff
7fffffff
7fffffff
7fffffff
7fffffff
7fffffff
7fffffff
7fffffff
7fffffff
7fffffff
7fffffff
7fffffff
7fffffff
7fffffff
7fffffff
7fffffff
7fffffff
7fffffff
7fffffff
7fffffff
7fffffff
7fffffff
7fffffff
7fffffff
7fffffff
7fffffff
7fffffff
7fffffff
7fffffff
7fffffff
7fffffff
7fffffff
7fffffff
7fffffff
7fffffff
7fffffff
7fffffff
7fffffff
7fffffff
7fffffff
7fffffff
7fffffff
7fffffff
7fffffff
7fffffff
7fffffff
7fffffff
7fffffff
7fffffff
7fffffff
7fffffff
7fffffff
7fffffff
7fffffff
7fffffff
7fffffff
7fffffff
7fffffff
7fffffff
7fffffff
7fffffff
7fffffff
7fffffff
7fffffff
7fffffff
7fffffff
7fffffff
7fffffff
7fffffff
7fffffff
7fffffff
7fffffff
7fffffff
7fffffff
7fffffff
7fffffff
7fffffff
7fffffff
7fffffff
7fffffff
7fffffff
7fffffff
7fffffff
7fffffff
7fffffff
7fffffff
7fffffff
7fffffff
7fffffff
7fffffff
7fffffff
7fffffff
7fffffff
7fffffff
7fffffff
7fffffff
7fffffff
7fffffff
7fffffff
7fffffff
7fffffff
7fffffff
7fffffff
7fffffff
7fffffff
7fffffff
7fffffff
7fffffff
7fffffff
7fffffff
7fffffff
7fffffff
7fffffff
7fffffff
7fffffff
7fffffff
7fffffff
7fffffff
7fffffff
7fffffff
7fffffff
7fffffff
7fffffff
7fffffff
7fffffff
7fffffff
7fffffff
7fffffff
7fffffff
7fffffff
7fffffff
7fffffff
7fffffff
7fffffff
7fffffff
7fffffff
7fffffff
7fffffff
7fffffff
7fffffff
7fffffff
7fffffff
7fffffff
7fffffff
7fffffff
7fffffff
7fffffff
7fffffff
7fffffff
7fffffff
7fffffff
7fffffff
7fffffff
7fffffff
7fffffff
7fffffff
7fffffff
7fffffff
7fffffff
7fffffff
7fffffff
7fffffff
7fffffff
7fffffff
7fffffff
7fffffff
7fffffff
7fffffff
7fffffff
7fffffff
7fffffff
7fffffff
7fffffff
7fffffff
7fffffff
7fffffff
7fffffff
7fffffff
7fffffff
7fffffff
7fffffff
7fffffff
7fffffff
7fffffff
7fffffff
7fffffff
7fffffff
7fffffff
7fffffff
7fffffff
7fffffff
7fffffff
7fffffff
7fffffff
7fffffff
7fffffff
7fffffff
7fffffff
7fffffff
7fffffff
7fffffff
7fffffff
7fffffff
7fffffff
7fffffff
7fffffff
7fffffff
7fffffff
7fffffff
7fffffff
7fffffff
7fffffff
7fffffff
7fffffff
7fffffff
7fffffff
7fffffff
7fffffff
7fffffff
7fffffff
7fffffff
7fffffff
7fffffff
7fffffff
7fffffff
7fffffff
7fffffff
7fffffff
7fffffff
7fffffff
7fffffff
7fffffff
7fffffff
7fffffff
7fffffff
7fffffff
7fffffff
7fffffff
7fffffff
7fffffff
7fffffff
7fffffff
7fffffff
7fffffff
7fffffff
7fffffff
7fffffff
7fffffff
7fffffff
7fffffff
7fffffff
7fffffff
7fffffff
7fffffff
7fffffff
7fffffff
7fffffff
7fffffff
7fffffff
7fffffff
7fffffff
7fffffff
7fffffff
7fffffff
7fffffff
7fffffff
7fffffff
7fffffff
7fffffff
7fffffff
7fffffff
7fffffff
7fffffff
7fffffff
7fffffff
7fffffff
7fffffff
7fffffff
7fffffff
7fffffff
7fffffff
7fffffff
7fffffff
7fffffff
7fffffff
7fffffff
7fffffff
7fffffff
7fffffff
7fffffff
7fffffff
7fffffff
7fffffff
7fffffff
7fffffff
7fffffff
7fffffff
7fffffff
7fffffff
7fffffff
7fffffff
7fffffff
7fffffff
7fffffff
7fffffff
7fffffff
7fffffff
7fffffff
7fffffff
7fffffff
7fffffff
7fffffff
7fffffff
7fffffff
7fffffff
7fffffff
7fffffff
7fffffff
7fffffff
7fffffff
7fffffff
7fffffff
7fffffff
7fffffff
7fffffff
7fffffff
7fffffff
7fffffff
7fffffff
7fffffff
7fffffff
7fffffff
7fffffff
7fffffff
7fffffff
7fffffff
7fffffff
7fffffff
7fffffff
7fffffff
7fffffff
7fffffff
7fffffff
7fffffff
7fffffff
7fffffff
7fffffff
7fffffff
7fffffff
7fffffff
7fffffff
7fffffff
7fffffff
7fffffff
7fffffff
7fffffff
7fffffff
7fffffff
7fffffff
7fffffff
7fffffff
7fffffff
7fffffff
7fffffff
7fffffff
7fffffff
7fffffff
7fffffff
7fffffff
7fffffff
7fffffff
7fffffff
7fffffff
7fffffff
7fffffff
7fffffff
7fffffff
7fffffff
7fffffff
7fffffff
7fffffff
7fffffff
7fffffff
7fffffff
7fffffff
7fffffff
7fffffff
7fffffff
7fffffff
7fffffff
7fffffff
7fffffff
7fffffff
7fffffff
7fffffff
7fffffff
7fffffff
7fffffff
7fffffff
7fffffff
7fffffff
7fffffff
7fffffff
7fffffff
7fffffff
7fffffff
7fffffff
7fffffff
7fffffff
7fffffff
7fffffff
7fffffff
7fffffff
7fffffff
7fffffff
7fffffff
7fffffff
7fffffff
7fffffff
7fffffff
7fffffff
7fffffff
7fffffff
7fffffff
7fffffff
7fffffff
7fffffff
7fffffff
7fffffff
7fffffff
7fffffff
7fffffff
7fffffff
7fffffff
7fffffff
7fffffff
7fffffff
7fffffff
7fffffff
7fffffff
7fffffff
7fffffff
7fffffff
7fffffff
7fffffff
7fffffff
7fffffff
7fffffff
7fffffff
7fffffff
7fffffff
7fffffff
7fffffff
7fffffff
7fffffff
7fffffff
7fffffff
7fffffff
7fffffff
7fffffff
7fffffff
7fffffff
7fffffff
7fffffff
7fffffff
7fffffff
7fffffff
7fffffff
7fffffff
7fffffff
7fffffff
7fffffff
7fffffff
7fffffff
7fffffff
7fffffff
7fffffff
7fffffff
7fffffff
7fffffff
7fffffff
7fffffff
7fffffff
7fffffff
7fffffff
7fffffff
7fffffff
7fffffff
7fffffff
7fffffff
7fffffff
7fffffff
7fffffff
7fffffff
7fffffff
7fffffff
7fffffff
7fffffff
7fffffff
7fffffff
7fffffff
7fffffff
7fffffff
7fffffff
7fffffff
7fffffff
7fffffff
7fffffff
7fffffff
7fffffff
7fffffff
7fffffff
7fffffff
7fffffff
7fffffff
7fffffff
7fffffff
7fffffff
7fffffff
7fffffff
7fffffff
7fffffff
7fffffff
7fffffff
7fffffff
7fffffff
7fffffff
7fffffff
7fffffff
7fffffff
7fffffff
7fffffff
7fffffff
7fffffff
7fffffff
7fffffff
7fffffff
7fffffff
7fffffff
7fffffff
7fffffff
7fffffff
7fffffff
7fffffff
7fffffff
7fffffff
7fffffff
7fffffff
7fffffff
7fffffff
7fffffff
7fffffff
7fffffff
7fffffff
7fffffff
7fffffff
7fffffff
7fffffff
7fffffff
7fffffff
7fffffff
7fffffff
7fffffff
7fffffff
7fffffff
7fffffff
7fffffff
7fffffff
7fffffff
7fffffff
7fffffff
7fffffff
7fffffff
7fffffff
7fffffff
7fffffff
7fffffff
7fffffff
7fffffff
7fffffff
7fffffff
7fffffff
7fffffff
7fffffff
7fffffff
7fffffff
7fffffff
7fffffff
7fffffff
7fffffff
7fffffff
7fffffff
7fffffff
7fffffff
7fffffff
7fffffff
7fffffff
7fffffff
7fffffff
7fffffff
7fffffff
7fffffff
7fffffff
7fffffff
7fffffff
7fffffff
7fffffff
7fffffff
7fffffff
7fffffff
7fffffff
7fffffff
7fffffff
7fffffff
7fffffff
7fffffff
7fffffff
7fffffff
7fffffff
7fffffff
7fffffff
7fffffff
7fffffff
7fffffff
7fffffff
7fffffff
7fffffff
7fffffff
7fffffff
7fffffff
7fffffff
7fffffff
7fffffff
7fffffff
7fffffff
7fffffff
7fffffff
7fffffff
7fffffff
7fffffff
7fffffff
7fffffff
7fffffff
7fffffff
7fffffff
7fffffff
7fffffff
7fffffff
7fffffff
7fffffff
7fffffff
7fffffff
7fffffff
7fffffff
7fffffff
7fffffff
7fffffff
7fffffff
7fffffff
7fffffff
7fffffff
7fffffff
7fffffff
7fffffff
7fffffff
7fffffff
7fffffff
7fffffff
7fffffff
7fffffff
7fffffff
7fffffff
7fffffff
7fffffff
7fffffff
7fffffff
7fffffff
7fffffff
7fffffff
7fffffff
7fffffff
7fffffff
7fffffff
7fffffff
7fffffff
7fffffff
7fffffff
7fffffff
7fffffff
7fffffff
7fffffff
7fffffff
7fffffff
7fffffff
7fffffff
7fffffff
7fffffff
7fffffff
7fffffff
7fffffff
7fffffff
7fffffff
7fffffff
7fffffff
7fffffff
7fffffff
7fffffff
7fffffff
7fffffff
7fffffff
7fffffff
7fffffff
7fffffff
7fffffff
7fffffff
7fffffff
7fffffff
7fffffff
7fffffff
7fffffff
7fffffff
7fffffff
7fffffff
7fffffff
7fffffff
7fffffff
7fffffff
7fffffff
7fffffff
7fffffff
7fffffff
7fffffff
7fffffff
7fffffff
7fffffff
7fffffff
7fffffff
7fffffff
7fffffff
7fffffff
7fffffff
7fffffff
7fffffff
7fffffff
7fffffff
7fffffff
7fffffff
7fffffff
7fffffff
7fffffff
7fffffff
7fffffff
7fffffff
7fffffff
7fffffff
7fffffff
7fffffff
7fffffff
7fffffff
7fffffff
7fffffff
7fffffff
7fffffff
7fffffff
7fffffff
7fffffff
7fffffff
7fffffff
7fffffff
7fffffff
7fffffff
7fffffff
7fffffff
7fffffff
7fffffff
7fffffff
7fffffff
7fffffff
7fffffff
7fffffff
7fffffff
7fffffff
7fffffff
7fffffff
7fffffff
7fffffff
7fffffff
7fffffff
7fffffff
7fffffff
7fffffff
7fffffff
7fffffff
7fffffff
7fffffff
7fffffff
7fffffff
7fffffff
7fffffff
7fffffff
7fffffff
7fffffff
7fffffff
7fffffff
7fffffff
7fffffff
7fffffff
7fffffff
7fffffff
7fffffff
7fffffff
7fffffff
7fffffff
7fffffff
7fffffff
7fffffff
7fffffff
7fffffff
7fffffff
7fffffff
7fffffff
7fffffff
7fffffff
7fffffff
7fffffff
7fffffff
7fffffff
7fffffff
7fffffff
7fffffff
7fffffff
7fffffff
7fffffff
7fffffff
7fffffff
7fffffff
7fffffff
7fffffff
7fffffff
7fffffff
7fffffff
7fffffff
7fffffff
7fffffff
7fffffff
7fffffff
7fffffff
7fffffff
7fffffff
7fffffff
7fffffff
7fffffff
7fffffff
7fffffff
7fffffff
7fffffff
7fffffff
7fffffff
7fffffff
7fffffff
7fffffff
7fffffff
7fffffff
7fffffff
7fffffff
7fffffff
7fffffff
7fffffff
7fffffff
7fffffff
7fffffff
7fffffff
7fffffff
7fffffff
7fffffff
7fffffff
7fffffff
7fffffff
7fffffff
7fffffff
7fffffff
7fffffff
7fffffff
7fffffff
7fffffff
7fffffff
7fffffff
7fffffff
7fffffff
7fffffff
7fffffff
7fffffff
7fffffff
7fffffff
7fffffff
7fffffff
7fffffff
7fffffff
7fffffff
7fffffff
7fffffff
7fffffff
7fffffff
7fffffff
7fffffff
7fffffff
7fffffff
7fffffff
7fffffff
7fffffff
7fffffff
7fffffff
7fffffff
7fffffff
7fffffff
7fffffff
7fffffff
7fffffff
7fffffff
7fffffff
7fffffff
7fffffff
7fffffff
7fffffff
7fffffff
7fffffff
7fffffff
7fffffff
7fffffff
7fffffff
7fffffff
7fffffff
7fffffff
7fffffff
7fffffff
7fffffff
7fffffff
7fffffff
7fffffff
7fffffff
7fffffff
7fffffff
7fffffff
7fffffff
7fffffff
7fffffff
7fffffff
7fffffff
7fffffff
7fffffff
7fffffff
7fffffff
7fffffff
7fffffff
7fffffff
7fffffff
7fffffff
7fffffff
7fffffff
7fffffff
7fffffff
7fffffff
7fffffff
7fffffff
7fffffff
7fffffff
7fffffff
7fffffff
7fffffff
7fffffff
7fffffff
7fffffff
7fffffff
7fffffff
7fffffff
7fffffff
7fffffff
7fffffff
7fffffff
7fffffff
7fffffff
7fffffff
7fffffff
7fffffff
7fffffff
7fffffff
7fffffff
7fffffff
7fffffff
7fffffff
7fffffff
7fffffff
7fffffff
7fffffff
7fffffff
7fffffff
7fffffff
7fffffff
7fffffff
7fffffff
7fffffff
7fffffff
7fffffff
7fffffff
7fffffff
7fffffff
7fffffff
7fffffff
7fffffff
7fffffff
7fffffff
7fffffff
7fffffff
7fffffff
7fffffff
7fffffff
7fffffff
7fffffff
7fffffff
7fffffff
7fffffff
7fffffff
7fffffff
7fffffff
7fffffff
7fffffff
7fffffff
7fffffff
7fffffff
7fffffff
7fffffff
7fffffff
7fffffff
7fffffff
7fffffff
7fffffff
7fffffff
7fffffff
7fffffff
7fffffff
7fffffff
7fffffff
7fffffff
7fffffff
7fffffff
7fffffff
7fffffff
7fffffff
7fffffff
7fffffff
7fffffff
7fffffff
7fffffff
7fffffff
7fffffff
7fffffff
7fffffff
7fffffff
7fffffff
7fffffff
7fffffff
7fffffff
7fffffff
7fffffff
7fffffff
7fffffff
7fffffff
7fffffff
7fffffff
7fffffff
7fffffff
7fffffff
7fffffff
7fffffff
7fffffff
7fffffff
7fffffff
7fffffff
7fffffff
7fffffff
7fffffff
7fffffff
7fffffff
7fffffff
7fffffff
7fffffff
7fffffff
7fffffff
7fffffff
7fffffff
7fffffff
7fffffff
7fffffff
7fffffff
7fffffff
7fffffff
7fffffff
7fffffff
7fffffff
7fffffff
7fffffff
7fffffff
7fffffff
7fffffff
7fffffff
7fffffff
7fffffff
7fffffff
7fffffff
7fffffff
7fffffff
7fffffff
7fffffff
7fffffff
7fffffff
7fffffff
7fffffff
7fffffff
7fffffff
7fffffff
7fffffff
7fffffff
7fffffff
7fffffff
7fffffff
7fffffff
7fffffff
7fffffff
7fffffff
7fffffff
7fffffff
7fffffff
7fffffff
7fffffff
7fffffff
7fffffff
7fffffff
7fffffff
7fffffff
7fffffff
7fffffff
7fffffff
7fffffff
7fffffff
7fffffff
7fffffff
7fffffff
7fffffff
7fffffff
7fffffff
7fffffff
7fffffff
7fffffff
7fffffff
7fffffff
7fffffff
7fffffff
7fffffff
7fffffff
7fffffff
7fffffff
7fffffff
7fffffff
7fffffff
7fffffff
7fffffff
7fffffff
7fffffff
7fffffff
7fffffff
7fffffff
7fffffff
7fffffff
7fffffff
7fffffff
7fffffff
7fffffff
7fffffff
7fffffff
7fffffff
7fffffff
7fffffff
7fffffff
7fffffff
7fffffff
7fffffff
7fffffff
7fffffff
7fffffff
7fffffff
7fffffff
7fffffff
7fffffff
7fffffff
7fffffff
7fffffff
7fffffff
7fffffff
7fffffff
7fffffff
7fffffff
7fffffff
7fffffff
7fffffff
7fffffff
7fffffff
7fffffff
7fffffff
7fffffff
7fffffff
7fffffff
7fffffff
7fffffff
7fffffff
7fffffff
7fffffff
7fffffff
7fffffff
7fffffff
7fffffff
7fffffff
7fffffff
7fffffff
7fffffff
7fffffff
7fffffff
7fffffff
7fffffff
7fffffff
7fffffff
7fffffff
7fffffff
7fffffff
7fffffff
7fffffff
7fffffff
7fffffff
7fffffff
7fffffff
7fffffff
7fffffff
7fffffff
7fffffff
7fffffff
7fffffff
7fffffff
7fffffff
7fffffff
7fffffff
7fffffff
7fffffff
7fffffff
7fffffff
7fffffff
7fffffff
7fffffff
7fffffff
7fffffff
7fffffff
7fffffff
7fffffff
7fffffff
7fffffff
7fffffff
7fffffff
7fffffff
7fffffff
7fffffff
7fffffff
7fffffff
7fffffff
7fffffff
7fffffff
7fffffff
7fffffff
7fffffff
7fffffff
7fffffff
7fffffff
7fffffff
7fffffff
7fffffff
7fffffff
7fffffff
7fffffff
7fffffff
7fffffff
7fffffff
7fffffff
7fffffff
7fffffff
7fffffff
7fffffff
7fffffff
7fffffff
7fffffff
7fffffff
7fffffff
7fffffff
7fffffff
7fffffff
7fffffff
7fffffff
7fffffff
7fffffff
7fffffff
7fffffff
7fffffff
7fffffff
7fffffff
7fffffff
7fffffff
7fffffff
7fffffff
7fffffff
7fffffff
7fffffff
7fffffff
7fffffff
7fffffff
7fffffff
7fffffff
7fffffff
7fffffff
7fffffff
7fffffff
7fffffff
7fffffff
7fffffff
7fffffff
7fffffff
7fffffff
7fffffff
7fffffff
7fffffff
7fffffff
7fffffff
7fffffff
7fffffff
7fffffff
7fffffff
7fffffff
7fffffff
7fffffff
7fffffff
7fffffff
7fffffff
7fffffff
7fffffff
7fffffff
7fffffff
7fffffff
7fffffff
7fffffff
7fffffff
7fffffff
7fffffff
7fffffff
7fffffff
7fffffff
7fffffff
7fffffff
7fffffff
7fffffff
7fffffff
7fffffff
7fffffff
7fffffff
7fffffff
7fffffff
7fffffff
7fffffff
7fffffff
7fffffff
7fffffff
7fffffff
7fffffff
7fffffff
7fffffff
7fffffff
7fffffff
7fffffff
7fffffff
7fffffff
7fffffff
7fffffff
7fffffff
7fffffff
7fffffff
7fffffff
7fffffff
7fffffff
7fffffff
7fffffff
7fffffff
7fffffff
7fffffff
7fffffff
7fffffff
7fffffff
7fffffff
7fffffff
7fffffff
7fffffff
7fffffff
7fffffff
7fffffff
7fffffff
7fffffff
7fffffff
7fffffff
7fffffff
7fffffff
7fffffff
7fffffff
7fffffff
7fffffff
7fffffff
7fffffff
7fffffff
7fffffff
7fffffff
7fffffff
7fffffff
7fffffff
7fffffff
7fffffff
7fffffff
7fffffff
7fffffff
7fffffff
7fffffff
7fffffff
7fffffff
7fffffff
7fffffff
7fffffff
7fffffff
7fffffff
7fffffff
7fffffff
7fffffff
7fffffff
7fffffff
7fffffff
7fffffff
7fffffff
7fffffff
7fffffff
7fffffff
7fffffff
7fffffff
7fffffff
7fffffff
7fffffff
7fffffff
7fffffff
7fffffff
7fffffff
7fffffff
7fffffff
7fffffff
7fffffff
7fffffff
7fffffff
7fffffff
7fffffff
7fffffff
7fffffff
7fffffff
7fffffff
7fffffff
7fffffff
7fffffff
7fffffff
7fffffff
7fffffff
7fffffff
7fffffff
7fffffff
7fffffff
7fffffff
7fffffff
7fffffff
7fffffff
7fffffff
7fffffff
7fffffff
7fffffff
7fffffff
7fffffff
7fffffff
7fffffff
7fffffff
7fffffff
7fffffff
7fffffff
7fffffff
7fffffff
7fffffff
7fffffff
7fffffff
7fffffff
7fffffff
7fffffff
7fffffff
7fffffff
7fffffff
7fffffff
7fffffff
7fffffff
7fffffff
7fffffff
7fffffff
7fffffff
7fffffff
7fffffff
7fffffff
7fffffff
7fffffff
7fffffff
7fffffff
7fffffff
7fffffff
7fffffff
7fffffff
7fffffff
7fffffff
7fffffff
7fffffff
7fffffff
7fffffff
7fffffff
7fffffff
7fffffff
7fffffff
7fffffff
7fffffff
7fffffff
7fffffff
7fffffff
7fffffff
7fffffff
7fffffff
7fffffff
7fffffff
7fffffff
7fffffff
7fffffff
7fffffff
7fffffff
7fffffff
7fffffff
7fffffff
7fffffff
7fffffff
7fffffff
7fffffff
7fffffff
7fffffff
7fffffff
7fffffff
7fffffff
7fffffff
7fffffff
7fffffff
7fffffff
7fffffff
7fffffff
7fffffff
7fffffff
7fffffff
7fffffff
7fffffff
7fffffff
7fffffff
7fffffff
7fffffff
7fffffff
7fffffff
7fffffff
7fffffff
7fffffff
7fffffff
7fffffff
7fffffff
7fffffff
7fffffff
7fffffff
7fffffff
7fffffff
7fffffff
7fffffff
7fffffff
7fffffff
7fffffff
7fffffff
7fffffff
7fffffff
7fffffff
7fffffff
7fffffff
7fffffff
7fffffff
7fffffff
7fffffff
7fffffff
7fffffff
7fffffff
7fffffff
7fffffff
7fffffff
7fffffff
7fffffff
7fffffff
7fffffff
7fffffff
7fffffff
7fffffff
7fffffff
7fffffff
7fffffff
7fffffff
7fffffff
7fffffff
7fffffff
7fffffff
7fffffff
7fffffff
7fffffff
7fffffff
7fffffff
7fffffff
7fffffff
7fffffff
7fffffff
7fffffff
7fffffff
7fffffff
7fffffff
7fffffff
7fffffff
7fffffff
7fffffff
7fffffff
7fffffff
7fffffff
7fffffff
7fffffff
7fffffff
7fffffff
7fffffff
7fffffff
7fffffff
7fffffff
7fffffff
7fffffff
7fffffff
7fffffff
7fffffff
7fffffff
7fffffff
7fffffff
7fffffff
7fffffff
7fffffff
7fffffff
7fffffff
7fffffff
7fffffff
7fffffff
7fffffff
7fffffff
7fffffff
7fffffff
7fffffff
7fffffff
7fffffff
7fffffff
7fffffff
7fffffff
7fffffff
7fffffff
7fffffff
7fffffff
7fffffff
7fffffff
7fffffff
7fffffff
7fffffff
7fffffff
7fffffff
7fffffff
7fffffff
7fffffff
7fffffff
7fffffff
7fffffff
7fffffff
7fffffff
7fffffff
7fffffff
7fffffff
7fffffff
7fffffff
7fffffff
7fffffff
7fffffff
7fffffff
7fffffff
7fffffff
7fffffff
7fffffff
7fffffff
7fffffff
7fffffff
7fffffff
7fffffff
7fffffff
7fffffff
7fffffff
7fffffff
7fffffff
7fffffff
7fffffff
7fffffff
7fffffff
7fffffff
7fffffff
7fffffff
7fffffff
7fffffff
7fffffff
7fffffff
7fffffff
7fffffff
7fffffff
7fffffff
7fffffff
7fffffff
7fffffff
7fffffff
7fffffff
7fffffff
7fffffff
7fffffff
7fffffff
7fffffff
7fffffff
7fffffff
7fffffff
7fffffff
7fffffff
7fffffff
7fffffff
7fffffff
7fffffff
7fffffff
7fffffff
7fffffff
7fffffff
7fffffff
7fffffff
7fffffff
7fffffff
7fffffff
7fffffff
7fffffff
7fffffff
7fffffff
7fffffff
7fffffff
7fffffff
7fffffff
7fffffff
7fffffff
7fffffff
7fffffff
7fffffff
7fffffff
7fffffff
7fffffff
7fffffff
7fffffff
7fffffff
7fffffff
7fffffff
7fffffff
7fffffff
7fffffff
7fffffff
7fffffff
7fffffff
7fffffff
7fffffff
7fffffff
7fffffff
7fffffff
7fffffff
7fffffff
7fffffff
7fffffff
7fffffff
7fffffff
7fffffff
7fffffff
7fffffff
7fffffff
7fffffff
7fffffff
7fffffff
7fffffff
7fffffff
7fffffff
7fffffff
7fffffff
7fffffff
7fffffff
7fffffff
7fffffff
7fffffff
7fffffff
7fffffff
7fffffff
7fffffff
7fffffff
7fffffff
7fffffff
7fffffff
7fffffff
7fffffff
7fffffff
7fffffff
7fffffff
7fffffff
7fffffff
7fffffff
7fffffff
7fffffff
7fffffff
7fffffff
7fffffff
7fffffff
7fffffff
7fffffff
7fffffff
7fffffff
7fffffff
7fffffff
7fffffff
7fffffff
7fffffff
7fffffff
7fffffff
7fffffff
7fffffff
7fffffff
7fffffff
7fffffff
7fffffff
7fffffff
7fffffff
7fffffff
7fffffff
7fffffff
7fffffff
7fffffff
7fffffff
7fffffff
7fffffff
7fffffff
7fffffff
7fffffff
7fffffff
7fffffff
7fffffff
7fffffff
7fffffff
7fffffff
7fffffff
7fffffff
7fffffff
7fffffff
7fffffff
7fffffff
7fffffff
7fffffff
7fffffff
7fffffff
7fffffff
7fffffff
7fffffff
7fffffff
7fffffff
7fffffff
7fffffff
7fffffff
7fffffff
7fffffff
7fffffff
7fffffff
7fffffff
7fffffff
7fffffff
7fffffff
7fffffff
7fffffff
7fffffff
7fffffff
7fffffff
7fffffff
7fffffff
7fffffff
7fffffff
7fffffff
7fffffff
7fffffff
7fffffff
7fffffff
7fffffff
7fffffff
7fffffff
7fffffff
7fffffff
7fffffff
7fffffff
7fffffff
7fffffff
7fffffff
7fffffff
7fffffff
7fffffff
7fffffff
7fffffff
7fffffff
7fffffff
7fffffff
7fffffff
7fffffff
7fffffff
7fffffff
7fffffff
7fffffff
7fffffff
7fffffff
7fffffff
7fffffff
7fffffff
7fffffff
7fffffff
7fffffff
7fffffff
7fffffff
7fffffff
7fffffff
7fffffff
7fffffff
7fffffff
7fffffff
7fffffff
7fffffff
7fffffff
7fffffff
7fffffff
7fffffff
7fffffff
7fffffff
7fffffff
7fffffff
7fffffff
7fffffff
7fffffff
7fffffff
7fffffff
7fffffff
7fffffff
7fffffff
7fffffff
7fffffff
7fffffff
7fffffff
7fffffff
7fffffff
7fffffff
7fffffff
7fffffff
7fffffff
7fffffff
7fffffff
7fffffff
7fffffff
7fffffff
7fffffff
7fffffff
7fffffff
7fffffff
7fffffff
7fffffff
7fffffff
7fffffff
7fffffff
7fffffff
7fffffff
7fffffff
7fffffff
7fffffff
7fffffff
7fffffff
7fffffff
7fffffff
7fffffff
7fffffff
7fffffff
7fffffff
7fffffff
7fffffff
7fffffff
7fffffff
7fffffff
7fffffff
7fffffff
7fffffff
7fffffff
7fffffff
7fffffff
7fffffff
7fffffff
7fffffff
7fffffff
7fffffff
7fffffff
7fffffff
7fffffff
7fffffff
7fffffff
7fffffff
7fffffff
7fffffff
7fffffff
7fffffff
7fffffff
7fffffff
7fffffff
7fffffff
7fffffff
7fffffff
7fffffff
7fffffff
7fffffff
7fffffff
7fffffff
7fffffff
7fffffff
7fffffff
7fffffff
7fffffff
7fffffff
7fffffff
7fffffff
7fffffff
7fffffff
7fffffff
7fffffff
7fffffff
7fffffff
7fffffff
7fffffff
7fffffff
7fffffff
7fffffff
7fffffff
7fffffff
7fffffff
7fffffff
7fffffff
7fffffff
7fffffff
7fffffff
7fffffff
7fffffff
7fffffff
7fffffff
7fffffff
7fffffff
7fffffff
7fffffff
7fffffff
7fffffff
7fffffff
7fffffff
7fffffff
7fffffff
7fffffff
7fffffff
7fffffff
7fffffff
7fffffff
7fffffff
7fffffff
7fffffff
7fffffff
7fffffff
7fffffff
7fffffff
7fffffff
7fffffff
7fffffff
7fffffff
7fffffff
7fffffff
7fffffff
7fffffff
7fffffff
7fffffff
7fffffff
7fffffff
7fffffff
7fffffff
7fffffff
7fffffff
7fffffff
7fffffff
7fffffff
7fffffff
7fffffff
7fffffff
7fffffff
7fffffff
7fffffff
7fffffff
7fffffff
7fffffff
7fffffff
7fffffff
7fffffff
7fffffff
7fffffff
7fffffff
7fffffff
7fffffff
7fffffff
7fffffff
7fffffff
7fffffff
7fffffff
7fffffff
7fffffff
7fffffff
7fffffff
7fffffff
7fffffff
7fffffff
7fffffff
7fffffff
7fffffff
7fffffff
7fffffff
7fffffff
7fffffff
7fffffff
7fffffff
7fffffff
7fffffff
7fffffff
7fffffff
7fffffff
7fffffff
7fffffff
7fffffff
7fffffff
7fffffff
7fffffff
7fffffff
7fffffff
7fffffff
7fffffff
7fffffff
7fffffff
7fffffff
7fffffff
7fffffff
7fffffff
7fffffff
7fffffff
7fffffff
7fffffff
7fffffff
7fffffff
7fffffff
7fffffff
7fffffff
7fffffff
7fffffff
7fffffff
7fffffff
7fffffff
7fffffff
7fffffff
7fffffff
7fffffff
7fffffff
7fffffff
7fffffff
7fffffff
7fffffff
7fffffff
7fffffff
7fffffff
7fffffff
7fffffff
7fffffff
7fffffff
7fffffff
7fffffff
7fffffff
7fffffff
7fffffff
7fffffff
7fffffff
7fffffff
7fffffff
7fffffff
7fffffff
7fffffff
7fffffff
7fffffff
7fffffff
7fffffff
7fffffff
7fffffff
7fffffff
7fffffff
7fffffff
7fffffff
7fffffff
7fffffff
7fffffff
7fffffff
7fffffff
7fffffff
7fffffff
7fffffff
7fffffff
7fffffff
7fffffff
7fffffff
7fffffff
7fffffff
7fffffff
7fffffff
7fffffff
7fffffff
7fffffff
7fffffff
7fffffff
7fffffff
7fffffff
7fffffff
7fffffff
7fffffff
7fffffff
7fffffff
7fffffff
7fffffff
7fffffff
7fffffff
7fffffff
7fffffff
7fffffff
7fffffff
7fffffff
7fffffff
7fffffff
7fffffff
7fffffff
7fffffff
7fffffff
7fffffff
7fffffff
7fffffff
7fffffff
7fffffff
7fffffff
7fffffff
7fffffff
7fffffff
7fffffff
7fffffff
7fffffff
7fffffff
7fffffff
7fffffff
7fffffff
7fffffff
7fffffff
7fffffff
7fffffff
7fffffff
7fffffff
7fffffff
7fffffff
7fffffff
7fffffff
7fffffff
7fffffff
7fffffff
7fffffff
7fffffff
7fffffff
7fffffff
7fffffff
7fffffff
7fffffff
7fffffff
7fffffff
7fffffff
7fffffff
7fffffff
7fffffff
7fffffff
7fffffff
7fffffff
7fffffff
7fffffff
7fffffff
7fffffff
7fffffff
7fffffff
7fffffff
7fffffff
7fffffff
7fffffff
7fffffff
7fffffff
7fffffff
7fffffff
7fffffff
7fffffff
7fffffff
7fffffff
7fffffff
7fffffff
7fffffff
7fffffff
7fffffff
7fffffff
7fffffff
7fffffff
7fffffff
7fffffff
7fffffff
7fffffff
7fffffff
7fffffff
7fffffff
7fffffff
7fffffff
7fffffff
7fffffff
7fffffff
7fffffff
7fffffff
7fffffff
7fffffff
7fffffff
7fffffff
7fffffff
7fffffff
7fffffff
7fffffff
7fffffff
7fffffff
7fffffff
7fffffff
7fffffff
7fffffff
7fffffff
7fffffff
7fffffff
7fffffff
7fffffff
7fffffff
7fffffff
7fffffff
7fffffff
7fffffff
7fffffff
7fffffff
7fffffff
7fffffff
7fffffff
7fffffff
7fffffff
7fffffff
7fffffff
7fffffff
7fffffff
7fffffff
7fffffff
7fffffff
7fffffff
7fffffff
7fffffff
7fffffff
7fffffff
7fffffff
7fffffff
7fffffff
7fffffff
7fffffff
7fffffff
7fffffff
7fffffff
7fffffff
7fffffff
7fffffff
7fffffff
7fffffff
7fffffff
7fffffff
7fffffff
7fffffff
7fffffff
7fffffff
7fffffff
7fffffff
7fffffff
7fffffff
7fffffff
7fffffff
7fffffff
7fffffff
7fffffff
7fffffff
7fffffff
7fffffff
7fffffff
7fffffff
7fffffff
7fffffff
7fffffff
7fffffff
7fffffff
7fffffff
7fffffff
7fffffff
7fffffff
7fffffff
7fffffff
7fffffff
7fffffff
7fffffff
7fffffff
7fffffff
7fffffff
7fffffff
7fffffff
7fffffff
7fffffff
7fffffff
7fffffff
7fffffff
7fffffff
7fffffff
7fffffff
7fffffff
7fffffff
7fffffff
7fffffff
7fffffff
7fffffff
7fffffff
7fffffff
7fffffff
7fffffff
7fffffff
7fffffff
7fffffff
7fffffff
7fffffff
7fffffff
7fffffff
7fffffff
7fffffff
7fffffff
7fffffff
7fffffff
7fffffff
7fffffff
7fffffff
7fffffff
7fffffff
7fffffff
7fffffff
7fffffff
7fffffff
7fffffff
7fffffff
7fffffff
7fffffff
7fffffff
7fffffff
7fffffff
7fffffff
7fffffff
7fffffff
7fffffff
7fffffff
7fffffff
7fffffff
7fffffff
7fffffff
7fffffff
7fffffff
7fffffff
7fffffff
7fffffff
7fffffff
7fffffff
7fffffff
7fffffff
7fffffff
7fffffff
7fffffff
7fffffff
7fffffff
7fffffff
7fffffff
7fffffff
7fffffff
7fffffff
7fffffff
7fffffff
7fffffff
7fffffff
7fffffff
7fffffff
7fffffff
7fffffff
7fffffff
7fffffff
7fffffff
7fffffff
7fffffff
7fffffff
7fffffff
7fffffff
7fffffff
7fffffff
7fffffff
7fffffff
7fffffff
7fffffff
7fffffff
7fffffff
7fffffff
7fffffff
7fffffff
7fffffff
7fffffff
7fffffff
7fffffff
7fffffff
7fffffff
7fffffff
7fffffff
7fffffff
7fffffff
7fffffff
7fffffff
7fffffff
7fffffff
7fffffff
7fffffff
7fffffff
7fffffff
7fffffff
7fffffff
7fffffff
7fffffff
7fffffff
7fffffff
7fffffff
7fffffff
7fffffff
7fffffff
7fffffff
7fffffff
7fffffff
7fffffff
7fffffff
7fffffff
7fffffff
7fffffff
7fffffff
7fffffff
7fffffff
7fffffff
7fffffff
7fffffff
7fffffff
7fffffff
7fffffff
7fffffff
7fffffff
7fffffff
7fffffff
7fffffff
7fffffff
7fffffff
7fffffff
7fffffff
7fffffff
7fffffff
7fffffff
7fffffff
7fffffff
7fffffff
7fffffff
7fffffff
7fffffff
7fffffff
7fffffff
7fffffff
7fffffff
7fffffff
7fffffff
7fffffff
7fffffff
7fffffff
7fffffff
7fffffff
7fffffff
7fffffff
7fffffff
7fffffff
7fffffff
7fffffff
7fffffff
7fffffff
7fffffff
7fffffff
7fffffff
7fffffff
7fffffff
7fffffff
7fffffff
7fffffff
7fffffff
7fffffff
7fffffff
7fffffff
7fffffff
7fffffff
7fffffff
7fffffff
7fffffff
7fffffff
7fffffff
7fffffff
7fffffff
7fffffff
7fffffff
7fffffff
7fffffff
7fffffff
7fffffff
7fffffff
7fffffff
7fffffff
7fffffff
7fffffff
7fffffff
7fffffff
7fffffff
7fffffff
7fffffff
7fffffff
7fffffff
7fffffff
7fffffff
7fffffff
7fffffff
7fffffff
7fffffff
7fffffff
7fffffff
7fffffff
7fffffff
7fffffff
7fffffff
7fffffff
7fffffff
7fffffff
7fffffff
7fffffff
7fffffff
7fffffff
7fffffff
7fffffff
7fffffff
7fffffff
7fffffff
7fffffff
7fffffff
7fffffff
7fffffff
7fffffff
7fffffff
7fffffff
7fffffff
7fffffff
7fffffff
7fffffff
7fffffff
7fffffff
7fffffff
7fffffff
7fffffff
7fffffff
7fffffff
7fffffff
7fffffff
7fffffff
7fffffff
7fffffff
7fffffff
7fffffff
7fffffff
7fffffff
7fffffff
7fffffff
7fffffff
7fffffff
7fffffff
7fffffff
7fffffff
7fffffff
7fffffff
7fffffff
7fffffff
7fffffff
7fffffff
7fffffff
7fffffff
7fffffff
7fffffff
7fffffff
7fffffff
7fffffff
7fffffff
7fffffff
7fffffff
7fffffff
7fffffff
7fffffff
7fffffff
7fffffff
7fffffff
7fffffff
7fffffff
7fffffff
7fffffff
7fffffff
7fffffff
7fffffff
7fffffff
7fffffff
7fffffff
7fffffff
7fffffff
7fffffff
7fffffff
7fffffff
7fffffff
7fffffff
7fffffff
7fffffff
7fffffff
7fffffff
7fffffff
7fffffff
7fffffff
7fffffff
7fffffff
7fffffff
7fffffff
7fffffff
7fffffff
7fffffff
7fffffff
7fffffff
7fffffff
7fffffff
7fffffff
7fffffff
7fffffff
7fffffff
7fffffff
7fffffff
7fffffff
7fffffff
7fffffff
7fffffff
7fffffff
7fffffff
7fffffff
7fffffff
7fffffff
7fffffff
7fffffff
7fffffff
7fffffff
7fffffff
7fffffff
7fffffff
7fffffff
7fffffff
7fffffff
7fffffff
7fffffff
7fffffff
7fffffff
7fffffff
7fffffff
7fffffff
7fffffff
7fffffff
7fffffff
7fffffff
7fffffff
7fffffff
7fffffff
7fffffff
7fffffff
7fffffff
7fffffff
7fffffff
7fffffff
7fffffff
7fffffff
7fffffff
7fffffff
7fffffff
7fffffff
7fffffff
7fffffff
7fffffff
7fffffff
7fffffff
7fffffff
7fffffff
7fffffff
7fffffff
7fffffff
7fffffff
7fffffff
7fffffff
7fffffff
7fffffff
7fffffff
7fffffff
7fffffff
7fffffff
7fffffff
7fffffff
7fffffff
7fffffff
7fffffff
7fffffff
7fffffff
7fffffff
7fffffff
7fffffff
7fffffff
7fffffff
7fffffff
7fffffff
7fffffff
7fffffff
7fffffff
7fffffff
7fffffff
7fffffff
7fffffff
7fffffff
7fffffff
7fffffff
7fffffff
7fffffff
7fffffff
7fffffff
7fffffff
7fffffff
7fffffff
7fffffff
7fffffff
7fffffff
7fffffff
7fffffff
7fffffff
7fffffff
7fffffff
7fffffff
7fffffff
7fffffff
7fffffff
7fffffff
7fffffff
7fffffff
7fffffff
7fffffff
7fffffff
7fffffff
7fffffff
7fffffff
7fffffff
7fffffff
7fffffff
7fffffff
7fffffff
7fffffff
7fffffff
7fffffff
7fffffff
7fffffff
7fffffff
7fffffff
7fffffff
7fffffff
7fffffff
7fffffff
7fffffff
7fffffff
7fffffff
7fffffff
7fffffff
7fffffff
7fffffff
7fffffff
7fffffff
7fffffff
7fffffff
7fffffff
7fffffff
7fffffff
7fffffff
7fffffff
7fffffff
7fffffff
7fffffff
7fffffff
7fffffff
7fffffff
7fffffff
7fffffff
7fffffff
7fffffff
7fffffff
7fffffff
7fffffff
7fffffff
7fffffff
7fffffff
7fffffff
7fffffff
7fffffff
7fffffff
7fffffff
7fffffff
7fffffff
7fffffff
7fffffff
7fffffff
7fffffff
7fffffff
7fffffff
7fffffff
7fffffff
7fffffff
7fffffff
7fffffff
7fffffff
7fffffff
7fffffff
7fffffff
7fffffff
7fffffff
7fffffff
7fffffff
7fffffff
7fffffff
7fffffff
7fffffff
7fffffff
7fffffff
7fffffff
7fffffff
7fffffff
7fffffff
7fffffff
7fffffff
7fffffff
7fffffff
7fffffff
7fffffff
7fffffff
7fffffff
7fffffff
7fffffff
7fffffff
7fffffff
7fffffff
7fffffff
7fffffff
7fffffff
7fffffff
7fffffff
7fffffff
7fffffff
7fffffff
7fffffff
7fffffff
7fffffff
7fffffff
7fffffff
7fffffff
7fffffff
7fffffff
7fffffff
7fffffff
7fffffff
7fffffff
7fffffff
7fffffff
7fffffff
7fffffff
7fffffff
7fffffff
7fffffff
7fffffff
7fffffff
7fffffff
7fffffff
7fffffff
7fffffff
7fffffff
7fffffff
7fffffff
7fffffff
7fffffff
7fffffff
7fffffff
7fffffff
7fffffff
7fffffff
7fffffff
7fffffff
7fffffff
7fffffff
7fffffff
7fffffff
7fffffff
7fffffff
7fffffff
7fffffff
7fffffff
7fffffff
7fffffff
7fffffff
7fffffff
7fffffff
7fffffff
7fffffff
7fffffff
7fffffff
7fffffff
7fffffff
7fffffff
7fffffff
7fffffff
7fffffff
7fffffff
7fffffff
7fffffff
7fffffff
7fffffff
7fffffff
7fffffff
7fffffff
7fffffff
7fffffff
7fffffff
7fffffff
7fffffff
7fffffff
7fffffff
7fffffff
7fffffff
7fffffff
7fffffff
7fffffff
7fffffff
7fffffff
7fffffff
7fffffff
7fffffff
7fffffff
7fffffff
7fffffff
7fffffff
7fffffff
7fffffff
7fffffff
7fffffff
7fffffff
7fffffff
7fffffff
7fffffff
7fffffff
7fffffff
7fffffff
7fffffff
7fffffff
7fffffff
7fffffff
7fffffff
7fffffff
7fffffff
7fffffff
7fffffff
7fffffff
7fffffff
7fffffff
7fffffff
7fffffff
7fffffff
7fffffff
7fffffff
7fffffff
7fffffff
7fffffff
7fffffff
7fffffff
7fffffff
7fffffff
7fffffff
7fffffff
7fffffff
7fffffff
7fffffff
7fffffff
7fffffff
7fffffff
7fffffff
7fffffff
7fffffff
7fffffff
7fffffff
7fffffff
7fffffff
7fffffff
7fffffff
7fffffff
7fffffff
7fffffff
7fffffff
7fffffff
7fffffff
7fffffff
7fffffff
7fffffff
7fffffff
7fffffff
7fffffff
7fffffff
7fffffff
7fffffff
7fffffff
7fffffff
7fffffff
7fffffff
7fffffff
7fffffff
7fffffff
7fffffff
7fffffff
7fffffff
7fffffff
7fffffff
7fffffff
7fffffff
7fffffff
7fffffff
7fffffff
7fffffff
7fffffff
7fffffff
7fffffff
7fffffff
7fffffff
7fffffff
7fffffff
7fffffff
7fffffff
7fffffff
7fffffff
7fffffff
7fffffff
7fffffff
7fffffff
7fffffff
7fffffff
7fffffff
7fffffff
7fffffff
7fffffff
7fffffff
7fffffff
7fffffff
7fffffff
7fffffff
7fffffff
7fffffff
7fffffff
7fffffff
7fffffff
7fffffff
7fffffff
7fffffff
7fffffff
7fffffff
7fffffff
7fffffff
7fffffff
7fffffff
7fffffff
7fffffff
7fffffff
7fffffff
7fffffff
7fffffff
7fffffff
7fffffff
7fffffff
7fffffff
7fffffff
7fffffff
7fffffff
7fffffff
7fffffff
7fffffff
7fffffff
7fffffff
7fffffff
7fffffff
7fffffff
7fffffff
7fffffff
7fffffff
7fffffff
7fffffff
7fffffff
7fffffff
7fffffff
7fffffff
7fffffff
7fffffff
7fffffff
7fffffff
7fffffff
7fffffff
7fffffff
7fffffff
7fffffff
7fffffff
7fffffff
7fffffff
7fffffff
7fffffff
7fffffff
7fffffff
7fffffff
7fffffff
7fffffff
7fffffff
7fffffff
7fffffff
7fffffff
7fffffff
7fffffff
7fffffff
7fffffff
7fffffff
7fffffff
7fffffff
7fffffff
7fffffff
7fffffff
7fffffff
7fffffff
7fffffff
7fffffff
7fffffff
7fffffff
7fffffff
7fffffff
7fffffff
7fffffff
7fffffff
7fffffff
7fffffff
7fffffff
7fffffff
7fffffff
7fffffff
7fffffff
7fffffff
7fffffff
7fffffff
7fffffff
7fffffff
7fffffff
7fffffff
7fffffff
7fffffff
7fffffff
7fffffff
7fffffff
7fffffff
7fffffff
7fffffff
7fffffff
7fffffff
7fffffff
7fffffff
7fffffff
7fffffff
7fffffff
7fffffff
7fffffff
7fffffff
7fffffff
7fffffff
7fffffff
7fffffff
7fffffff
7fffffff
7fffffff
7fffffff
7fffffff
7fffffff
7fffffff
7fffffff
7fffffff
7fffffff
7fffffff
7fffffff
7fffffff
7fffffff
7fffffff
7fffffff
7fffffff
7fffffff
7fffffff
7fffffff
7fffffff
7fffffff
7fffffff
7fffffff
7fffffff
7fffffff
7fffffff
7fffffff
7fffffff
7fffffff
7fffffff
7fffffff
7fffffff
7fffffff
7fffffff
7fffffff
7fffffff
7fffffff
7fffffff
7fffffff
7fffffff
7fffffff
7fffffff
7fffffff
7fffffff
7fffffff
7fffffff
7fffffff
7fffffff
7fffffff
7fffffff
7fffffff
7fffffff
7fffffff
7fffffff
7fffffff
7fffffff
7fffffff
7fffffff
7fffffff
7fffffff
7fffffff
7fffffff
7fffffff
7fffffff
7fffffff
7fffffff
7fffffff
7fffffff
7fffffff
7fffffff
7fffffff
7fffffff
7fffffff
7fffffff
7fffffff
7fffffff
7fffffff
7fffffff
7fffffff
7fffffff
7fffffff
7fffffff
7fffffff
7fffffff
7fffffff
7fffffff
7fffffff
7fffffff
7fffffff
7fffffff
7fffffff
7fffffff
7fffffff
7fffffff
7fffffff
7fffffff
7fffffff
7fffffff
7fffffff
7fffffff
7fffffff
7fffffff
7fffffff
7fffffff
7fffffff
7fffffff
7fffffff
7fffffff
7fffffff
7fffffff
7fffffff
7fffffff
7fffffff
7fffffff
7fffffff
7fffffff
7fffffff
7fffffff
7fffffff
7fffffff
7fffffff
7fffffff
7fffffff
7fffffff
7fffffff
7fffffff
7fffffff
7fffffff
7fffffff
7fffffff
7fffffff
7fffffff
7fffffff
7fffffff
7fffffff
7fffffff
7fffffff
7fffffff
7fffffff
7fffffff
7fffffff
7fffffff
7fffffff
7fffffff
7fffffff
7fffffff
7fffffff
7fffffff
7fffffff
7fffffff
7fffffff
7fffffff
7fffffff
7fffffff
7fffffff
7fffffff
7fffffff
7fffffff
7fffffff
7fffffff
7fffffff
7fffffff
7fffffff
7fffffff
7fffffff
7fffffff
7fffffff
7fffffff
7fffffff
7fffffff
7fffffff
7fffffff
7fffffff
7fffffff
7fffffff
7fffffff
7fffffff
7fffffff
7fffffff
7fffffff
7fffffff
7fffffff
7fffffff
7fffffff
7fffffff
7fffffff
7fffffff
7fffffff
7fffffff
7fffffff
7fffffff
7fffffff
7fffffff
7fffffff
7fffffff
7fffffff
7fffffff
7fffffff
7fffffff
7fffffff
7fffffff
7fffffff
7fffffff
7fffffff
7fffffff
7fffffff
7fffffff
7fffffff
7fffffff
7fffffff
7fffffff
7fffffff
7fffffff
7fffffff
7fffffff
7fffffff
7fffffff
7fffffff
7fffffff
7fffffff
7fffffff
7fffffff
7fffffff
7fffffff
7fffffff
7fffffff
7fffffff
7fffffff
7fffffff
7fffffff
7fffffff
7fffffff
7fffffff
7fffffff
7fffffff
7fffffff
7fffffff
7fffffff
7fffffff
7fffffff
7fffffff
7fffffff
7fffffff
7fffffff
7fffffff
7fffffff
7fffffff
7fffffff
7fffffff
7fffffff
7fffffff
7fffffff
7fffffff
7fffffff
7fffffff
7fffffff
7fffffff
7fffffff
7fffffff
7fffffff
7fffffff
7fffffff
7fffffff
7fffffff
7fffffff
7fffffff
7fffffff
7fffffff
7fffffff
7fffffff
7fffffff
7fffffff
7fffffff
7fffffff
7fffffff
7fffffff
7fffffff
7fffffff
7fffffff
7fffffff
7fffffff
7fffffff
7fffffff
7fffffff
7fffffff
7fffffff
7fffffff
7fffffff
7fffffff
7fffffff
7fffffff
7fffffff
7fffffff
7fffffff
7fffffff
7fffffff
7fffffff
7fffffff
7fffffff
7fffffff
7fffffff
7fffffff
7fffffff
7fffffff
7fffffff
7fffffff
7fffffff
7fffffff
7fffffff
7fffffff
7fffffff
7fffffff
7fffffff
7fffffff
7fffffff
7fffffff
7fffffff
7fffffff
7fffffff
7fffffff
7fffffff
7fffffff
7fffffff
7fffffff
7fffffff
7fffffff
7fffffff
7fffffff
7fffffff
7fffffff
7fffffff
7fffffff
7fffffff
7fffffff
7fffffff
7fffffff
7fffffff
7fffffff
7fffffff
7fffffff
7fffffff
7fffffff
7fffffff
7fffffff
7fffffff
7fffffff
7fffffff
7fffffff
7fffffff
7fffffff
7fffffff
7fffffff
7fffffff
7fffffff
7fffffff
7fffffff
7fffffff
7fffffff
7fffffff
7fffffff
7fffffff
7fffffff
7fffffff
7fffffff
7fffffff
7fffffff
7fffffff
7fffffff
7fffffff
7fffffff
7fffffff
7fffffff
7fffffff
7fffffff
7fffffff
7fffffff
7fffffff
7fffffff
7fffffff
7fffffff
7fffffff
7fffffff
7fffffff
7fffffff
7fffffff
7fffffff
7fffffff
7fffffff
7fffffff
7fffffff
7fffffff
7fffffff
7fffffff
7fffffff
7fffffff
7fffffff
7fffffff
7fffffff
7fffffff
7fffffff
7fffffff
7fffffff
7fffffff
7fffffff
7fffffff
7fffffff
7fffffff
7fffffff
7fffffff
7fffffff
7fffffff
7fffffff
7fffffff
7fffffff
7fffffff
7fffffff
7fffffff
7fffffff
7fffffff
7fffffff
7fffffff
7fffffff
7fffffff
7fffffff
7fffffff
7fffffff
7fffffff
7fffffff
7fffffff
7fffffff
7fffffff
7fffffff
7fffffff
7fffffff
7fffffff
7fffffff
7fffffff
7fffffff
7fffffff
7fffffff
7fffffff
7fffffff
7fffffff
7fffffff
7fffffff
7fffffff
7fffffff
7fffffff
7fffffff
7fffffff
7fffffff
7fffffff
7fffffff
7fffffff
7fffffff
7fffffff
7fffffff
7fffffff
7fffffff
7fffffff
7fffffff
7fffffff
7fffffff
7fffffff
7fffffff
7fffffff
7fffffff
7fffffff
7fffffff
7fffffff
7fffffff
7fffffff
7fffffff
7fffffff
7fffffff
7fffffff
7fffffff
7fffffff
7fffffff
7fffffff
7fffffff
7fffffff
7fffffff
7fffffff
7fffffff
7fffffff
7fffffff
7fffffff
7fffffff
7fffffff
7fffffff
7fffffff
7fffffff
7fffffff
7fffffff
7fffffff
7fffffff
7fffffff
7fffffff
7fffffff
7fffffff
7fffffff
7fffffff
7fffffff
7fffffff
7fffffff
7fffffff
7fffffff
7fffffff
7fffffff
7fffffff
7fffffff
7fffffff
7fffffff
7fffffff
7fffffff
7fffffff
7fffffff
7fffffff
7fffffff
7fffffff
7fffffff
7fffffff
7fffffff
7fffffff
7fffffff
7fffffff
7fffffff
7fffffff
7fffffff
7fffffff
7fffffff
7fffffff
7fffffff
7fffffff
7fffffff
7fffffff
7fffffff
7fffffff
7fffffff
7fffffff
7fffffff
7fffffff
7fffffff
7fffffff
7fffffff
7fffffff
7fffffff
7fffffff
7fffffff
7fffffff
7fffffff
7fffffff
7fffffff
7fffffff
7fffffff
7fffffff
7fffffff
7fffffff
7fffffff
7fffffff
7fffffff
7fffffff
7fffffff
7fffffff
7fffffff
7fffffff
7fffffff
7fffffff
7fffffff
7fffffff
7fffffff
7fffffff
7fffffff
7fffffff
7fffffff
7fffffff
7fffffff
7fffffff
7fffffff
7fffffff
7fffffff
7fffffff
7fffffff
7fffffff
7fffffff
7fffffff
7fffffff
7fffffff
7fffffff
7fffffff
7fffffff
7fffffff
7fffffff
7fffffff
7fffffff
7fffffff
7fffffff
7fffffff
7fffffff
7fffffff
7fffffff
7fffffff
7fffffff
7fffffff
7fffffff
7fffffff
7fffffff
7fffffff
7fffffff
7fffffff
7fffffff
7fffffff
7fffffff
7fffffff
7fffffff
7fffffff
7fffffff
7fffffff
7fffffff
7fffffff
7fffffff
7fffffff
7fffffff
7fffffff
7fffffff
7fffffff
7fffffff
7fffffff
7fffffff
7fffffff
7fffffff
7fffffff
7fffffff
7fffffff
7fffffff
7fffffff
7fffffff
7fffffff
7fffffff
7fffffff
7fffffff
7fffffff
7fffffff
7fffffff
7fffffff
7fffffff
7fffffff
7fffffff
7fffffff
7fffffff
7fffffff
7fffffff
7fffffff
7fffffff
7fffffff
7fffffff
7fffffff
7fffffff
7fffffff
7fffffff
7fffffff
7fffffff
7fffffff
7fffffff
7fffffff
7fffffff
7fffffff
7fffffff
7fffffff
7fffffff
7fffffff
7fffffff
7fffffff
7fffffff
7fffffff
7fffffff
7fffffff
7fffffff
7fffffff
7fffffff
7fffffff
7fffffff
7fffffff
7fffffff
7fffffff
7fffffff
7fffffff
7fffffff
7fffffff
7fffffff
7fffffff
7fffffff
7fffffff
7fffffff
7fffffff
7fffffff
7fffffff
7fffffff
7fffffff
7fffffff
7fffffff
7fffffff
7fffffff
7fffffff
7fffffff
7fffffff
7fffffff
7fffffff
7fffffff
7fffffff
7fffffff
7fffffff
7fffffff
7fffffff
7fffffff
7fffffff
7fffffff
7fffffff
7fffffff
7fffffff
7fffffff
7fffffff
7fffffff
7fffffff
7fffffff
7fffffff
7fffffff
7fffffff
7fffffff
7fffffff
7fffffff
7fffffff
7fffffff
7fffffff
7fffffff
7fffffff
7fffffff
7fffffff
7fffffff
7fffffff
7fffffff
7fffffff
7fffffff
7fffffff
7fffffff
7fffffff
7fffffff
7fffffff
7fffffff
7fffffff
7fffffff
7fffffff
7fffffff
7fffffff
7fffffff
7fffffff
7fffffff
7fffffff
7fffffff
7fffffff
7fffffff
7fffffff
7fffffff
7fffffff
7fffffff
7fffffff
7fffffff
7fffffff
7fffffff
7fffffff
7fffffff
7fffffff
7fffffff
7fffffff
7fffffff
7fffffff
7fffffff
7fffffff
7fffffff
7fffffff
7fffffff
7fffffff
7fffffff
7fffffff
7fffffff
7fffffff
7fffffff
7fffffff
7fffffff
7fffffff
7fffffff
7fffffff
7fffffff
7fffffff
7fffffff
7fffffff
7fffffff
7fffffff
7fffffff
7fffffff
7fffffff
7fffffff
7fffffff
7fffffff
7fffffff
7fffffff
7fffffff
7fffffff
7fffffff
7fffffff
7fffffff
7fffffff
7fffffff
7fffffff
7fffffff
7fffffff
7fffffff
7fffffff
7fffffff
7fffffff
7fffffff
7fffffff
7fffffff
7fffffff
7fffffff
7fffffff
7fffffff
7fffffff
7fffffff
7fffffff
7fffffff
7fffffff
7fffffff
7fffffff
7fffffff
7fffffff
7fffffff
7fffffff
7fffffff
7fffffff
7fffffff
7fffffff
7fffffff
7fffffff
7fffffff
7fffffff
7fffffff
7fffffff
7fffffff
7fffffff
7fffffff
7fffffff
7fffffff
7fffffff
7fffffff
7fffffff
7fffffff
7fffffff
7fffffff
7fffffff
7fffffff
7fffffff
7fffffff
7fffffff
7fffffff
7fffffff
7fffffff
7fffffff
7fffffff
7fffffff
7fffffff
7fffffff
7fffffff
7fffffff
7fffffff
7fffffff
7fffffff
7fffffff
7fffffff
7fffffff
7fffffff
7fffffff
7fffffff
7fffffff
7fffffff
7fffffff
7fffffff
7fffffff
7fffffff
7fffffff
7fffffff
7fffffff
7fffffff
7fffffff
7fffffff
7fffffff
7fffffff
7fffffff
7fffffff
7fffffff
7fffffff
7fffffff
7fffffff
7fffffff
7fffffff
7fffffff
7fffffff
7fffffff
7fffffff
7fffffff
7fffffff
7fffffff
7fffffff
7fffffff
7fffffff
7fffffff
7fffffff
7fffffff
7fffffff
7fffffff
7fffffff
7fffffff
7fffffff
7fffffff
7fffffff
7fffffff
7fffffff
7fffffff
7fffffff
7fffffff
7fffffff
7fffffff
7fffffff
7fffffff
7fffffff
7fffffff
7fffffff
7fffffff
7fffffff
7fffffff
7fffffff
7fffffff
7fffffff
7fffffff
7fffffff
7fffffff
7fffffff
7fffffff
7fffffff
7fffffff
7fffffff
7fffffff
7fffffff
7fffffff
7fffffff
7fffffff
7fffffff
7fffffff
7fffffff
7fffffff
7fffffff
7fffffff
7fffffff
7fffffff
7fffffff
7fffffff
7fffffff
7fffffff
7fffffff
7fffffff
7fffffff
7fffffff
7fffffff
7fffffff
7fffffff
7fffffff
7fffffff
7fffffff
7fffffff
7fffffff
7fffffff
7fffffff
7fffffff
7fffffff
7fffffff
7fffffff
7fffffff
7fffffff
7fffffff
7fffffff
7fffffff
7fffffff
7fffffff
7fffffff
7fffffff
7fffffff
7fffffff
7fffffff
7fffffff
7fffffff
7fffffff
7fffffff
7fffffff
7fffffff
7fffffff
7fffffff
7fffffff
7fffffff
7fffffff
7fffffff
7fffffff
7fffffff
7fffffff
7fffffff
7fffffff
7fffffff
7fffffff
7fffffff
7fffffff
7fffffff
7fffffff
7fffffff
7fffffff
7fffffff
7fffffff
7fffffff
7fffffff
7fffffff
7fffffff
7fffffff
7fffffff
7fffffff
7fffffff
7fffffff
7fffffff
7fffffff
7fffffff
7fffffff
7fffffff
7fffffff
7fffffff
7fffffff
7fffffff
7fffffff
7fffffff
7fffffff
7fffffff
7fffffff
7fffffff
7fffffff
7fffffff
7fffffff
7fffffff
7fffffff
7fffffff
7fffffff
7fffffff
7fffffff
7fffffff
7fffffff
7fffffff
7fffffff
7fffffff
7fffffff
7fffffff
7fffffff
7fffffff
7fffffff
7fffffff
7fffffff
7fffffff
7fffffff
7fffffff
7fffffff
7fffffff
7fffffff
7fffffff
7fffffff
7fffffff
7fffffff
7fffffff
7fffffff
7fffffff
7fffffff
7fffffff
7fffffff
7fffffff
7fffffff
7fffffff
7fffffff
7fffffff
7fffffff
7fffffff
7fffffff
7fffffff
7fffffff
7fffffff
7fffffff
7fffffff
7fffffff
7fffffff
7fffffff
7fffffff
7fffffff
7fffffff
7fffffff
7fffffff
7fffffff
7fffffff
7fffffff
7fffffff
7fffffff
7fffffff
7fffffff
7fffffff
7fffffff
7fffffff
7fffffff
7fffffff
7fffffff
7fffffff
7fffffff
7fffffff
7fffffff
7fffffff
7fffffff
7fffffff
7fffffff
7fffffff
7fffffff
7fffffff
7fffffff
7fffffff
7fffffff
7fffffff
7fffffff
7fffffff
7fffffff
7fffffff
7fffffff
7fffffff
7fffffff
7fffffff
7fffffff
7fffffff
7fffffff
7fffffff
7fffffff
7fffffff
7fffffff
7fffffff
7fffffff
7fffffff
7fffffff
7fffffff
7fffffff
7fffffff
7fffffff
7fffffff
7fffffff
7fffffff
7fffffff
7fffffff
7fffffff
7fffffff
7fffffff
7fffffff
7fffffff
7fffffff
7fffffff
7fffffff
7fffffff
7fffffff
7fffffff
7fffffff
7fffffff
7fffffff
7fffffff
7fffffff
7fffffff
7fffffff
7fffffff
7fffffff
7fffffff
7fffffff
7fffffff
7fffffff
7fffffff
7fffffff
7fffffff
7fffffff
7fffffff
7fffffff
7fffffff
7fffffff
7fffffff
7fffffff
7fffffff
7fffffff
7fffffff
7fffffff
7fffffff
7fffffff
7fffffff
7fffffff
7fffffff
7fffffff
7fffffff
7fffffff
7fffffff
7fffffff
7fffffff
7fffffff
7fffffff
7fffffff
7fffffff
7fffffff
7fffffff
7fffffff
7fffffff
7fffffff
7fffffff
7fffffff
7fffffff
7fffffff
7fffffff
7fffffff
7fffffff
7fffffff
7fffffff
7fffffff
7fffffff
7fffffff
7fffffff
7fffffff
7fffffff
7fffffff
7fffffff
7fffffff
7fffffff
7fffffff
7fffffff
7fffffff
7fffffff
7fffffff
7fffffff
7fffffff
7fffffff
7fffffff
7fffffff
7fffffff
7fffffff
7fffffff
7fffffff
7fffffff
7fffffff
7fffffff
7fffffff
7fffffff
7fffffff
7fffffff
7fffffff
7fffffff
7fffffff
7fffffff
7fffffff
7fffffff
7fffffff
7fffffff
7fffffff
7fffffff
7fffffff
7fffffff
7fffffff
7fffffff
7fffffff
7fffffff
7fffffff
7fffffff
7fffffff
7fffffff
7fffffff
7fffffff
7fffffff
7fffffff
7fffffff
7fffffff
7fffffff
7fffffff
7fffffff
7fffffff
7fffffff
7fffffff
7fffffff
7fffffff
7fffffff
7fffffff
7fffffff
7fffffff
7fffffff
7fffffff
7fffffff
7fffffff
7fffffff
7fffffff
7fffffff
7fffffff
7fffffff
7fffffff
7fffffff
7fffffff
7fffffff
7fffffff
7fffffff
7fffffff
7fffffff
7fffffff
7fffffff
7fffffff
7fffffff
7fffffff
7fffffff
7fffffff
7fffffff
7fffffff
7fffffff
7fffffff
7fffffff
7fffffff
7fffffff
7fffffff
7fffffff
7fffffff
7fffffff
7fffffff
7fffffff
7fffffff
7fffffff
7fffffff
7fffffff
7fffffff
7fffffff
7fffffff
7fffffff
7fffffff
7fffffff
7fffffff
7fffffff
7fffffff
7fffffff
7fffffff
7fffffff
7fffffff
7fffffff
7fffffff
7fffffff
7fffffff
7fffffff
7fffffff
7fffffff
7fffffff
7fffffff
7fffffff
7fffffff
7fffffff
7fffffff
7fffffff
7fffffff
7fffffff
7fffffff
7fffffff
7fffffff
7fffffff
7fffffff
7fffffff
7fffffff
7fffffff
7fffffff
7fffffff
7fffffff
7fffffff
7fffffff
7fffffff
7fffffff
7fffffff
7fffffff
7fffffff
7fffffff
7fffffff
7fffffff
7fffffff
7fffffff
7fffffff
7fffffff
7fffffff
7fffffff
7fffffff
7fffffff
7fffffff
7fffffff
7fffffff
7fffffff
7fffffff
7fffffff
7fffffff
7fffffff
7fffffff
7fffffff
7fffffff
7fffffff
7fffffff
7fffffff
7fffffff
7fffffff
7fffffff
7fffffff
7fffffff
7fffffff
7fffffff
7fffffff
7fffffff
7fffffff
7fffffff
7fffffff
7fffffff
7fffffff
7fffffff
7fffffff
7fffffff
7fffffff
7fffffff
7fffffff
7fffffff
7fffffff
7fffffff
7fffffff
7fffffff
7fffffff
7fffffff
7fffffff
7fffffff
7fffffff
7fffffff
7fffffff
7fffffff
7fffffff
7fffffff
7fffffff
7fffffff
7fffffff
7fffffff
7fffffff
7fffffff
7fffffff
7fffffff
7fffffff
7fffffff
7fffffff
7fffffff
7fffffff
7fffffff
7fffffff
7fffffff
7fffffff
7fffffff
7fffffff
7fffffff
7fffffff
7fffffff
7fffffff
7fffffff
7fffffff
7fffffff
7fffffff
7fffffff
7fffffff
7fffffff
7fffffff
7fffffff
7fffffff
7fffffff
7fffffff
7fffffff
7fffffff
7fffffff
7fffffff
7fffffff
7fffffff
7fffffff
7fffffff
7fffffff
7fffffff
7fffffff
7fffffff
7fffffff
7fffffff
7fffffff
7fffffff
7fffffff
7fffffff
7fffffff
7fffffff
7fffffff
7fffffff
7fffffff
7fffffff
7fffffff
7fffffff
7fffffff
7fffffff
7fffffff
7fffffff
7fffffff
7fffffff
7fffffff
7fffffff
7fffffff
7fffffff
7fffffff
7fffffff
7fffffff
7fffffff
7fffffff
7fffffff
7fffffff
7fffffff
7fffffff
7fffffff
7fffffff
7fffffff
7fffffff
7fffffff
7fffffff
7fffffff
7fffffff
7fffffff
7fffffff
7fffffff
7fffffff
7fffffff
7fffffff
7fffffff
7fffffff
7fffffff
7fffffff
7fffffff
7fffffff
7fffffff
7fffffff
7fffffff
7fffffff
7fffffff
7fffffff
7fffffff
7fffffff
7fffffff
7fffffff
7fffffff
7fffffff
7fffffff
7fffffff
7fffffff
7fffffff
7fffffff
7fffffff
7fffffff
7fffffff
7fffffff
7fffffff
7fffffff
7fffffff
7fffffff
7fffffff
7fffffff
7fffffff
7fffffff
7fffffff
7fffffff
7fffffff
7fffffff
7fffffff
7fffffff
7fffffff
7fffffff
7fffffff
7fffffff
7fffffff
7fffffff
7fffffff
7fffffff
7fffffff
7fffffff
7fffffff
7fffffff
7fffffff
7fffffff
7fffffff
7fffffff
7fffffff
7fffffff
7fffffff
7fffffff
7fffffff
7fffffff
7fffffff
7fffffff
7fffffff
7fffffff
7fffffff
7fffffff
7fffffff
7fffffff
7fffffff
7fffffff
7fffffff
7fffffff
7fffffff
7fffffff
7fffffff
7fffffff
7fffffff
7fffffff
7fffffff
7fffffff
7fffffff
7fffffff
7fffffff
7fffffff
7fffffff
7fffffff
7fffffff
7fffffff
7fffffff
7fffffff
7fffffff
7fffffff
7fffffff
7fffffff
7fffffff
7fffffff
7fffffff
7fffffff
7fffffff
7fffffff
7fffffff
7fffffff
7fffffff
7fffffff
7fffffff
7fffffff
7fffffff
7fffffff
7fffffff
7fffffff
7fffffff
7fffffff
7fffffff
7fffffff
7fffffff
7fffffff
7fffffff
7fffffff
7fffffff
7fffffff
7fffffff
7fffffff
7fffffff
7fffffff
7fffffff
7fffffff
7fffffff
7fffffff
7fffffff
7fffffff
7fffffff
7fffffff
7fffffff
7fffffff
7fffffff
7fffffff
7fffffff
7fffffff
7fffffff
7fffffff
7fffffff
7fffffff
7fffffff
7fffffff
7fffffff
7fffffff
7fffffff
7fffffff
7fffffff
7fffffff
7fffffff
7fffffff
7fffffff
7fffffff
7fffffff
7fffffff
7fffffff
7fffffff
7fffffff
7fffffff
7fffffff
7fffffff
7fffffff
7fffffff
7fffffff
7fffffff
7fffffff
7fffffff
7fffffff
7fffffff
7fffffff
7fffffff
7fffffff
7fffffff
7fffffff
7fffffff
7fffffff
7fffffff
7fffffff
7fffffff
7fffffff
7fffffff
7fffffff
7fffffff
7fffffff
7fffffff
7fffffff
7fffffff
7fffffff
7fffffff
7fffffff
7fffffff
7fffffff
7fffffff
7fffffff
7fffffff
7fffffff
7fffffff
7fffffff
7fffffff
7fffffff
7fffffff
7fffffff
7fffffff
7fffffff
7fffffff
7fffffff
7fffffff
7fffffff
7fffffff
7fffffff
7fffffff
7fffffff
7fffffff
7fffffff
7fffffff
7fffffff
7fffffff
7fffffff
7fffffff
7fffffff
7fffffff
7fffffff
7fffffff
7fffffff
7fffffff
7fffffff
7fffffff
7fffffff
7fffffff
7fffffff
7fffffff
7fffffff
7fffffff
7fffffff
7fffffff
7fffffff
7fffffff
7fffffff
7fffffff
7fffffff
7fffffff
7fffffff
7fffffff
7fffffff
7fffffff
7fffffff
7fffffff
7fffffff
7fffffff
7fffffff
7fffffff
7fffffff
7fffffff
7fffffff
7fffffff
7fffffff
7fffffff
7fffffff
7fffffff
7fffffff
7fffffff
7fffffff
7fffffff
7fffffff
7fffffff
7fffffff
7fffffff
7fffffff
7fffffff
7fffffff
7fffffff
7fffffff
7fffffff
7fffffff
7fffffff
7fffffff
7fffffff
7fffffff
7fffffff
7fffffff
7fffffff
7fffffff
7fffffff
7fffffff
7fffffff
7fffffff
7fffffff
7fffffff
7fffffff
7fffffff
7fffffff
7fffffff
7fffffff
7fffffff
7fffffff
7fffffff
7fffffff
7fffffff
7fffffff
7fffffff
7fffffff
7fffffff
7fffffff
7fffffff
7fffffff
7fffffff
7fffffff
7fffffff
7fffffff
7fffffff
7fffffff
7fffffff
7fffffff
7fffffff
7fffffff
7fffffff
7fffffff
7fffffff
7fffffff
7fffffff
7fffffff
7fffffff
7fffffff
7fffffff
7fffffff
7fffffff
7fffffff
7fffffff
7fffffff
7fffffff
7fffffff
7fffffff
7fffffff
7fffffff
7fffffff
7fffffff
7fffffff
7fffffff
7fffffff
7fffffff
7fffffff
7fffffff
7fffffff
7fffffff
7fffffff
7fffffff
7fffffff
7fffffff
7fffffff
7fffffff
7fffffff
7fffffff
7fffffff
7fffffff
7fffffff
7fffffff
7fffffff
7fffffff
7fffffff
7fffffff
7fffffff
7fffffff
7fffffff
7fffffff
7fffffff
7fffffff
7fffffff
7fffffff
7fffffff
7fffffff
7fffffff
7fffffff
7fffffff
7fffffff
7fffffff
7fffffff
7fffffff
7fffffff
7fffffff
7fffffff
7fffffff
7fffffff
7fffffff
7fffffff
7fffffff
7fffffff
7fffffff
7fffffff
7fffffff
7fffffff
7fffffff
7fffffff
7fffffff
7fffffff
7fffffff
7fffffff
7fffffff
7fffffff
7fffffff
7fffffff
7fffffff
7fffffff
7fffffff
7fffffff
7fffffff
7fffffff
7fffffff
7fffffff
7fffffff
7fffffff
7fffffff
7fffffff
7fffffff
7fffffff
7fffffff
7fffffff
7fffffff
7fffffff
7fffffff
7fffffff
7fffffff
7fffffff
7fffffff
7fffffff
7fffffff
7fffffff
7fffffff
7fffffff
7fffffff
7fffffff
7fffffff
7fffffff
7fffffff
7fffffff
7fffffff
7fffffff
7fffffff
7fffffff
7fffffff
7fffffff
7fffffff
7fffffff
7fffffff
7fffffff
7fffffff
7fffffff
7fffffff
7fffffff
7fffffff
7fffffff
7fffffff
7fffffff
7fffffff
7fffffff
7fffffff
7fffffff
7fffffff
7fffffff
7fffffff
7fffffff
7fffffff
7fffffff
7fffffff
7fffffff
7fffffff
7fffffff
7fffffff
7fffffff
7fffffff
7fffffff
7fffffff
7fffffff
7fffffff
7fffffff
7fffffff
7fffffff
7fffffff
7fffffff
7fffffff
7fffffff
7fffffff
7fffffff
7fffffff
7fffffff
7fffffff
7fffffff
7fffffff
7fffffff
7fffffff
7fffffff
7fffffff
7fffffff
7fffffff
7fffffff
7fffffff
7fffffff
7fffffff
7fffffff
7fffffff
7fffffff
7fffffff
7fffffff
7fffffff
7fffffff
7fffffff
7fffffff
7fffffff
7fffffff
7fffffff
7fffffff
7fffffff
7fffffff
7fffffff
7fffffff
7fffffff
7fffffff
7fffffff
7fffffff
7fffffff
7fffffff
7fffffff
7fffffff
7fffffff
7fffffff
7fffffff
7fffffff
7fffffff
7fffffff
7fffffff
7fffffff
7fffffff
7fffffff
7fffffff
7fffffff
7fffffff
7fffffff
7fffffff
7fffffff
7fffffff
7fffffff
7fffffff
7fffffff
7fffffff
7fffffff
7fffffff
7fffffff
7fffffff
7fffffff
7fffffff
7fffffff
7fffffff
7fffffff
7fffffff
7fffffff
7fffffff
7fffffff
7fffffff
7fffffff
7fffffff
7fffffff
7fffffff
7fffffff
7fffffff
7fffffff
7fffffff
7fffffff
7fffffff
7fffffff
7fffffff
7fffffff
7fffffff
7fffffff
7fffffff
7fffffff
7fffffff
7fffffff
7fffffff
7fffffff
7fffffff
7fffffff
7fffffff
7fffffff
7fffffff
7fffffff
7fffffff
7fffffff
7fffffff
7fffffff
7fffffff
7fffffff
7fffffff
7fffffff
7fffffff
7fffffff
7fffffff
7fffffff
7fffffff
7fffffff
7fffffff
7fffffff
7fffffff
7fffffff
7fffffff
7fffffff
7fffffff
7fffffff
7fffffff
7fffffff
7fffffff
7fffffff
7fffffff
7fffffff
7fffffff
7fffffff
7fffffff
7fffffff
7fffffff
7fffffff
7fffffff
7fffffff
7fffffff
7fffffff
7fffffff
7fffffff
7fffffff
7fffffff
7fffffff
7fffffff
7fffffff
7fffffff
7fffffff
7fffffff
7fffffff
7fffffff
7fffffff
7fffffff
7fffffff
7fffffff
7fffffff
7fffffff
7fffffff
7fffffff
7fffffff
7fffffff
7fffffff
7fffffff
7fffffff
7fffffff
7fffffff
7fffffff
7fffffff
7fffffff
7fffffff
7fffffff
7fffffff
7fffffff
7fffffff
7fffffff
7fffffff
7fffffff
7fffffff
7fffffff
7fffffff
7fffffff
7fffffff
7fffffff
7fffffff
7fffffff
7fffffff
7fffffff
7fffffff
7fffffff
7fffffff
7fffffff
7fffffff
7fffffff
7fffffff
7fffffff
7fffffff
7fffffff
7fffffff
7fffffff
7fffffff
7fffffff
7fffffff
7fffffff
7fffffff
7fffffff
7fffffff
7fffffff
7fffffff
7fffffff
7fffffff
7fffffff
7fffffff
7fffffff
7fffffff
7fffffff
7fffffff
7fffffff
7fffffff
7fffffff
7fffffff
7fffffff
7fffffff
7fffffff
7fffffff
7fffffff
7fffffff
7fffffff
7fffffff
7fffffff
7fffffff
7fffffff
7fffffff
7fffffff
7fffffff
7fffffff
7fffffff
7fffffff
7fffffff
7fffffff
7fffffff
7fffffff
7fffffff
7fffffff
7fffffff
7fffffff
7fffffff
7fffffff
7fffffff
7fffffff
7fffffff
7fffffff
7fffffff
7fffffff
7fffffff
7fffffff
7fffffff
7fffffff
7fffffff
7fffffff
7fffffff
7fffffff
7fffffff
7fffffff
7fffffff
7fffffff
7fffffff
7fffffff
7fffffff
7fffffff
7fffffff
7fffffff
7fffffff
7fffffff
7fffffff
7fffffff
7fffffff
7fffffff
7fffffff
7fffffff
7fffffff
7fffffff
7fffffff
7fffffff
7fffffff
7fffffff
7fffffff
7fffffff
7fffffff
7fffffff
7fffffff
7fffffff
7fffffff
7fffffff
7fffffff
7fffffff
7fffffff
7fffffff
7fffffff
7fffffff
7fffffff
7fffffff
7fffffff
7fffffff
7fffffff
7fffffff
7fffffff
7fffffff
7fffffff
7fffffff
7fffffff
7fffffff
7fffffff
7fffffff
7fffffff
7fffffff
7fffffff
7fffffff
7fffffff
7fffffff
7fffffff
7fffffff
7fffffff
7fffffff
7fffffff
7fffffff
7fffffff
7fffffff
7fffffff
7fffffff
7fffffff
7fffffff
7fffffff
7fffffff
7fffffff
7fffffff
7fffffff
7fffffff
7fffffff
7fffffff
7fffffff
7fffffff
7fffffff
7fffffff
7fffffff
7fffffff
7fffffff
7fffffff
7fffffff
7fffffff
7fffffff
7fffffff
7fffffff
7fffffff
7fffffff
7fffffff
7fffffff
7fffffff
7fffffff
7fffffff
7fffffff
7fffffff
7fffffff
7fffffff
7fffffff
7fffffff
7fffffff
7fffffff
7fffffff
7fffffff
7fffffff
7fffffff
7fffffff
7fffffff
7fffffff
7fffffff
7fffffff
7fffffff
7fffffff
7fffffff
7fffffff
7fffffff
7fffffff
7fffffff
7fffffff
7fffffff
7fffffff
7fffffff
7fffffff
7fffffff
7fffffff
7fffffff
7fffffff
7fffffff
7fffffff
7fffffff
7fffffff
7fffffff
7fffffff
7fffffff
7fffffff
7fffffff
7fffffff
7fffffff
7fffffff
7fffffff
7fffffff
7fffffff
7fffffff
7fffffff
7fffffff
7fffffff
7fffffff
7fffffff
7fffffff
7fffffff
7fffffff
7fffffff
7fffffff
7fffffff
7fffffff
7fffffff
7fffffff
7fffffff
7fffffff
7fffffff
7fffffff
7fffffff
7fffffff
7fffffff
7fffffff
7fffffff
7fffffff
7fffffff
7fffffff
7fffffff
7fffffff
7fffffff
7fffffff
7fffffff
7fffffff
7fffffff
7fffffff
7fffffff
7fffffff
7fffffff
7fffffff
7fffffff
7fffffff
7fffffff
7fffffff
7fffffff
7fffffff
7fffffff
7fffffff
7fffffff
7fffffff
7fffffff
7fffffff
7fffffff
7fffffff
7fffffff
7fffffff
7fffffff
7fffffff
7fffffff
7fffffff
7fffffff
7fffffff
7fffffff
7fffffff
7fffffff
7fffffff
7fffffff
7fffffff
7fffffff
7fffffff
7fffffff
7fffffff
7fffffff
7fffffff
7fffffff
7fffffff
7fffffff
7fffffff
7fffffff
7fffffff
7fffffff
7fffffff
7fffffff
7fffffff
7fffffff
7fffffff
7fffffff
7fffffff
7fffffff
7fffffff
7fffffff
7fffffff
7fffffff
7fffffff
7fffffff
7fffffff
7fffffff
7fffffff
7fffffff
7fffffff
7fffffff
7fffffff
7fffffff
7fffffff
7fffffff
7fffffff
7fffffff
7fffffff
7fffffff
7fffffff
7fffffff
7fffffff
7fffffff
7fffffff
7fffffff
7fffffff
7fffffff
7fffffff
7fffffff
7fffffff
7fffffff
7fffffff
7fffffff
7fffffff
7fffffff
7fffffff
7fffffff
7fffffff
7fffffff
7fffffff
7fffffff
7fffffff
7fffffff
7fffffff
7fffffff
7fffffff
7fffffff
7fffffff
7fffffff
7fffffff
7fffffff
7fffffff
7fffffff
7fffffff
7fffffff
7fffffff
7fffffff
7fffffff
7fffffff
7fffffff
7fffffff
7fffffff
7fffffff
7fffffff
7fffffff
7fffffff
7fffffff
7fffffff
7fffffff
7fffffff
7fffffff
7fffffff
7fffffff
7fffffff
7fffffff
7fffffff
7fffffff
7fffffff
7fffffff
7fffffff
7fffffff
7fffffff
7fffffff
7fffffff
7fffffff
7fffffff
7fffffff
7fffffff
7fffffff
7fffffff
7fffffff
7fffffff
7fffffff
7fffffff
7fffffff
7fffffff
7fffffff
7fffffff
7fffffff
7fffffff
7fffffff
7fffffff
7fffffff
7fffffff
7fffffff
7fffffff
7fffffff
7fffffff
7fffffff
7fffffff
7fffffff
7fffffff
7fffffff
7fffffff
7fffffff
7fffffff
7fffffff
7fffffff
7fffffff
7fffffff
7fffffff
7fffffff
7fffffff
7fffffff
7fffffff
7fffffff
7fffffff
7fffffff
7fffffff
7fffffff
7fffffff
7fffffff
7fffffff
7fffffff
7fffffff
7fffffff
7fffffff
7fffffff
7fffffff
7fffffff
7fffffff
7fffffff
7fffffff
7fffffff
7fffffff
7fffffff
7fffffff
7fffffff
7fffffff
7fffffff
7fffffff
7fffffff
7fffffff
7fffffff
7fffffff
7fffffff
7fffffff
7fffffff
7fffffff
7fffffff
7fffffff
7fffffff
7fffffff
7fffffff
7fffffff
7fffffff
7fffffff
7fffffff
7fffffff
7fffffff
7fffffff
7fffffff
7fffffff
7fffffff
7fffffff
7fffffff
7fffffff
7fffffff
7fffffff
7fffffff
7fffffff
7fffffff
7fffffff
7fffffff
7fffffff
7fffffff
7fffffff
7fffffff
7fffffff
7fffffff
7fffffff
7fffffff
7fffffff
7fffffff
7fffffff
7fffffff
7fffffff
7fffffff
7fffffff
7fffffff
7fffffff
7fffffff
7fffffff
7fffffff
7fffffff
7fffffff
7fffffff
7fffffff
7fffffff
7fffffff
7fffffff
7fffffff
7fffffff
7fffffff
7fffffff
7fffffff
7fffffff
7fffffff
7fffffff
7fffffff
7fffffff
7fffffff
7fffffff
7fffffff
7fffffff
7fffffff
7fffffff
7fffffff
7fffffff
7fffffff
7fffffff
7fffffff
7fffffff
7fffffff
7fffffff
7fffffff
7fffffff
7fffffff
7fffffff
7fffffff
7fffffff
7fffffff
7fffffff
7fffffff
7fffffff
7fffffff
7fffffff
7fffffff
7fffffff
7fffffff
7fffffff
7fffffff
7fffffff
7fffffff
7fffffff
7fffffff
7fffffff
7fffffff
7fffffff
7fffffff
7fffffff
7fffffff
7fffffff
7fffffff
7fffffff
7fffffff
7fffffff
7fffffff
7fffffff
7fffffff
7fffffff
7fffffff
7fffffff
7fffffff
7fffffff
7fffffff
7fffffff
7fffffff
7fffffff
7fffffff
7fffffff
7fffffff
7fffffff
7fffffff
7fffffff
7fffffff
7fffffff
7fffffff
7fffffff
7fffffff
7fffffff
7fffffff
7fffffff
7fffffff
7fffffff
7fffffff
7fffffff
7fffffff
7fffffff
7fffffff
7fffffff
7fffffff
7fffffff
7fffffff
7fffffff
7fffffff
7fffffff
7fffffff
7fffffff
7fffffff
7fffffff
7fffffff
7fffffff
7fffffff
7fffffff
7fffffff
7fffffff
7fffffff
7fffffff
7fffffff
7fffffff
7fffffff
7fffffff
7fffffff
7fffffff
7fffffff
7fffffff
7fffffff
7fffffff
7fffffff
7fffffff
7fffffff
7fffffff
7fffffff
7fffffff
7fffffff
7fffffff
7fffffff
7fffffff
7fffffff
7fffffff
7fffffff
7fffffff
7fffffff
7fffffff
7fffffff
7fffffff
7fffffff
7fffffff
7fffffff
7fffffff
7fffffff
7fffffff
7fffffff
7fffffff
7fffffff
7fffffff
7fffffff
7fffffff
7fffffff
7fffffff
7fffffff
7fffffff
7fffffff
7fffffff
7fffffff
7fffffff
7fffffff
7fffffff
7fffffff
7fffffff
7fffffff
7fffffff
7fffffff
7fffffff
7fffffff
7fffffff
7fffffff
7fffffff
7fffffff
7fffffff
7fffffff
7fffffff
7fffffff
7fffffff
7fffffff
7fffffff
7fffffff
7fffffff
7fffffff
7fffffff
7fffffff
7fffffff
7fffffff
7fffffff
7fffffff
7fffffff
7fffffff
7fffffff
7fffffff
7fffffff
7fffffff
7fffffff
7fffffff
7fffffff
7fffffff
7fffffff
7fffffff
7fffffff
7fffffff
7fffffff
7fffffff
7fffffff
7fffffff
7fffffff
7fffffff
7fffffff
7fffffff
7fffffff
7fffffff
7fffffff
7fffffff
7fffffff
7fffffff
7fffffff
7fffffff
7fffffff
7fffffff
7fffffff
7fffffff
7fffffff
7fffffff
7fffffff
7fffffff
7fffffff
7fffffff
7fffffff
7fffffff
7fffffff
7fffffff
7fffffff
7fffffff
7fffffff
7fffffff
7fffffff
7fffffff
7fffffff
7fffffff
7fffffff
7fffffff
7fffffff
7fffffff
7fffffff
7fffffff
7fffffff
7fffffff
7fffffff
7fffffff
7fffffff
7fffffff
7fffffff
7fffffff
7fffffff
7fffffff
7fffffff
7fffffff
7fffffff
7fffffff
7fffffff
7fffffff
7fffffff
7fffffff
7fffffff
7fffffff
7fffffff
7fffffff
7fffffff
7fffffff
7fffffff
7fffffff
7fffffff
7fffffff
7fffffff
7fffffff
7fffffff
7fffffff
7fffffff
7fffffff
7fffffff
7fffffff
7fffffff
7fffffff
7fffffff
7fffffff
7fffffff
7fffffff
7fffffff
7fffffff
7fffffff
7fffffff
7fffffff
7fffffff
7fffffff
7fffffff
7fffffff
7fffffff
7fffffff
7fffffff
7fffffff
7fffffff
7fffffff
7fffffff
7fffffff
7fffffff
7fffffff
7fffffff
7fffffff
7fffffff
7fffffff
7fffffff
7fffffff
7fffffff
7fffffff
7fffffff
7fffffff
7fffffff
7fffffff
7fffffff
7fffffff
7fffffff
7fffffff
7fffffff
7fffffff
7fffffff
7fffffff
7fffffff
7fffffff
7fffffff
7fffffff
7fffffff
7fffffff
7fffffff
7fffffff
7fffffff
7fffffff
7fffffff
7fffffff
7fffffff
7fffffff
7fffffff
7fffffff
7fffffff
7fffffff
7fffffff
7fffffff
7fffffff
7fffffff
7fffffff
7fffffff
7fffffff
7fffffff
7fffffff
7fffffff
7fffffff
7fffffff
7fffffff
7fffffff
7fffffff
7fffffff
7fffffff
7fffffff
7fffffff
7fffffff
7fffffff
7fffffff
7fffffff
7fffffff
7fffffff
7fffffff
7fffffff
7fffffff
7fffffff
7fffffff
7fffffff
7fffffff
7fffffff
7fffffff
7fffffff
7fffffff
7fffffff
7fffffff
7fffffff
7fffffff
7fffffff
7fffffff
7fffffff
7fffffff
7fffffff
7fffffff
7fffffff
7fffffff
7fffffff
7fffffff
7fffffff
7fffffff
7fffffff
7fffffff
7fffffff
7fffffff
7fffffff
7fffffff
7fffffff
7fffffff
7fffffff
7fffffff
7fffffff
7fffffff
7fffffff
7fffffff
7fffffff
7fffffff
7fffffff
7fffffff
7fffffff
7fffffff
7fffffff
7fffffff
7fffffff
7fffffff
7fffffff
7fffffff
7fffffff
7fffffff
7fffffff
7fffffff
7fffffff
7fffffff
7fffffff
7fffffff
7fffffff
7fffffff
7fffffff
7fffffff
7fffffff
7fffffff
7fffffff
7fffffff
7fffffff
7fffffff
7fffffff
7fffffff
7fffffff
7fffffff
7fffffff
7fffffff
7fffffff
7fffffff
7fffffff
7fffffff
7fffffff
7fffffff
7fffffff
7fffffff
7fffffff
7fffffff
7fffffff
7fffffff
7fffffff
7fffffff
7fffffff
7fffffff
7fffffff
7fffffff
7fffffff
7fffffff
7fffffff
7fffffff
7fffffff
7fffffff
7fffffff
7fffffff
7fffffff
7fffffff
7fffffff
7fffffff
7fffffff
7fffffff
7fffffff
7fffffff
7fffffff
7fffffff
7fffffff
7fffffff
7fffffff
7fffffff
7fffffff
7fffffff
7fffffff
7fffffff
7fffffff
7fffffff
7fffffff
7fffffff
7fffffff
7fffffff
7fffffff
7fffffff
7fffffff
7fffffff
7fffffff
7fffffff
7fffffff
7fffffff
7fffffff
7fffffff
7fffffff
7fffffff
7fffffff
7fffffff
7fffffff
7fffffff
7fffffff
7fffffff
7fffffff
7fffffff
7fffffff
7fffffff
7fffffff
7fffffff
7fffffff
7fffffff
7fffffff
7fffffff
7fffffff
7fffffff
7fffffff
7fffffff
7fffffff
7fffffff
7fffffff
7fffffff
7fffffff
7fffffff
7fffffff
7fffffff
7fffffff
7fffffff
7fffffff
7fffffff
7fffffff
7fffffff
7fffffff
7fffffff
7fffffff
7fffffff
7fffffff
7fffffff
7fffffff
7fffffff
7fffffff
7fffffff
7fffffff
7fffffff
7fffffff
7fffffff
7fffffff
7fffffff
7fffffff
7fffffff
7fffffff
7fffffff
7fffffff
7fffffff
7fffffff
7fffffff
7fffffff
7fffffff
7fffffff
7fffffff
7fffffff
7fffffff
7fffffff
7fffffff
7fffffff
7fffffff
7fffffff
7fffffff
7fffffff
7fffffff
7fffffff
7fffffff
7fffffff
7fffffff
7fffffff
7fffffff
7fffffff
7fffffff
7fffffff
7fffffff
7fffffff
7fffffff
7fffffff
7fffffff
7fffffff
7fffffff
7fffffff
7fffffff
7fffffff
7fffffff
7fffffff
7fffffff
7fffffff
7fffffff
7fffffff
7fffffff
7fffffff
7fffffff
7fffffff
7fffffff
7fffffff
7fffffff
7fffffff
7fffffff
7fffffff
7fffffff
7fffffff
7fffffff
7fffffff
7fffffff
7fffffff
7fffffff
7fffffff
7fffffff
7fffffff
7fffffff
7fffffff
7fffffff
7fffffff
7fffffff
7fffffff
7fffffff
7fffffff
7fffffff
7fffffff
7fffffff
7fffffff
7fffffff
7fffffff
7fffffff
7fffffff
7fffffff
7fffffff
7fffffff
7fffffff
7fffffff
7fffffff
7fffffff
7fffffff
7fffffff
7fffffff
7fffffff
7fffffff
7fffffff
7fffffff
7fffffff
7fffffff
7fffffff
7fffffff
7fffffff
7fffffff
7fffffff
7fffffff
7fffffff
7fffffff
7fffffff
7fffffff
7fffffff
7fffffff
7fffffff
7fffffff
7fffffff
7fffffff
7fffffff
7fffffff
7fffffff
7fffffff
7fffffff
7fffffff
7fffffff
7fffffff
7fffffff
7fffffff
7fffffff
7fffffff
7fffffff
7fffffff
7fffffff
7fffffff
7fffffff
7fffffff
7fffffff
7fffffff
7fffffff
7fffffff
7fffffff
7fffffff
7fffffff
7fffffff
7fffffff
7fffffff
7fffffff
7fffffff
7fffffff
7fffffff
7fffffff
7fffffff
7fffffff
7fffffff
7fffffff
7fffffff
7fffffff
7fffffff
7fffffff
7fffffff
7fffffff
7fffffff
7fffffff
7fffffff
7fffffff
7fffffff
7fffffff
7fffffff
7fffffff
7fffffff
7fffffff
7fffffff
7fffffff
7fffffff
7fffffff
7fffffff
7fffffff
7fffffff
7fffffff
7fffffff
7fffffff
7fffffff
7fffffff
7fffffff
7fffffff
7fffffff
7fffffff
7fffffff
7fffffff
7fffffff
7fffffff
7fffffff
7fffffff
7fffffff
7fffffff
7fffffff
7fffffff
7fffffff
7fffffff
7fffffff
7fffffff
7fffffff
7fffffff
7fffffff
7fffffff
7fffffff
7fffffff
7fffffff
7fffffff
7fffffff
7fffffff
7fffffff
7fffffff
7fffffff
7fffffff
7fffffff
7fffffff
7fffffff
7fffffff
7fffffff
7fffffff
7fffffff
7fffffff
7fffffff
7fffffff
7fffffff
7fffffff
7fffffff
7fffffff
7fffffff
7fffffff
7fffffff
7fffffff
7fffffff
7fffffff
7fffffff
7fffffff
7fffffff
7fffffff
7fffffff
7fffffff
7fffffff
7fffffff
7fffffff
7fffffff
7fffffff
7fffffff
7fffffff
7fffffff
7fffffff
7fffffff
7fffffff
7fffffff
7fffffff
7fffffff
7fffffff
7fffffff
7fffffff
7fffffff
7fffffff
7fffffff
7fffffff
7fffffff
7fffffff
7fffffff
7fffffff
7fffffff
7fffffff
7fffffff
7fffffff
7fffffff
7fffffff
7fffffff
7fffffff
7fffffff
7fffffff
7fffffff
7fffffff
7fffffff
7fffffff
7fffffff
7fffffff
7fffffff
7fffffff
7fffffff
7fffffff
7fffffff
7fffffff
7fffffff
7fffffff
7fffffff
7fffffff
7fffffff
7fffffff
7fffffff
7fffffff
7fffffff
7fffffff
7fffffff
7fffffff
7fffffff
7fffffff
7fffffff
7fffffff
7fffffff
7fffffff
7fffffff
7fffffff
7fffffff
7fffffff
7fffffff
7fffffff
7fffffff
7fffffff
7fffffff
7fffffff
7fffffff
7fffffff
7fffffff
7fffffff
7fffffff
7fffffff
7fffffff
7fffffff
7fffffff
7fffffff
7fffffff
7fffffff
7fffffff
7fffffff
7fffffff
7fffffff
7fffffff
7fffffff
7fffffff
7fffffff
7fffffff
7fffffff
7fffffff
7fffffff
7fffffff
7fffffff
7fffffff
7fffffff
7fffffff
7fffffff
7fffffff
7fffffff
7fffffff
7fffffff
7fffffff
7fffffff
7fffffff
7fffffff
7fffffff
7fffffff
7fffffff
7fffffff
7fffffff
7fffffff
7fffffff
7fffffff
7fffffff
7fffffff
7fffffff
7fffffff
7fffffff
7fffffff
7fffffff
7fffffff
7fffffff
7fffffff
7fffffff
7fffffff
7fffffff
7fffffff
7fffffff
7fffffff
7fffffff
7fffffff
7fffffff
7fffffff
7fffffff
7fffffff
7fffffff
7fffffff
7fffffff
7fffffff
7fffffff
7fffffff
7fffffff
7fffffff
7fffffff
7fffffff
7fffffff
7fffffff
7fffffff
7fffffff
7fffffff
7fffffff
7fffffff
7fffffff
7fffffff
7fffffff
7fffffff
7fffffff
7fffffff
7fffffff
7fffffff
7fffffff
7fffffff
7fffffff
7fffffff
7fffffff
7fffffff
7fffffff
7fffffff
7fffffff
7fffffff
7fffffff
7fffffff
7fffffff
7fffffff
7fffffff
7fffffff
7fffffff
7fffffff
7fffffff
7fffffff
7fffffff
7fffffff
7fffffff
7fffffff
7fffffff
7fffffff
7fffffff
7fffffff
7fffffff
7fffffff
7fffffff
7fffffff
7fffffff
7fffffff
7fffffff
7fffffff
7fffffff
7fffffff
7fffffff
7fffffff
7fffffff
7fffffff
7fffffff
7fffffff
7fffffff
7fffffff
7fffffff
7fffffff
7fffffff
7fffffff
7fffffff
7fffffff
7fffffff
7fffffff
7fffffff
7fffffff
7fffffff
7fffffff
7fffffff
7fffffff
7fffffff
7fffffff
7fffffff
7fffffff
7fffffff
7fffffff
7fffffff
7fffffff
7fffffff
7fffffff
7fffffff
7fffffff
7fffffff
7fffffff
7fffffff
7fffffff
7fffffff
7fffffff
7fffffff
7fffffff
7fffffff
7fffffff
7fffffff
7fffffff
7fffffff
7fffffff
7fffffff
7fffffff
7fffffff
7fffffff
7fffffff
7fffffff
7fffffff
7fffffff
7fffffff
7fffffff
7fffffff
7fffffff
7fffffff
7fffffff
7fffffff
7fffffff
7fffffff
7fffffff
7fffffff
7fffffff
7fffffff
7fffffff
7fffffff
7fffffff
7fffffff
7fffffff
7fffffff
7fffffff
7fffffff
7fffffff
7fffffff
7fffffff
7fffffff
7fffffff
7fffffff
7fffffff
7fffffff
7fffffff
7fffffff
7fffffff
7fffffff
7fffffff
7fffffff
7fffffff
7fffffff
7fffffff
7fffffff
7fffffff
7fffffff
7fffffff
7fffffff
7fffffff
7fffffff
7fffffff
7fffffff
7fffffff
7fffffff
7fffffff
7fffffff
7fffffff
7fffffff
7fffffff
7fffffff
7fffffff
7fffffff
7fffffff
7fffffff
7fffffff
7fffffff
7fffffff
7fffffff
7fffffff
7fffffff
7fffffff
7fffffff
7fffffff
7fffffff
7fffffff
7fffffff
7fffffff
7fffffff
7fffffff
7fffffff
7fffffff
7fffffff
7fffffff
7fffffff
7fffffff
7fffffff
7fffffff
7fffffff
7fffffff
7fffffff
7fffffff
7fffffff
7fffffff
7fffffff
7fffffff
7fffffff
7fffffff
7fffffff
7fffffff
7fffffff
7fffffff
7fffffff
7fffffff
7fffffff
7fffffff
7fffffff
7fffffff
7fffffff
7fffffff
7fffffff
7fffffff
7fffffff
7fffffff
7fffffff
7fffffff
7fffffff
7fffffff
7fffffff
7fffffff
7fffffff
7fffffff
7fffffff
7fffffff
7fffffff
7fffffff
7fffffff
7fffffff
7fffffff
7fffffff
7fffffff
7fffffff
7fffffff
7fffffff
7fffffff
7fffffff
7fffffff
7fffffff
7fffffff
7fffffff
7fffffff
7fffffff
7fffffff
7fffffff
7fffffff
7fffffff
7fffffff
7fffffff
7fffffff
7fffffff
7fffffff
7fffffff
7fffffff
7fffffff
7fffffff
7fffffff
7fffffff
7fffffff
7fffffff
7fffffff
7fffffff
7fffffff
7fffffff
7fffffff
7fffffff
7fffffff
7fffffff
7fffffff
7fffffff
7fffffff
7fffffff
7fffffff
7fffffff
7fffffff
7fffffff
7fffffff
7fffffff
7fffffff
7fffffff
7fffffff
7fffffff
7fffffff
7fffffff
7fffffff
7fffffff
7fffffff
7fffffff
7fffffff
7fffffff
7fffffff
7fffffff
7fffffff
7fffffff
7fffffff
7fffffff
7fffffff
7fffffff
7fffffff
7fffffff
7fffffff
7fffffff
7fffffff
7fffffff
7fffffff
7fffffff
7fffffff
7fffffff
7fffffff
7fffffff
7fffffff
7fffffff
7fffffff
7fffffff
7fffffff
7fffffff
7fffffff
7fffffff
7fffffff
7fffffff
7fffffff
7fffffff
7fffffff
7fffffff
7fffffff
7fffffff
7fffffff
7fffffff
7fffffff
7fffffff
7fffffff
7fffffff
7fffffff
7fffffff
7fffffff
7fffffff
7fffffff
7fffffff
7fffffff
7fffffff
7fffffff
7fffffff
7fffffff
7fffffff
7fffffff
7fffffff
7fffffff
7fffffff
7fffffff
7fffffff
7fffffff
7fffffff
7fffffff
7fffffff
7fffffff
7fffffff
7fffffff
7fffffff
7fffffff
7fffffff
7fffffff
7fffffff
7fffffff
7fffffff
7fffffff
7fffffff
7fffffff
7fffffff
7fffffff
7fffffff
7fffffff
7fffffff
7fffffff
7fffffff
7fffffff
7fffffff
7fffffff
7fffffff
7fffffff
7fffffff
7fffffff
7fffffff
7fffffff
7fffffff
7fffffff
7fffffff
7fffffff
7fffffff
7fffffff
7fffffff
7fffffff
7fffffff
7fffffff
7fffffff
7fffffff
7fffffff
7fffffff
7fffffff
7fffffff
7fffffff
7fffffff
7fffffff
7fffffff
7fffffff
7fffffff
7fffffff
7fffffff
7fffffff
7fffffff
7fffffff
7fffffff
7fffffff
7fffffff
7fffffff
7fffffff
7fffffff
7fffffff
7fffffff
7fffffff
7fffffff
7fffffff
7fffffff
7fffffff
7fffffff
7fffffff
7fffffff
7fffffff
7fffffff
7fffffff
7fffffff
7fffffff
7fffffff
7fffffff
7fffffff
7fffffff
7fffffff
7fffffff
7fffffff
7fffffff
7fffffff
7fffffff
7fffffff
7fffffff
7fffffff
7fffffff
7fffffff
7fffffff
7fffffff
7fffffff
7fffffff
7fffffff
7fffffff
7fffffff
7fffffff
7fffffff
7fffffff
7fffffff
7fffffff
7fffffff
7fffffff
7fffffff
7fffffff
7fffffff
7fffffff
7fffffff
7fffffff
7fffffff
7fffffff
7fffffff
7fffffff
7fffffff
7fffffff
7fffffff
7fffffff
7fffffff
7fffffff
7fffffff
7fffffff
7fffffff
7fffffff
7fffffff
7fffffff
7fffffff
7fffffff
7fffffff
7fffffff
7fffffff
7fffffff
7fffffff
7fffffff
7fffffff
7fffffff
7fffffff
7fffffff
7fffffff
7fffffff
7fffffff
7fffffff
7fffffff
7fffffff
7fffffff
7fffffff
7fffffff
7fffffff
7fffffff
7fffffff
7fffffff
7fffffff
7fffffff
7fffffff
7fffffff
7fffffff
7fffffff
7fffffff
7fffffff
7fffffff
7fffffff
7fffffff
7fffffff
7fffffff
7fffffff
7fffffff
7fffffff
7fffffff
7fffffff
7fffffff
7fffffff
7fffffff
7fffffff
7fffffff
7fffffff
7fffffff
7fffffff
7fffffff
7fffffff
7fffffff
7fffffff
7fffffff
7fffffff
7fffffff
7fffffff
7fffffff
7fffffff
7fffffff
7fffffff
7fffffff
7fffffff
7fffffff
7fffffff
7fffffff
7fffffff
7fffffff
7fffffff
7fffffff
7fffffff
7fffffff
7fffffff
7fffffff
7fffffff
7fffffff
7fffffff
7fffffff
7fffffff
7fffffff
7fffffff
7fffffff
7fffffff
7fffffff
7fffffff
7fffffff
7fffffff
7fffffff
7fffffff
7fffffff
7fffffff
7fffffff
7fffffff
7fffffff
7fffffff
7fffffff
7fffffff
7fffffff
7fffffff
7fffffff
7fffffff
7fffffff
7fffffff
7fffffff
7fffffff
7fffffff
7fffffff
7fffffff
7fffffff
7fffffff
7fffffff
7fffffff
7fffffff
7fffffff
7fffffff
7fffffff
7fffffff
7fffffff
7fffffff
7fffffff
7fffffff
7fffffff
7fffffff
7fffffff
7fffffff
7fffffff
7fffffff
7fffffff
7fffffff
7fffffff
7fffffff
7fffffff
7fffffff
7fffffff
7fffffff
7fffffff
7fffffff
7fffffff
7fffffff
7fffffff
7fffffff
7fffffff
7fffffff
7fffffff
7fffffff
7fffffff
7fffffff
7fffffff
7fffffff
7fffffff
7fffffff
7fffffff
7fffffff
7fffffff
7fffffff
7fffffff
7fffffff
7fffffff
7fffffff
7fffffff
7fffffff
7fffffff
7fffffff
7fffffff
7fffffff
7fffffff
7fffffff
7fffffff
7fffffff
7fffffff
7fffffff
7fffffff
7fffffff
7fffffff
7fffffff
7fffffff
7fffffff
7fffffff
7fffffff
7fffffff
7fffffff
7fffffff
7fffffff
7fffffff
7fffffff
7fffffff
7fffffff
7fffffff
7fffffff
7fffffff
7fffffff
7fffffff
7fffffff
7fffffff
7fffffff
7fffffff
7fffffff
7fffffff
7fffffff
7fffffff
7fffffff
7fffffff
7fffffff
7fffffff
7fffffff
7fffffff
7fffffff
7fffffff
7fffffff
7fffffff
7fffffff
7fffffff
7fffffff
7fffffff
7fffffff
7fffffff
7fffffff
7fffffff
7fffffff
7fffffff
7fffffff
7fffffff
7fffffff
7fffffff
7fffffff
7fffffff
7fffffff
7fffffff
7fffffff
7fffffff
7fffffff
7fffffff
7fffffff
7fffffff
7fffffff
7fffffff
7fffffff
7fffffff
7fffffff
7fffffff
7fffffff
7fffffff
7fffffff
7fffffff
7fffffff
7fffffff
7fffffff
7fffffff
7fffffff
7fffffff
7fffffff
7fffffff
7fffffff
7fffffff
7fffffff
7fffffff
7fffffff
7fffffff
7fffffff
7fffffff
7fffffff
7fffffff
7fffffff
7fffffff
7fffffff
7fffffff
7fffffff
7fffffff
7fffffff
7fffffff
7fffffff
7fffffff
7fffffff
7fffffff
7fffffff
7fffffff
7fffffff
7fffffff
7fffffff
7fffffff
7fffffff
7fffffff
7fffffff
7fffffff
7fffffff
7fffffff
7fffffff
7fffffff
7fffffff
7fffffff
7fffffff
7fffffff
7fffffff
7fffffff
7fffffff
7fffffff
7fffffff
7fffffff
7fffffff
7fffffff
7fffffff
7fffffff
7fffffff
7fffffff
7fffffff
7fffffff
7fffffff
7fffffff
7fffffff
7fffffff
7fffffff
7fffffff
7fffffff
7fffffff
7fffffff
7fffffff
7fffffff
7fffffff
7fffffff
7fffffff
7fffffff
7fffffff
7fffffff
7fffffff
7fffffff
7fffffff
7fffffff
7fffffff
7fffffff
7fffffff
7fffffff
7fffffff
7fffffff
7fffffff
7fffffff
7fffffff
7fffffff
7fffffff
7fffffff
7fffffff
7fffffff
7fffffff
7fffffff
7fffffff
7fffffff
7fffffff
7fffffff
7fffffff
7fffffff
7fffffff
7fffffff
7fffffff
7fffffff
7fffffff
7fffffff
7fffffff
7fffffff
7fffffff
7fffffff
7fffffff
7fffffff
7fffffff
7fffffff
7fffffff
7fffffff
7fffffff
7fffffff
7fffffff
7fffffff
7fffffff
7fffffff
7fffffff
7fffffff
7fffffff
7fffffff
7fffffff
7fffffff
7fffffff
7fffffff
7fffffff
7fffffff
7fffffff
7fffffff
7fffffff
7fffffff
7fffffff
7fffffff
7fffffff
7fffffff
7fffffff
7fffffff
7fffffff
7fffffff
7fffffff
7fffffff
7fffffff
7fffffff
7fffffff
7fffffff
7fffffff
7fffffff
7fffffff
7fffffff
7fffffff
7fffffff
7fffffff
7fffffff
7fffffff
7fffffff
7fffffff
7fffffff
7fffffff
7fffffff
7fffffff
7fffffff
7fffffff
7fffffff
7fffffff
7fffffff
7fffffff
7fffffff
7fffffff
7fffffff
7fffffff
7fffffff
7fffffff
7fffffff
7fffffff
7fffffff
7fffffff
7fffffff
7fffffff
7fffffff
7fffffff
7fffffff
7fffffff
7fffffff
7fffffff
7fffffff
7fffffff
7fffffff
7fffffff
7fffffff
7fffffff
7fffffff
7fffffff
7fffffff
7fffffff
7fffffff
7fffffff
7fffffff
7fffffff
7fffffff
7fffffff
7fffffff
7fffffff
7fffffff
7fffffff
7fffffff
7fffffff
7fffffff
7fffffff
7fffffff
7fffffff
7fffffff
7fffffff
7fffffff
7fffffff
7fffffff
7fffffff
7fffffff
7fffffff
7fffffff
7fffffff
7fffffff
7fffffff
7fffffff
7fffffff
7fffffff
7fffffff
7fffffff
7fffffff
7fffffff
7fffffff
7fffffff
7fffffff
7fffffff
7fffffff
7fffffff
7fffffff
7fffffff
7fffffff
7fffffff
7fffffff
7fffffff
7fffffff
7fffffff
7fffffff
7fffffff
7fffffff
7fffffff
7fffffff
7fffffff
7fffffff
7fffffff
7fffffff
7fffffff
7fffffff
7fffffff
7fffffff
7fffffff
7fffffff
7fffffff
7fffffff
7fffffff
7fffffff
7fffffff
7fffffff
7fffffff
7fffffff
7fffffff
7fffffff
7fffffff
7fffffff
7fffffff
7fffffff
7fffffff
7fffffff
7fffffff
7fffffff
7fffffff
7fffffff
7fffffff
7fffffff
7fffffff
7fffffff
7fffffff
7fffffff
7fffffff
7fffffff
7fffffff
7fffffff
7fffffff
7fffffff
7fffffff
7fffffff
7fffffff
7fffffff
7fffffff
7fffffff
7fffffff
7fffffff
7fffffff
7fffffff
7fffffff
7fffffff
7fffffff
7fffffff
7fffffff
7fffffff
7fffffff
7fffffff
7fffffff
7fffffff
7fffffff
7fffffff
7fffffff
7fffffff
7fffffff
7fffffff
7fffffff
7fffffff
7fffffff
7fffffff
7fffffff
7fffffff
7fffffff
7fffffff
7fffffff
7fffffff
7fffffff
7fffffff
7fffffff
7fffffff
7fffffff
7fffffff
7fffffff
7fffffff
7fffffff
7fffffff
7fffffff
7fffffff
7fffffff
7fffffff
7fffffff
7fffffff
7fffffff
7fffffff
7fffffff
7fffffff
7fffffff
7fffffff
7fffffff
7fffffff
7fffffff
7fffffff
7fffffff
7fffffff
7fffffff
7fffffff
7fffffff
7fffffff
7fffffff
7fffffff
7fffffff
7fffffff
7fffffff
7fffffff
7fffffff
7fffffff
7fffffff
7fffffff
7fffffff
7fffffff
7fffffff
7fffffff
7fffffff
7fffffff
7fffffff
7fffffff
7fffffff
7fffffff
7fffffff
7fffffff
7fffffff
7fffffff
7fffffff
7fffffff
7fffffff
7fffffff
7fffffff
7fffffff
7fffffff
7fffffff
7fffffff
7fffffff
7fffffff
7fffffff
7fffffff
7fffffff
7fffffff
7fffffff
7fffffff
7fffffff
7fffffff
7fffffff
7fffffff
7fffffff
7fffffff
7fffffff
7fffffff
7fffffff
7fffffff
7fffffff
7fffffff
7fffffff
7fffffff
7fffffff
7fffffff
7fffffff
7fffffff
7fffffff
7fffffff
7fffffff
7fffffff
7fffffff
7fffffff
7fffffff
7fffffff
7fffffff
7fffffff
7fffffff
7fffffff
7fffffff
7fffffff
7fffffff
7fffffff
7fffffff
7fffffff
7fffffff
7fffffff
7fffffff
7fffffff
7fffffff
7fffffff
7fffffff
7fffffff
7fffffff
7fffffff
7fffffff
7fffffff
7fffffff
7fffffff
7fffffff
7fffffff
7fffffff
7fffffff
7fffffff
7fffffff
7fffffff
7fffffff
7fffffff
7fffffff
7fffffff
7fffffff
7fffffff
7fffffff
7fffffff
7fffffff
7fffffff
7fffffff
7fffffff
7fffffff
7fffffff
7fffffff
7fffffff
7fffffff
7fffffff
7fffffff
7fffffff
7fffffff
7fffffff
7fffffff
7fffffff
7fffffff
7fffffff
7fffffff
7fffffff
7fffffff
7fffffff
7fffffff
7fffffff
7fffffff
7fffffff
7fffffff
7fffffff
7fffffff
7fffffff
7fffffff
7fffffff
7fffffff
7fffffff
7fffffff
7fffffff
7fffffff
7fffffff
7fffffff
7fffffff
7fffffff
7fffffff
7fffffff
7fffffff
7fffffff
7fffffff
7fffffff
7fffffff
7fffffff
7fffffff
7fffffff
7fffffff
7fffffff
7fffffff
7fffffff
7fffffff
7fffffff
7fffffff
7fffffff
7fffffff
7fffffff
7fffffff
7fffffff
7fffffff
7fffffff
7fffffff
7fffffff
7fffffff
7fffffff
7fffffff
7fffffff
7fffffff
7fffffff
7fffffff
7fffffff
7fffffff
7fffffff
7fffffff
7fffffff
7fffffff
7fffffff
7fffffff
7fffffff
7fffffff
7fffffff
7fffffff
7fffffff
7fffffff
7fffffff
7fffffff
7fffffff
7fffffff
7fffffff
7fffffff
7fffffff
7fffffff
7fffffff
7fffffff
7fffffff
7fffffff
7fffffff
7fffffff
7fffffff
7fffffff
7fffffff
7fffffff
7fffffff
7fffffff
7fffffff
7fffffff
7fffffff
7fffffff
7fffffff
7fffffff
7fffffff
7fffffff
7fffffff
7fffffff
7fffffff
7fffffff
7fffffff
7fffffff
7fffffff
7fffffff
7fffffff
7fffffff
7fffffff
7fffffff
7fffffff
7fffffff
7fffffff
7fffffff
7fffffff
7fffffff
7fffffff
7fffffff
7fffffff
7fffffff
7fffffff
7fffffff
7fffffff
7fffffff
7fffffff
7fffffff
7fffffff
7fffffff
7fffffff
7fffffff
7fffffff
7fffffff
7fffffff
7fffffff
7fffffff
7fffffff
7fffffff
7fffffff
7fffffff
7fffffff
7fffffff
7fffffff
7fffffff
7fffffff
7fffffff
7fffffff
7fffffff
7fffffff
7fffffff
7fffffff
7fffffff
7fffffff
7fffffff
7fffffff
7fffffff
7fffffff
7fffffff
7fffffff
7fffffff
7fffffff
7fffffff
7fffffff
7fffffff
7fffffff
7fffffff
7fffffff
7fffffff
7fffffff
7fffffff
7fffffff
7fffffff
7fffffff
7fffffff
7fffffff
7fffffff
7fffffff
7fffffff
7fffffff
7fffffff
7fffffff
7fffffff
7fffffff
7fffffff
7fffffff
7fffffff
7fffffff
7fffffff
7fffffff
7fffffff
7fffffff
7fffffff
7fffffff
7fffffff
7fffffff
7fffffff
7fffffff
7fffffff
7fffffff
7fffffff
7fffffff
7fffffff
7fffffff
7fffffff
7fffffff
7fffffff
7fffffff
7fffffff
7fffffff
7fffffff
7fffffff
7fffffff
7fffffff
7fffffff
7fffffff
7fffffff
7fffffff
7fffffff
7fffffff
7fffffff
7fffffff
7fffffff
7fffffff
7fffffff
7fffffff
7fffffff
7fffffff
7fffffff
7fffffff
7fffffff
7fffffff
7fffffff
7fffffff
7fffffff
7fffffff
7fffffff
7fffffff
7fffffff
7fffffff
7fffffff
7fffffff
7fffffff
7fffffff
7fffffff
7fffffff
7fffffff
7fffffff
7fffffff
7fffffff
7fffffff
7fffffff
7fffffff
7fffffff
7fffffff
7fffffff
7fffffff
7fffffff
7fffffff
7fffffff
7fffffff
7fffffff
7fffffff
7fffffff
7fffffff
7fffffff
7fffffff
7fffffff
7fffffff
7fffffff
7fffffff
7fffffff
7fffffff
7fffffff
7fffffff
7fffffff
7fffffff
7fffffff
7fffffff
7fffffff
7fffffff
7fffffff
7fffffff
7fffffff
7fffffff
7fffffff
7fffffff
7fffffff
7fffffff
7fffffff
7fffffff
7fffffff
7fffffff
7fffffff
7fffffff
7fffffff
7fffffff
7fffffff
7fffffff
7fffffff
7fffffff
7fffffff
7fffffff
7fffffff
7fffffff
7fffffff
7fffffff
7fffffff
7fffffff
7fffffff
7fffffff
7fffffff
7fffffff
7fffffff
7fffffff
7fffffff
7fffffff
7fffffff
7fffffff
7fffffff
7fffffff
7fffffff
7fffffff
7fffffff
7fffffff
7fffffff
7fffffff
7fffffff
7fffffff
7fffffff
7fffffff
7fffffff
7fffffff
7fffffff
7fffffff
7fffffff
7fffffff
7fffffff
7fffffff
7fffffff
7fffffff
7fffffff
7fffffff
7fffffff
7fffffff
7fffffff
7fffffff
7fffffff
7fffffff
7fffffff
7fffffff
7fffffff
7fffffff
7fffffff
7fffffff
7fffffff
7fffffff
7fffffff
7fffffff
7fffffff
7fffffff
7fffffff
7fffffff
7fffffff
7fffffff
7fffffff
7fffffff
7fffffff
7fffffff
7fffffff
7fffffff
7fffffff
7fffffff
7fffffff
7fffffff
7fffffff
7fffffff
7fffffff
7fffffff
7fffffff
7fffffff
7fffffff
7fffffff
7fffffff
7fffffff
7fffffff
7fffffff
7fffffff
7fffffff
7fffffff
7fffffff
7fffffff
7fffffff
7fffffff
7fffffff
7fffffff
7fffffff
7fffffff
7fffffff
7fffffff
7fffffff
7fffffff
7fffffff
7fffffff
7fffffff
7fffffff
7fffffff
7fffffff
7fffffff
7fffffff
7fffffff
7fffffff
7fffffff
7fffffff
7fffffff
7fffffff
7fffffff
7fffffff
7fffffff
7fffffff
7fffffff
7fffffff
7fffffff
7fffffff
7fffffff
7fffffff
7fffffff
7fffffff
7fffffff
7fffffff
7fffffff
7fffffff
7fffffff
7fffffff
7fffffff
7fffffff
7fffffff
7fffffff
7fffffff
7fffffff
7fffffff
7fffffff
7fffffff
7fffffff
7fffffff
7fffffff
7fffffff
7fffffff
7fffffff
7fffffff
7fffffff
7fffffff
7fffffff
7fffffff
7fffffff
7fffffff
7fffffff
7fffffff
7fffffff
7fffffff
7fffffff
7fffffff
7fffffff
7fffffff
7fffffff
7fffffff
7fffffff
7fffffff
7fffffff
7fffffff
7fffffff
7fffffff
7fffffff
7fffffff
7fffffff
7fffffff
7fffffff
7fffffff
7fffffff
7fffffff
7fffffff
7fffffff
7fffffff
7fffffff
7fffffff
7fffffff
7fffffff
7fffffff
7fffffff
7fffffff
7fffffff
7fffffff
7fffffff
7fffffff
7fffffff
7fffffff
7fffffff
7fffffff
7fffffff
7fffffff
7fffffff
7fffffff
7fffffff
7fffffff
7fffffff
7fffffff
7fffffff
7fffffff
7fffffff
7fffffff
7fffffff
7fffffff
7fffffff
7fffffff
7fffffff
7fffffff
7fffffff
7fffffff
7fffffff
7fffffff
7fffffff
7fffffff
7fffffff
7fffffff
7fffffff
7fffffff
7fffffff
7fffffff
7fffffff
7fffffff
7fffffff
7fffffff
7fffffff
7fffffff
7fffffff
7fffffff
7fffffff
7fffffff
7fffffff
7fffffff
7fffffff
7fffffff
7fffffff
7fffffff
7fffffff
7fffffff
7fffffff
7fffffff
7fffffff
7fffffff
7fffffff
7fffffff
7fffffff
7fffffff
7fffffff
7fffffff
7fffffff
7fffffff
7fffffff
7fffffff
7fffffff
7fffffff
7fffffff
7fffffff
7fffffff
7fffffff
7fffffff
7fffffff
7fffffff
7fffffff
7fffffff
7fffffff
7fffffff
7fffffff
7fffffff
7fffffff
7fffffff
7fffffff
7fffffff
7fffffff
7fffffff
7fffffff
7fffffff
7fffffff
7fffffff
7fffffff
7fffffff
7fffffff
7fffffff
7fffffff
7fffffff
7fffffff
7fffffff
7fffffff
7fffffff
7fffffff
7fffffff
7fffffff
7fffffff
7fffffff
7fffffff
7fffffff
7fffffff
7fffffff
7fffffff
7fffffff
7fffffff
7fffffff
7fffffff
7fffffff
7fffffff
7fffffff
7fffffff
7fffffff
7fffffff
7fffffff
7fffffff
7fffffff
7fffffff
7fffffff
7fffffff
7fffffff
7fffffff
7fffffff
7fffffff
7fffffff
7fffffff
7fffffff
7fffffff
7fffffff
7fffffff
7fffffff
7fffffff
7fffffff
7fffffff
7fffffff
7fffffff
7fffffff
7fffffff
7fffffff
7fffffff
7fffffff
7fffffff
7fffffff
7fffffff
7fffffff
7fffffff
7fffffff
7fffffff
7fffffff
7fffffff
7fffffff
7fffffff
7fffffff
7fffffff
7fffffff
7fffffff
7fffffff
7fffffff
7fffffff
7fffffff
7fffffff
7fffffff
7fffffff
7fffffff
7fffffff
7fffffff
7fffffff
7fffffff
7fffffff
7fffffff
7fffffff
7fffffff
7fffffff
7fffffff
7fffffff
7fffffff
7fffffff
7fffffff
7fffffff
7fffffff
7fffffff
7fffffff
7fffffff
7fffffff
7fffffff
7fffffff
7fffffff
7fffffff
7fffffff
7fffffff
7fffffff
7fffffff
7fffffff
7fffffff
7fffffff
7fffffff
7fffffff
7fffffff
7fffffff
7fffffff
7fffffff
7fffffff
7fffffff
7fffffff
7fffffff
7fffffff
7fffffff
7fffffff
7fffffff
7fffffff
7fffffff
7fffffff
7fffffff
7fffffff
7fffffff
7fffffff
7fffffff
7fffffff
7fffffff
7fffffff
7fffffff
7fffffff
7fffffff
7fffffff
7fffffff
7fffffff
7fffffff
7fffffff
7fffffff
7fffffff
7fffffff
7fffffff
7fffffff
7fffffff
7fffffff
7fffffff
7fffffff
7fffffff
7fffffff
7fffffff
7fffffff
7fffffff
7fffffff
7fffffff
7fffffff
7fffffff
7fffffff
7fffffff
7fffffff
7fffffff
7fffffff
7fffffff
7fffffff
7fffffff
7fffffff
7fffffff
7fffffff
7fffffff
7fffffff
7fffffff
7fffffff
7fffffff
7fffffff
7fffffff
7fffffff
7fffffff
7fffffff
7fffffff
7fffffff
7fffffff
7fffffff
7fffffff
7fffffff
7fffffff
7fffffff
7fffffff
7fffffff
7fffffff
7fffffff
7fffffff
7fffffff
7fffffff
7fffffff
7fffffff
7fffffff
7fffffff
7fffffff
7fffffff
7fffffff
7fffffff
7fffffff
7fffffff
7fffffff
7fffffff
7fffffff
7fffffff
7fffffff
7fffffff
7fffffff
7fffffff
7fffffff
7fffffff
7fffffff
7fffffff
7fffffff
7fffffff
7fffffff
7fffffff
7fffffff
7fffffff
7fffffff
7fffffff
7fffffff
7fffffff
7fffffff
7fffffff
7fffffff
7fffffff
7fffffff
7fffffff
7fffffff
7fffffff
7fffffff
7fffffff
7fffffff
7fffffff
7fffffff
7fffffff
7fffffff
7fffffff
7fffffff
7fffffff
7fffffff
7fffffff
7fffffff
7fffffff
7fffffff
7fffffff
7fffffff
7fffffff
7fffffff
7fffffff
7fffffff
7fffffff
7fffffff
7fffffff
7fffffff
7fffffff
7fffffff
7fffffff
7fffffff
7fffffff
7fffffff
7fffffff
7fffffff
7fffffff
7fffffff
7fffffff
7fffffff
7fffffff
7fffffff
7fffffff
7fffffff
7fffffff
7fffffff
7fffffff
7fffffff
7fffffff
7fffffff
7fffffff
7fffffff
7fffffff
7fffffff
7fffffff
7fffffff
7fffffff
7fffffff
7fffffff
7fffffff
7fffffff
7fffffff
7fffffff
7fffffff
7fffffff
7fffffff
7fffffff
7fffffff
7fffffff
7fffffff
7fffffff
7fffffff
7fffffff
7fffffff
7fffffff
7fffffff
7fffffff
7fffffff
7fffffff
7fffffff
7fffffff
7fffffff
7fffffff
7fffffff
7fffffff
7fffffff
7fffffff
7fffffff
7fffffff
7fffffff
7fffffff
7fffffff
7fffffff
7fffffff
7fffffff
7fffffff
7fffffff
7fffffff
7fffffff
7fffffff
7fffffff
7fffffff
7fffffff
7fffffff
7fffffff
7fffffff
7fffffff
7fffffff
7fffffff
7fffffff
7fffffff
7fffffff
7fffffff
7fffffff
7fffffff
7fffffff
7fffffff
7fffffff
7fffffff
7fffffff
7fffffff
7fffffff
7fffffff
7fffffff
7fffffff
7fffffff
7fffffff
7fffffff
7fffffff
7fffffff
7fffffff
7fffffff
7fffffff
7fffffff
7fffffff
7fffffff
7fffffff
7fffffff
7fffffff
7fffffff
7fffffff
7fffffff
7fffffff
7fffffff
7fffffff
7fffffff
7fffffff
7fffffff
7fffffff
7fffffff
7fffffff
7fffffff
7fffffff
7fffffff
7fffffff
7fffffff
7fffffff
7fffffff
7fffffff
7fffffff
7fffffff
7fffffff
7fffffff
7fffffff
7fffffff
7fffffff
7fffffff
7fffffff
7fffffff
7fffffff
7fffffff
7fffffff
7fffffff
7fffffff
7fffffff
7fffffff
7fffffff
7fffffff
7fffffff
7fffffff
7fffffff
7fffffff
7fffffff
7fffffff
7fffffff
7fffffff
7fffffff
7fffffff
7fffffff
7fffffff
7fffffff
7fffffff
7fffffff
7fffffff
7fffffff
7fffffff
7fffffff
7fffffff
7fffffff
7fffffff
7fffffff
7fffffff
7fffffff
7fffffff
7fffffff
7fffffff
7fffffff
7fffffff
7fffffff
7fffffff
7fffffff
7fffffff
7fffffff
7fffffff
7fffffff
7fffffff
7fffffff
7fffffff
7fffffff
7fffffff
7fffffff
7fffffff
7fffffff
7fffffff
7fffffff
7fffffff
7fffffff
7fffffff
7fffffff
7fffffff
7fffffff
7fffffff
7fffffff
7fffffff
7fffffff
7fffffff
7fffffff
7fffffff
7fffffff
7fffffff
7fffffff
7fffffff
7fffffff
7fffffff
7fffffff
7fffffff
7fffffff
7fffffff
7fffffff
7fffffff
7fffffff
7fffffff
7fffffff
7fffffff
7fffffff
7fffffff
7fffffff
7fffffff
7fffffff
7fffffff
7fffffff
7fffffff
7fffffff
7fffffff
7fffffff
7fffffff
7fffffff
7fffffff
7fffffff
7fffffff
7fffffff
7fffffff
7fffffff
7fffffff
7fffffff
7fffffff
7fffffff
7fffffff
7fffffff
7fffffff
7fffffff
7fffffff
7fffffff
7fffffff
7fffffff
7fffffff
7fffffff
7fffffff
7fffffff
7fffffff
7fffffff
7fffffff
7fffffff
7fffffff
7fffffff
7fffffff
7fffffff
7fffffff
7fffffff
7fffffff
7fffffff
7fffffff
7fffffff
7fffffff
7fffffff
7fffffff
7fffffff
7fffffff
7fffffff
7fffffff
7fffffff
7fffffff
7fffffff
7fffffff
7fffffff
7fffffff
7fffffff
7fffffff
7fffffff
7fffffff
7fffffff
7fffffff
7fffffff
7fffffff
7fffffff
7fffffff
7fffffff
7fffffff
7fffffff
7fffffff
7fffffff
7fffffff
7fffffff
7fffffff
7fffffff
7fffffff
7fffffff
7fffffff
7fffffff
7fffffff
7fffffff
7fffffff
7fffffff
7fffffff
7fffffff
7fffffff
7fffffff
7fffffff
7fffffff
7fffffff
7fffffff
7fffffff
7fffffff
7fffffff
7fffffff
7fffffff
7fffffff
7fffffff
7fffffff
7fffffff
7fffffff
7fffffff
7fffffff
7fffffff
7fffffff
7fffffff
7fffffff
7fffffff
7fffffff
7fffffff
7fffffff
7fffffff
7fffffff
7fffffff
7fffffff
7fffffff
7fffffff
7fffffff
7fffffff
7fffffff
7fffffff
7fffffff
7fffffff
7fffffff
7fffffff
7fffffff
7fffffff
7fffffff
7fffffff
7fffffff
7fffffff
7fffffff
7fffffff
7fffffff
7fffffff
7fffffff
7fffffff
7fffffff
7fffffff
7fffffff
7fffffff
7fffffff
7fffffff
7fffffff
7fffffff
7fffffff
7fffffff
7fffffff
7fffffff
7fffffff
7fffffff
7fffffff
7fffffff
7fffffff
7fffffff
7fffffff
7fffffff
7fffffff
7fffffff
7fffffff
7fffffff
7fffffff
7fffffff
7fffffff
7fffffff
7fffffff
7fffffff
7fffffff
7fffffff
7fffffff
7fffffff
7fffffff
7fffffff
7fffffff
7fffffff
7fffffff
7fffffff
7fffffff
7fffffff
7fffffff
7fffffff
7fffffff
7fffffff
7fffffff
7fffffff
7fffffff
7fffffff
7fffffff
7fffffff
7fffffff
7fffffff
7fffffff
7fffffff
7fffffff
7fffffff
7fffffff
7fffffff
7fffffff
7fffffff
7fffffff
7fffffff
7fffffff
7fffffff
7fffffff
7fffffff
7fffffff
7fffffff
7fffffff
7fffffff
7fffffff
7fffffff
7fffffff
7fffffff
7fffffff
7fffffff
7fffffff
7fffffff
7fffffff
7fffffff
7fffffff
7fffffff
7fffffff
7fffffff
7fffffff
7fffffff
7fffffff
7fffffff
7fffffff
7fffffff
7fffffff
7fffffff
7fffffff
7fffffff
7fffffff
7fffffff
7fffffff
7fffffff
7fffffff
7fffffff
7fffffff
7fffffff
7fffffff
7fffffff
7fffffff
7fffffff
7fffffff
7fffffff
7fffffff
7fffffff
7fffffff
7fffffff
7fffffff
7fffffff
7fffffff
7fffffff
7fffffff
7fffffff
7fffffff
7fffffff
7fffffff
7fffffff
7fffffff
7fffffff
7fffffff
7fffffff
7fffffff
7fffffff
7fffffff
7fffffff
7fffffff
7fffffff
7fffffff
7fffffff
7fffffff
7fffffff
7fffffff
7fffffff
7fffffff
7fffffff
7fffffff
7fffffff
7fffffff
7fffffff
7fffffff
7fffffff
7fffffff
7fffffff
7fffffff
7fffffff
7fffffff
7fffffff
7fffffff
7fffffff
7fffffff
7fffffff
7fffffff
7fffffff
7fffffff
7fffffff
7fffffff
7fffffff
7fffffff
7fffffff
7fffffff
7fffffff
7fffffff
7fffffff
7fffffff
7fffffff
7fffffff
7fffffff
7fffffff
7fffffff
7fffffff
7fffffff
7fffffff
7fffffff
7fffffff
7fffffff
7fffffff
7fffffff
7fffffff
7fffffff
7fffffff
7fffffff
7fffffff
7fffffff
7fffffff
7fffffff
7fffffff
7fffffff
7fffffff
7fffffff
7fffffff
7fffffff
7fffffff
7fffffff
7fffffff
7fffffff
7fffffff
7fffffff
7fffffff
7fffffff
7fffffff
7fffffff
7fffffff
7fffffff
7fffffff
7fffffff
7fffffff
7fffffff
7fffffff
7fffffff
7fffffff
7fffffff
7fffffff
7fffffff
7fffffff
7fffffff
7fffffff
7fffffff
7fffffff
7fffffff
7fffffff
7fffffff
7fffffff
7fffffff
7fffffff
7fffffff
7fffffff
7fffffff
7fffffff
7fffffff
7fffffff
7fffffff
7fffffff
7fffffff
7fffffff
7fffffff
7fffffff
7fffffff
7fffffff
7fffffff
7fffffff
7fffffff
7fffffff
7fffffff
7fffffff
7fffffff
7fffffff
7fffffff
7fffffff
7fffffff
7fffffff
7fffffff
7fffffff
7fffffff
7fffffff
7fffffff
7fffffff
7fffffff
7fffffff
7fffffff
7fffffff
7fffffff
7fffffff
7fffffff
7fffffff
7fffffff
7fffffff
7fffffff
7fffffff
7fffffff
7fffffff
7fffffff
7fffffff
7fffffff
7fffffff
7fffffff
7fffffff
7fffffff
7fffffff
7fffffff
7fffffff
7fffffff
7fffffff
7fffffff
7fffffff
7fffffff
7fffffff
7fffffff
7fffffff
7fffffff
7fffffff
7fffffff
7fffffff
7fffffff
7fffffff
7fffffff
7fffffff
7fffffff
7fffffff
7fffffff
7fffffff
7fffffff
7fffffff
7fffffff
7fffffff
7fffffff
7fffffff
7fffffff
7fffffff
7fffffff
7fffffff
7fffffff
7fffffff
7fffffff
7fffffff
7fffffff
7fffffff
7fffffff
7fffffff
7fffffff
7fffffff
7fffffff
7fffffff
7fffffff
7fffffff
7fffffff
7fffffff
7fffffff
7fffffff
7fffffff
7fffffff
7fffffff
7fffffff
7fffffff
7fffffff
7fffffff
7fffffff
7fffffff
7fffffff
7fffffff
7fffffff
7fffffff
7fffffff
7fffffff
7fffffff
7fffffff
7fffffff
7fffffff
7fffffff
7fffffff
7fffffff
7fffffff
7fffffff
7fffffff
7fffffff
7fffffff
7fffffff
7fffffff
7fffffff
7fffffff
7fffffff
7fffffff
7fffffff
7fffffff
7fffffff
7fffffff
7fffffff
7fffffff
7fffffff
7fffffff
7fffffff
7fffffff
7fffffff
7fffffff
7fffffff
7fffffff
7fffffff
7fffffff
7fffffff
7fffffff
7fffffff
7fffffff
7fffffff
7fffffff
7fffffff
7fffffff
7fffffff
7fffffff
7fffffff
7fffffff
7fffffff
7fffffff
7fffffff
7fffffff
7fffffff
7fffffff
7fffffff
7fffffff
7fffffff
7fffffff
7fffffff
7fffffff
7fffffff
7fffffff
7fffffff
7fffffff
7fffffff
7fffffff
7fffffff
7fffffff
7fffffff
7fffffff
7fffffff
7fffffff
7fffffff
7fffffff
7fffffff
7fffffff
7fffffff
7fffffff
7fffffff
7fffffff
7fffffff
7fffffff
7fffffff
7fffffff
7fffffff
7fffffff
7fffffff
7fffffff
7fffffff
7fffffff
7fffffff
7fffffff
7fffffff
7fffffff
7fffffff
7fffffff
7fffffff
7fffffff
7fffffff
7fffffff
7fffffff
7fffffff
7fffffff
7fffffff
7fffffff
7fffffff
7fffffff
7fffffff
7fffffff
7fffffff
7fffffff
7fffffff
7fffffff
7fffffff
7fffffff
7fffffff
7fffffff
7fffffff
7fffffff
7fffffff
7fffffff
7fffffff
7fffffff
7fffffff
7fffffff
7fffffff
7fffffff
7fffffff
7fffffff
7fffffff
7fffffff
7fffffff
7fffffff
7fffffff
7fffffff
7fffffff
7fffffff
7fffffff
7fffffff
7fffffff
7fffffff
7fffffff
7fffffff
7fffffff
7fffffff
7fffffff
7fffffff
7fffffff
7fffffff
7fffffff
7fffffff
7fffffff
7fffffff
7fffffff
7fffffff
7fffffff
7fffffff
7fffffff
7fffffff
7fffffff
7fffffff
7fffffff
7fffffff
7fffffff
7fffffff
7fffffff
7fffffff
7fffffff
7fffffff
7fffffff
7fffffff
7fffffff
7fffffff
7fffffff
7fffffff
7fffffff
7fffffff
7fffffff
7fffffff
7fffffff
7fffffff
7fffffff
7fffffff
7fffffff
7fffffff
7fffffff
7fffffff
7fffffff
7fffffff
7fffffff
7fffffff
7fffffff
7fffffff
7fffffff
7fffffff
7fffffff
7fffffff
7fffffff
7fffffff
7fffffff
7fffffff
7fffffff
7fffffff
7fffffff
7fffffff
7fffffff
7fffffff
7fffffff
7fffffff
7fffffff
7fffffff
7fffffff
7fffffff
7fffffff
7fffffff
7fffffff
7fffffff
7fffffff
7fffffff
7fffffff
7fffffff
7fffffff
7fffffff
7fffffff
7fffffff
7fffffff
7fffffff
7fffffff
7fffffff
7fffffff
7fffffff
7fffffff
7fffffff
7fffffff
7fffffff
7fffffff
7fffffff
7fffffff
7fffffff
7fffffff
7fffffff
7fffffff
7fffffff
7fffffff
7fffffff
7fffffff
7fffffff
7fffffff
7fffffff
7fffffff
7fffffff
7fffffff
7fffffff
7fffffff
7fffffff
7fffffff
7fffffff
7fffffff
7fffffff
7fffffff
7fffffff
7fffffff
7fffffff
7fffffff
7fffffff
7fffffff
7fffffff
7fffffff
7fffffff
7fffffff
7fffffff
7fffffff
7fffffff
7fffffff
7fffffff
7fffffff
7fffffff
7fffffff
7fffffff
7fffffff
7fffffff
7fffffff
7fffffff
7fffffff
7fffffff
7fffffff
7fffffff
7fffffff
7fffffff
7fffffff
7fffffff
7fffffff
7fffffff
7fffffff
7fffffff
7fffffff
7fffffff
7fffffff
7fffffff
7fffffff
7fffffff
7fffffff
7fffffff
7fffffff
7fffffff
7fffffff
7fffffff
7fffffff
7fffffff
7fffffff
7fffffff
7fffffff
7fffffff
7fffffff
7fffffff
7fffffff
7fffffff
7fffffff
7fffffff
7fffffff
7fffffff
7fffffff
7fffffff
7fffffff
7fffffff
7fffffff
7fffffff
7fffffff
7fffffff
7fffffff
7fffffff
7fffffff
7fffffff
7fffffff
7fffffff
7fffffff
7fffffff
7fffffff
7fffffff
7fffffff
7fffffff
7fffffff
7fffffff
7fffffff
7fffffff
7fffffff
7fffffff
7fffffff
7fffffff
7fffffff
7fffffff
7fffffff
7fffffff
7fffffff
7fffffff
7fffffff
7fffffff
7fffffff
7fffffff
7fffffff
7fffffff
7fffffff
7fffffff
7fffffff
7fffffff
7fffffff
7fffffff
7fffffff
7fffffff
7fffffff
7fffffff
7fffffff
7fffffff
7fffffff
7fffffff
7fffffff
7fffffff
7fffffff
7fffffff
7fffffff
7fffffff
7fffffff
7fffffff
7fffffff
7fffffff
7fffffff
7fffffff
7fffffff
7fffffff
7fffffff
7fffffff
7fffffff
7fffffff
7fffffff
7fffffff
7fffffff
7fffffff
7fffffff
7fffffff
7fffffff
7fffffff
7fffffff
7fffffff
7fffffff
7fffffff
7fffffff
7fffffff
7fffffff
7fffffff
7fffffff
7fffffff
7fffffff
7fffffff
7fffffff
7fffffff
7fffffff
7fffffff
7fffffff
7fffffff
7fffffff
7fffffff
7fffffff
7fffffff
7fffffff
7fffffff
7fffffff
7fffffff
7fffffff
7fffffff
7fffffff
7fffffff
7fffffff
7fffffff
7fffffff
7fffffff
7fffffff
7fffffff
7fffffff
7fffffff
7fffffff
7fffffff
7fffffff
7fffffff
7fffffff
7fffffff
7fffffff
7fffffff
7fffffff
7fffffff
7fffffff
7fffffff
7fffffff
7fffffff
7fffffff
7fffffff
7fffffff
7fffffff
7fffffff
7fffffff
7fffffff
7fffffff
7fffffff
7fffffff
7fffffff
7fffffff
7fffffff
7fffffff
7fffffff
7fffffff
7fffffff
7fffffff
7fffffff
7fffffff
7fffffff
7fffffff
7fffffff
7fffffff
7fffffff
7fffffff
7fffffff
7fffffff
7fffffff
7fffffff
7fffffff
7fffffff
7fffffff
7fffffff
7fffffff
7fffffff
7fffffff
7fffffff
7fffffff
7fffffff
7fffffff
7fffffff
7fffffff
7fffffff
7fffffff
7fffffff
7fffffff
7fffffff
7fffffff
7fffffff
7fffffff
7fffffff
7fffffff
7fffffff
7fffffff
7fffffff
7fffffff
7fffffff
7fffffff
7fffffff
7fffffff
7fffffff
7fffffff
7fffffff
7fffffff
7fffffff
7fffffff
7fffffff
7fffffff
7fffffff
7fffffff
7fffffff
7fffffff
7fffffff
7fffffff
7fffffff
7fffffff
7fffffff
7fffffff
7fffffff
7fffffff
7fffffff
7fffffff
7fffffff
7fffffff
7fffffff
7fffffff
7fffffff
7fffffff
7fffffff
7fffffff
7fffffff
7fffffff
7fffffff
7fffffff
7fffffff
7fffffff
7fffffff
7fffffff
7fffffff
7fffffff
7fffffff
7fffffff
7fffffff
7fffffff
7fffffff
7fffffff
7fffffff
7fffffff
7fffffff
7fffffff
7fffffff
7fffffff
7fffffff
7fffffff
7fffffff
7fffffff
7fffffff
7fffffff
7fffffff
7fffffff
7fffffff
7fffffff
7fffffff
7fffffff
7fffffff
7fffffff
7fffffff
7fffffff
7fffffff
7fffffff
7fffffff
7fffffff
7fffffff
7fffffff
7fffffff
7fffffff
7fffffff
7fffffff
7fffffff
7fffffff
7fffffff
7fffffff
7fffffff
7fffffff
7fffffff
7fffffff
7fffffff
7fffffff
7fffffff
7fffffff
7fffffff
7fffffff
7fffffff
7fffffff
7fffffff
7fffffff
7fffffff
7fffffff
7fffffff
7fffffff
7fffffff
7fffffff
7fffffff
7fffffff
7fffffff
7fffffff
7fffffff
7fffffff
7fffffff
7fffffff
7fffffff
7fffffff
7fffffff
7fffffff
7fffffff
7fffffff
7fffffff
7fffffff
7fffffff
7fffffff
7fffffff
7fffffff
7fffffff
7fffffff
7fffffff
7fffffff
7fffffff
7fffffff
7fffffff
7fffffff
7fffffff
7fffffff
7fffffff
7fffffff
7fffffff
7fffffff
7fffffff
7fffffff
7fffffff
7fffffff
7fffffff
7fffffff
7fffffff
7fffffff
7fffffff
7fffffff
7fffffff
7fffffff
7fffffff
7fffffff
7fffffff
7fffffff
7fffffff
7fffffff
7fffffff
7fffffff
7fffffff
7fffffff
7fffffff
7fffffff
7fffffff
7fffffff
7fffffff
7fffffff
7fffffff
7fffffff
7fffffff
7fffffff
7fffffff
7fffffff
7fffffff
7fffffff
7fffffff
7fffffff
7fffffff
7fffffff
7fffffff
7fffffff
7fffffff
7fffffff
7fffffff
7fffffff
7fffffff
7fffffff
7fffffff
7fffffff
7fffffff
7fffffff
7fffffff
7fffffff
7fffffff
7fffffff
7fffffff
7fffffff
7fffffff
7fffffff
7fffffff
7fffffff
7fffffff
7fffffff
7fffffff
7fffffff
7fffffff
7fffffff
7fffffff
7fffffff
7fffffff
7fffffff
7fffffff
7fffffff
7fffffff
7fffffff
7fffffff
7fffffff
7fffffff
7fffffff
7fffffff
7fffffff
7fffffff
7fffffff
7fffffff
7fffffff
7fffffff
7fffffff
7fffffff
7fffffff
7fffffff
7fffffff
7fffffff
7fffffff
7fffffff
7fffffff
7fffffff
7fffffff
7fffffff
7fffffff
7fffffff
7fffffff
7fffffff
7fffffff
7fffffff
7fffffff
7fffffff
7fffffff
7fffffff
7fffffff
7fffffff
7fffffff
7fffffff
7fffffff
7fffffff
7fffffff
7fffffff
7fffffff
7fffffff
7fffffff
7fffffff
7fffffff
7fffffff
7fffffff
7fffffff
7fffffff
7fffffff
7fffffff
7fffffff
7fffffff
7fffffff
7fffffff
7fffffff
7fffffff
7fffffff
7fffffff
7fffffff
7fffffff
7fffffff
7fffffff
7fffffff
7fffffff
7fffffff
7fffffff
7fffffff
7fffffff
7fffffff
7fffffff
7fffffff
7fffffff
7fffffff
7fffffff
7fffffff
7fffffff
7fffffff
7fffffff
7fffffff
7fffffff
7fffffff
7fffffff
7fffffff
7fffffff
7fffffff
7fffffff
7fffffff
7fffffff
7fffffff
7fffffff
7fffffff
7fffffff
7fffffff
7fffffff
7fffffff
7fffffff
7fffffff
7fffffff
7fffffff
7fffffff
7fffffff
7fffffff
7fffffff
7fffffff
7fffffff
7fffffff
7fffffff
7fffffff
7fffffff
7fffffff
7fffffff
7fffffff
7fffffff
7fffffff
7fffffff
7fffffff
7fffffff
7fffffff
7fffffff
7fffffff
7fffffff
7fffffff
7fffffff
7fffffff
7fffffff
7fffffff
7fffffff
7fffffff
7fffffff
7fffffff
7fffffff
7fffffff
7fffffff
7fffffff
7fffffff
7fffffff
7fffffff
7fffffff
7fffffff
7fffffff
7fffffff
7fffffff
7fffffff
7fffffff
7fffffff
7fffffff
7fffffff
7fffffff
7fffffff
7fffffff
7fffffff
7fffffff
7fffffff
7fffffff
7fffffff
7fffffff
7fffffff
7fffffff
7fffffff
7fffffff
7fffffff
7fffffff
7fffffff
7fffffff
7fffffff
7fffffff
7fffffff
7fffffff
7fffffff
7fffffff
7fffffff
7fffffff
7fffffff
7fffffff
7fffffff
7fffffff
7fffffff
7fffffff
7fffffff
7fffffff
7fffffff
7fffffff
7fffffff
7fffffff
7fffffff
7fffffff
7fffffff
7fffffff
7fffffff
7fffffff
7fffffff
7fffffff
7fffffff
7fffffff
7fffffff
7fffffff
7fffffff
7fffffff
7fffffff
7fffffff
7fffffff
7fffffff
7fffffff
7fffffff
7fffffff
7fffffff
7fffffff
7fffffff
7fffffff
7fffffff
7fffffff
7fffffff
7fffffff
7fffffff
7fffffff
7fffffff
7fffffff
7fffffff
7fffffff
7fffffff
7fffffff
7fffffff
7fffffff
7fffffff
7fffffff
7fffffff
7fffffff
7fffffff
7fffffff
7fffffff
7fffffff
7fffffff
7fffffff
7fffffff
7fffffff
7fffffff
7fffffff
7fffffff
7fffffff
7fffffff
7fffffff
7fffffff
7fffffff
7fffffff
7fffffff
7fffffff
7fffffff
7fffffff
7fffffff
7fffffff
7fffffff
7fffffff
7fffffff
7fffffff
7fffffff
7fffffff
7fffffff
7fffffff
7fffffff
7fffffff
7fffffff
7fffffff
7fffffff
7fffffff
7fffffff
7fffffff
7fffffff
7fffffff
7fffffff
7fffffff
7fffffff
7fffffff
7fffffff
7fffffff
7fffffff
7fffffff
7fffffff
7fffffff
7fffffff
7fffffff
7fffffff
7fffffff
7fffffff
7fffffff
7fffffff
7fffffff
7fffffff
7fffffff
7fffffff
7fffffff
7fffffff
7fffffff
7fffffff
7fffffff
7fffffff
7fffffff
7fffffff
7fffffff
7fffffff
7fffffff
7fffffff
7fffffff
7fffffff
7fffffff
7fffffff
7fffffff
7fffffff
7fffffff
7fffffff
7fffffff
7fffffff
7fffffff
7fffffff
7fffffff
7fffffff
7fffffff
7fffffff
7fffffff
7fffffff
7fffffff
7fffffff
7fffffff
7fffffff
7fffffff
7fffffff
7fffffff
7fffffff
7fffffff
7fffffff
7fffffff
7fffffff
7fffffff
7fffffff
7fffffff
7fffffff
7fffffff
7fffffff
7fffffff
7fffffff
7fffffff
7fffffff
7fffffff
7fffffff
7fffffff
7fffffff
7fffffff
7fffffff
7fffffff
7fffffff
7fffffff
7fffffff
7fffffff
7fffffff
7fffffff
7fffffff
7fffffff
7fffffff
7fffffff
7fffffff
7fffffff
7fffffff
7fffffff
7fffffff
7fffffff
7fffffff
7fffffff
7fffffff
7fffffff
7fffffff
7fffffff
7fffffff
7fffffff
7fffffff
7fffffff
7fffffff
7fffffff
7fffffff
7fffffff
7fffffff
7fffffff
7fffffff
7fffffff
7fffffff
7fffffff
7fffffff
7fffffff
7fffffff
7fffffff
7fffffff
7fffffff
7fffffff
7fffffff
7fffffff
7fffffff
7fffffff
7fffffff
7fffffff
7fffffff
7fffffff
7fffffff
7fffffff
7fffffff
7fffffff
7fffffff
7fffffff
7fffffff
7fffffff
7fffffff
7fffffff
7fffffff
7fffffff
7fffffff
7fffffff
7fffffff
7fffffff
7fffffff
7fffffff
7fffffff
7fffffff
7fffffff
7fffffff
7fffffff
7fffffff
7fffffff
7fffffff
7fffffff
7fffffff
7fffffff
7fffffff
7fffffff
7fffffff
7fffffff
7fffffff
7fffffff
7fffffff
7fffffff
7fffffff
7fffffff
7fffffff
7fffffff
7fffffff
7fffffff
7fffffff
7fffffff
7fffffff
7fffffff
7fffffff
7fffffff
7fffffff
7fffffff
7fffffff
7fffffff
7fffffff
7fffffff
7fffffff
7fffffff
7fffffff
7fffffff
7fffffff
7fffffff
7fffffff
7fffffff
7fffffff
7fffffff
7fffffff
7fffffff
7fffffff
7fffffff
7fffffff
7fffffff
7fffffff
7fffffff
7fffffff
7fffffff
7fffffff
7fffffff
7fffffff
7fffffff
7fffffff
7fffffff
7fffffff
7fffffff
7fffffff
7fffffff
7fffffff
7fffffff
7fffffff
7fffffff
7fffffff
7fffffff
7fffffff
7fffffff
7fffffff
7fffffff
7fffffff
7fffffff
7fffffff
7fffffff
7fffffff
7fffffff
7fffffff
7fffffff
7fffffff
7fffffff
7fffffff
7fffffff
7fffffff
7fffffff
7fffffff
7fffffff
7fffffff
7fffffff
7fffffff
7fffffff
7fffffff
7fffffff
7fffffff
7fffffff
7fffffff
7fffffff
7fffffff
7fffffff
7fffffff
7fffffff
7fffffff
7fffffff
7fffffff
7fffffff
7fffffff
7fffffff
7fffffff
7fffffff
7fffffff
7fffffff
7fffffff
7fffffff
7fffffff
7fffffff
7fffffff
7fffffff
7fffffff
7fffffff
7fffffff
7fffffff
7fffffff
7fffffff
7fffffff
7fffffff
7fffffff
7fffffff
7fffffff
7fffffff
7fffffff
7fffffff
7fffffff
7fffffff
7fffffff
7fffffff
7fffffff
7fffffff
7fffffff
7fffffff
7fffffff
7fffffff
7fffffff
7fffffff
7fffffff
7fffffff
7fffffff
7fffffff
7fffffff
7fffffff
7fffffff
7fffffff
7fffffff
7fffffff
7fffffff
7fffffff
7fffffff
7fffffff
7fffffff
7fffffff
7fffffff
7fffffff
7fffffff
7fffffff
7fffffff
7fffffff
7fffffff
7fffffff
7fffffff
7fffffff
7fffffff
7fffffff
7fffffff
7fffffff
7fffffff
7fffffff
7fffffff
7fffffff
7fffffff
7fffffff
7fffffff
7fffffff
7fffffff
7fffffff
7fffffff
7fffffff
7fffffff
7fffffff
7fffffff
7fffffff
7fffffff
7fffffff
7fffffff
7fffffff
7fffffff
7fffffff
7fffffff
7fffffff
7fffffff
7fffffff
7fffffff
7fffffff
7fffffff
7fffffff
7fffffff
7fffffff
7fffffff
7fffffff
7fffffff
7fffffff
7fffffff
7fffffff
7fffffff
7fffffff
7fffffff
7fffffff
7fffffff
7fffffff
7fffffff
7fffffff
7fffffff
7fffffff
7fffffff
7fffffff
7fffffff
7fffffff
7fffffff
7fffffff
7fffffff
7fffffff
7fffffff
7fffffff
7fffffff
7fffffff
7fffffff
7fffffff
7fffffff
7fffffff
7fffffff
7fffffff
7fffffff
7fffffff
7fffffff
7fffffff
7fffffff
7fffffff
7fffffff
7fffffff
7fffffff
7fffffff
7fffffff
7fffffff
7fffffff
7fffffff
7fffffff
7fffffff
7fffffff
7fffffff
7fffffff
7fffffff
7fffffff
7fffffff
7fffffff
7fffffff
7fffffff
7fffffff
7fffffff
7fffffff
7fffffff
7fffffff
7fffffff
7fffffff
7fffffff
7fffffff
7fffffff
7fffffff
7fffffff
7fffffff
7fffffff
7fffffff
7fffffff
7fffffff
7fffffff
7fffffff
7fffffff
7fffffff
7fffffff
7fffffff
7fffffff
7fffffff
7fffffff
7fffffff
7fffffff
7fffffff
7fffffff
7fffffff
7fffffff
7fffffff
7fffffff
7fffffff
7fffffff
7fffffff
7fffffff
7fffffff
7fffffff
7fffffff
7fffffff
7fffffff
7fffffff
7fffffff
7fffffff
7fffffff
7fffffff
7fffffff
7fffffff
7fffffff
7fffffff
7fffffff
7fffffff
7fffffff
7fffffff
7fffffff
7fffffff
7fffffff
7fffffff
7fffffff
7fffffff
7fffffff
7fffffff
7fffffff
7fffffff
7fffffff
7fffffff
7fffffff
7fffffff
7fffffff
7fffffff
7fffffff
7fffffff
7fffffff
7fffffff
7fffffff
7fffffff
7fffffff
7fffffff
7fffffff
7fffffff
7fffffff
7fffffff
7fffffff
7fffffff
7fffffff
7fffffff
7fffffff
7fffffff
7fffffff
7fffffff
7fffffff
7fffffff
7fffffff
7fffffff
7fffffff
7fffffff
7fffffff
7fffffff
7fffffff
7fffffff
7fffffff
7fffffff
7fffffff
7fffffff
7fffffff
7fffffff
7fffffff
7fffffff
7fffffff
7fffffff
7fffffff
7fffffff
7fffffff
7fffffff
7fffffff
7fffffff
7fffffff
7fffffff
7fffffff
7fffffff
7fffffff
7fffffff
7fffffff
7fffffff
7fffffff
7fffffff
7fffffff
7fffffff
7fffffff
7fffffff
7fffffff
7fffffff
7fffffff
7fffffff
7fffffff
7fffffff
7fffffff
7fffffff
7fffffff
7fffffff
7fffffff
7fffffff
7fffffff
7fffffff
7fffffff
7fffffff
7fffffff
7fffffff
7fffffff
7fffffff
7fffffff
7fffffff
7fffffff
7fffffff
7fffffff
7fffffff
7fffffff
7fffffff
7fffffff
7fffffff
7fffffff
7fffffff
7fffffff
7fffffff
7fffffff
7fffffff
7fffffff
7fffffff
7fffffff
7fffffff
7fffffff
7fffffff
7fffffff
7fffffff
7fffffff
7fffffff
7fffffff
7fffffff
7fffffff
7fffffff
7fffffff
7fffffff
7fffffff
7fffffff
7fffffff
7fffffff
7fffffff
7fffffff
7fffffff
7fffffff
7fffffff
7fffffff
7fffffff
7fffffff
7fffffff
7fffffff
7fffffff
7fffffff
7fffffff
7fffffff
7fffffff
7fffffff
7fffffff
7fffffff
7fffffff
7fffffff
7fffffff
7fffffff
7fffffff
7fffffff
7fffffff
7fffffff
7fffffff
7fffffff
7fffffff
7fffffff
7fffffff
7fffffff
7fffffff
7fffffff
7fffffff
7fffffff
7fffffff
7fffffff
7fffffff
7fffffff
7fffffff
7fffffff
7fffffff
7fffffff
7fffffff
7fffffff
7fffffff
7fffffff
7fffffff
7fffffff
7fffffff
7fffffff
7fffffff
7fffffff
7fffffff
7fffffff
7fffffff
7fffffff
7fffffff
7fffffff
7fffffff
7fffffff
7fffffff
7fffffff
7fffffff
7fffffff
7fffffff
7fffffff
7fffffff
7fffffff
7fffffff
7fffffff
7fffffff
7fffffff
7fffffff
7fffffff
7fffffff
7fffffff
7fffffff
7fffffff
7fffffff
7fffffff
7fffffff
7fffffff
7fffffff
7fffffff
7fffffff
7fffffff
7fffffff
7fffffff
7fffffff
7fffffff
7fffffff
7fffffff
7fffffff
7fffffff
7fffffff
7fffffff
7fffffff
7fffffff
7fffffff
7fffffff
7fffffff
7fffffff
7fffffff
7fffffff
7fffffff
7fffffff
7fffffff
7fffffff
7fffffff
7fffffff
7fffffff
7fffffff
7fffffff
7fffffff
7fffffff
7fffffff
7fffffff
7fffffff
7fffffff
7fffffff
7fffffff
7fffffff
7fffffff
7fffffff
7fffffff
7fffffff
7fffffff
7fffffff
7fffffff
7fffffff
7fffffff
7fffffff
7fffffff
7fffffff
7fffffff
7fffffff
7fffffff
7fffffff
7fffffff
7fffffff
7fffffff
7fffffff
7fffffff
7fffffff
7fffffff
7fffffff
7fffffff
7fffffff
7fffffff
7fffffff
7fffffff
7fffffff
7fffffff
7fffffff
7fffffff
7fffffff
7fffffff
7fffffff
7fffffff
7fffffff
7fffffff
7fffffff
7fffffff
7fffffff
7fffffff
7fffffff
7fffffff
7fffffff
7fffffff
7fffffff
7fffffff
7fffffff
7fffffff
7fffffff
7fffffff
7fffffff
7fffffff
7fffffff
7fffffff
7fffffff
7fffffff
7fffffff
7fffffff
7fffffff
7fffffff
7fffffff
7fffffff
7fffffff
7fffffff
7fffffff
7fffffff
7fffffff
7fffffff
7fffffff
7fffffff
7fffffff
7fffffff
7fffffff
7fffffff
7fffffff
7fffffff
7fffffff
7fffffff
7fffffff
7fffffff
7fffffff
7fffffff
7fffffff
7fffffff
7fffffff
7fffffff
7fffffff
7fffffff
7fffffff
7fffffff
7fffffff
7fffffff
7fffffff
7fffffff
7fffffff
7fffffff
7fffffff
7fffffff
7fffffff
7fffffff
7fffffff
7fffffff
7fffffff
7fffffff
7fffffff
7fffffff
7fffffff
7fffffff
7fffffff
7fffffff
7fffffff
7fffffff
7fffffff
7fffffff
7fffffff
7fffffff
7fffffff
7fffffff
7fffffff
7fffffff
7fffffff
7fffffff
7fffffff
7fffffff
7fffffff
7fffffff
7fffffff
7fffffff
7fffffff
7fffffff
7fffffff
7fffffff
7fffffff
7fffffff
7fffffff
7fffffff
7fffffff
7fffffff
7fffffff
7fffffff
7fffffff
7fffffff
7fffffff
7fffffff
7fffffff
7fffffff
7fffffff
7fffffff
7fffffff
7fffffff
7fffffff
7fffffff
7fffffff
7fffffff
7fffffff
7fffffff
7fffffff
7fffffff
7fffffff
7fffffff
7fffffff
7fffffff
7fffffff
7fffffff
7fffffff
7fffffff
7fffffff
7fffffff
7fffffff
7fffffff
7fffffff
7fffffff
7fffffff
7fffffff
7fffffff
7fffffff
7fffffff
7fffffff
7fffffff
7fffffff
7fffffff
7fffffff
7fffffff
7fffffff
7fffffff
7fffffff
7fffffff
7fffffff
7fffffff
7fffffff
7fffffff
7fffffff
7fffffff
7fffffff
7fffffff
7fffffff
7fffffff
7fffffff
7fffffff
7fffffff
7fffffff
7fffffff
7fffffff
7fffffff
7fffffff
7fffffff
7fffffff
7fffffff
7fffffff
7fffffff
7fffffff
7fffffff
7fffffff
7fffffff
7fffffff
7fffffff
7fffffff
7fffffff
7fffffff
7fffffff
7fffffff
7fffffff
7fffffff
7fffffff
7fffffff
7fffffff
7fffffff
7fffffff
7fffffff
7fffffff
7fffffff
7fffffff
7fffffff
7fffffff
7fffffff
7fffffff
7fffffff
7fffffff
7fffffff
7fffffff
7fffffff
7fffffff
7fffffff
7fffffff
7fffffff
7fffffff
7fffffff
7fffffff
7fffffff
7fffffff
7fffffff
7fffffff
7fffffff
7fffffff
7fffffff
7fffffff
7fffffff
7fffffff
7fffffff
7fffffff
7fffffff
7fffffff
7fffffff
7fffffff
7fffffff
7fffffff
7fffffff
7fffffff
7fffffff
7fffffff
7fffffff
7fffffff
7fffffff
7fffffff
7fffffff
7fffffff
7fffffff
7fffffff
7fffffff
7fffffff
7fffffff
7fffffff
7fffffff
7fffffff
7fffffff
7fffffff
7fffffff
7fffffff
7fffffff
7fffffff
7fffffff
7fffffff
7fffffff
7fffffff
7fffffff
7fffffff
7fffffff
7fffffff
7fffffff
7fffffff
7fffffff
7fffffff
7fffffff
7fffffff
7fffffff
7fffffff
7fffffff
7fffffff
7fffffff
7fffffff
7fffffff
7fffffff
7fffffff
7fffffff
7fffffff
7fffffff
7fffffff
7fffffff
7fffffff
7fffffff
7fffffff
7fffffff
7fffffff
7fffffff
7fffffff
7fffffff
7fffffff
7fffffff
7fffffff
7fffffff
7fffffff
7fffffff
7fffffff
7fffffff
7fffffff
7fffffff
7fffffff
7fffffff
7fffffff
7fffffff
7fffffff
7fffffff
7fffffff
7fffffff
7fffffff
7fffffff
7fffffff
7fffffff
7fffffff
7fffffff
7fffffff
7fffffff
7fffffff
7fffffff
7fffffff
7fffffff
7fffffff
7fffffff
7fffffff
7fffffff
7fffffff
7fffffff
7fffffff
7fffffff
7fffffff
7fffffff
7fffffff
7fffffff
7fffffff
7fffffff
7fffffff
7fffffff
7fffffff
7fffffff
7fffffff
7fffffff
7fffffff
7fffffff
7fffffff
7fffffff
7fffffff
7fffffff
7fffffff
7fffffff
7fffffff
7fffffff
7fffffff
7fffffff
7fffffff
7fffffff
7fffffff
7fffffff
7fffffff
7fffffff
7fffffff
7fffffff
7fffffff
7fffffff
7fffffff
7fffffff
7fffffff
7fffffff
7fffffff
7fffffff
7fffffff
7fffffff
7fffffff
7fffffff
7fffffff
7fffffff
7fffffff
7fffffff
7fffffff
7fffffff
7fffffff
7fffffff
7fffffff
7fffffff
7fffffff
7fffffff
7fffffff
7fffffff
7fffffff
7fffffff
7fffffff
7fffffff
7fffffff
7fffffff
7fffffff
7fffffff
7fffffff
7fffffff
7fffffff
7fffffff
7fffffff
7fffffff
7fffffff
7fffffff
7fffffff
7fffffff
7fffffff
7fffffff
7fffffff
7fffffff
7fffffff
7fffffff
7fffffff
7fffffff
7fffffff
7fffffff
7fffffff
7fffffff
7fffffff
7fffffff
7fffffff
7fffffff
7fffffff
7fffffff
7fffffff
7fffffff
7fffffff
7fffffff
7fffffff
7fffffff
7fffffff
7fffffff
7fffffff
7fffffff
7fffffff
7fffffff
7fffffff
7fffffff
7fffffff
7fffffff
7fffffff
7fffffff
7fffffff
7fffffff
7fffffff
7fffffff
7fffffff
7fffffff
7fffffff
7fffffff
7fffffff
7fffffff
7fffffff
7fffffff
7fffffff
7fffffff
7fffffff
7fffffff
7fffffff
7fffffff
7fffffff
7fffffff
7fffffff
7fffffff
7fffffff
7fffffff
7fffffff
7fffffff
7fffffff
7fffffff
7fffffff
7fffffff
7fffffff
7fffffff
7fffffff
7fffffff
7fffffff
7fffffff
7fffffff
7fffffff
7fffffff
7fffffff
7fffffff
7fffffff
7fffffff
7fffffff
7fffffff
7fffffff
7fffffff
7fffffff
7fffffff
7fffffff
7fffffff
7fffffff
7fffffff
7fffffff
7fffffff
7fffffff
7fffffff
7fffffff
7fffffff
7fffffff
7fffffff
7fffffff
7fffffff
7fffffff
7fffffff
7fffffff
7fffffff
7fffffff
7fffffff
7fffffff
7fffffff
7fffffff
7fffffff
7fffffff
7fffffff
7fffffff
7fffffff
7fffffff
7fffffff
7fffffff
7fffffff
7fffffff
7fffffff
7fffffff
7fffffff
7fffffff
7fffffff
7fffffff
7fffffff
7fffffff
7fffffff
7fffffff
7fffffff
7fffffff
7fffffff
7fffffff
7fffffff
7fffffff
7fffffff
7fffffff
7fffffff
7fffffff
7fffffff
7fffffff
7fffffff
7fffffff
7fffffff
7fffffff
7fffffff
7fffffff
7fffffff
7fffffff
7fffffff
7fffffff
7fffffff
7fffffff
7fffffff
7fffffff
7fffffff
7fffffff
7fffffff
7fffffff
7fffffff
7fffffff
7fffffff
7fffffff
7fffffff
7fffffff
7fffffff
7fffffff
7fffffff
7fffffff
7fffffff
7fffffff
7fffffff
7fffffff
7fffffff
7fffffff
7fffffff
7fffffff
7fffffff
7fffffff
7fffffff
7fffffff
7fffffff
7fffffff
7fffffff
7fffffff
7fffffff
7fffffff
7fffffff
7fffffff
7fffffff
7fffffff
7fffffff
7fffffff
7fffffff
7fffffff
7fffffff
7fffffff
7fffffff
7fffffff
7fffffff
7fffffff
7fffffff
7fffffff
7fffffff
7fffffff
7fffffff
7fffffff
7fffffff
7fffffff
7fffffff
7fffffff
7fffffff
7fffffff
7fffffff
7fffffff
7fffffff
7fffffff
7fffffff
7fffffff
7fffffff
7fffffff
7fffffff
7fffffff
7fffffff
7fffffff
7fffffff
7fffffff
7fffffff
7fffffff
7fffffff
7fffffff
7fffffff
7fffffff
7fffffff
7fffffff
7fffffff
7fffffff
7fffffff
7fffffff
7fffffff
7fffffff
7fffffff
7fffffff
7fffffff
7fffffff
7fffffff
7fffffff
7fffffff
7fffffff
7fffffff
7fffffff
7fffffff
7fffffff
7fffffff
7fffffff
7fffffff
7fffffff
7fffffff
7fffffff
7fffffff
7fffffff
7fffffff
7fffffff
7fffffff
7fffffff
7fffffff
7fffffff
7fffffff
7fffffff
7fffffff
7fffffff
7fffffff
7fffffff
7fffffff
7fffffff
7fffffff
7fffffff
7fffffff
7fffffff
7fffffff
7fffffff
7fffffff
7fffffff
7fffffff
7fffffff
7fffffff
7fffffff
7fffffff
7fffffff
7fffffff
7fffffff
7fffffff
7fffffff
7fffffff
7fffffff
7fffffff
7fffffff
7fffffff
7fffffff
7fffffff
7fffffff
7fffffff
7fffffff
7fffffff
7fffffff
7fffffff
7fffffff
7fffffff
7fffffff
7fffffff
7fffffff
7fffffff
7fffffff
7fffffff
7fffffff
7fffffff
7fffffff
7fffffff
7fffffff
7fffffff
7fffffff
7fffffff
7fffffff
7fffffff
7fffffff
7fffffff
7fffffff
7fffffff
7fffffff
7fffffff
7fffffff
7fffffff
7fffffff
7fffffff
7fffffff
7fffffff
7fffffff
7fffffff
7fffffff
7fffffff
7fffffff
7fffffff
7fffffff
7fffffff
7fffffff
7fffffff
7fffffff
7fffffff
7fffffff
7fffffff
7fffffff
7fffffff
7fffffff
7fffffff
7fffffff
7fffffff
7fffffff
7fffffff
7fffffff
7fffffff
7fffffff
7fffffff
7fffffff
7fffffff
7fffffff
7fffffff
7fffffff
7fffffff
7fffffff
7fffffff
7fffffff
7fffffff
7fffffff
7fffffff
7fffffff
7fffffff
7fffffff
7fffffff
7fffffff
7fffffff
7fffffff
7fffffff
7fffffff
7fffffff
7fffffff
7fffffff
7fffffff
7fffffff
7fffffff
7fffffff
7fffffff
7fffffff
7fffffff
7fffffff
7fffffff
7fffffff
7fffffff
7fffffff
7fffffff
7fffffff
7fffffff
7fffffff
7fffffff
7fffffff
7fffffff
7fffffff
7fffffff
7fffffff
7fffffff
7fffffff
7fffffff
7fffffff
7fffffff
7fffffff
7fffffff
7fffffff
7fffffff
7fffffff
7fffffff
7fffffff
7fffffff
7fffffff
7fffffff
7fffffff
7fffffff
7fffffff
7fffffff
7fffffff
7fffffff
7fffffff
7fffffff
7fffffff
7fffffff
7fffffff
7fffffff
7fffffff
7fffffff
7fffffff
7fffffff
7fffffff
7fffffff
7fffffff
7fffffff
7fffffff
7fffffff
7fffffff
7fffffff
7fffffff
7fffffff
7fffffff
7fffffff
7fffffff
7fffffff
7fffffff
7fffffff
7fffffff
7fffffff
7fffffff
7fffffff
7fffffff
7fffffff
7fffffff
7fffffff
7fffffff
7fffffff
7fffffff
7fffffff
7fffffff
7fffffff
7fffffff
7fffffff
7fffffff
7fffffff
7fffffff
7fffffff
7fffffff
7fffffff
7fffffff
7fffffff
7fffffff
7fffffff
7fffffff
7fffffff
7fffffff
7fffffff
7fffffff
7fffffff
7fffffff
7fffffff
7fffffff
7fffffff
7fffffff
7fffffff
7fffffff
7fffffff
7fffffff
7fffffff
7fffffff
7fffffff
7fffffff
7fffffff
7fffffff
7fffffff
7fffffff
7fffffff
7fffffff
7fffffff
7fffffff
7fffffff
7fffffff
7fffffff
7fffffff
7fffffff
7fffffff
7fffffff
7fffffff
7fffffff
7fffffff
7fffffff
7fffffff
7fffffff
7fffffff
7fffffff
7fffffff
7fffffff
7fffffff
7fffffff
7fffffff
7fffffff
7fffffff
7fffffff
7fffffff
7fffffff
7fffffff
7fffffff
7fffffff
7fffffff
7fffffff
7fffffff
7fffffff
7fffffff
7fffffff
7fffffff
7fffffff
7fffffff
7fffffff
7fffffff
7fffffff
7fffffff
7fffffff
7fffffff
7fffffff
7fffffff
7fffffff
7fffffff
7fffffff
7fffffff
7fffffff
7fffffff
7fffffff
7fffffff
7fffffff
7fffffff
7fffffff
7fffffff
7fffffff
7fffffff
7fffffff
7fffffff
7fffffff
7fffffff
7fffffff
7fffffff
7fffffff
7fffffff
7fffffff
7fffffff
7fffffff
7fffffff
7fffffff
7fffffff
7fffffff
7fffffff
7fffffff
7fffffff
7fffffff
7fffffff
7fffffff
7fffffff
7fffffff
7fffffff
7fffffff
7fffffff
7fffffff
7fffffff
7fffffff
7fffffff
7fffffff
7fffffff
7fffffff
7fffffff
7fffffff
7fffffff
7fffffff
7fffffff
7fffffff
7fffffff
7fffffff
7fffffff
7fffffff
7fffffff
7fffffff
7fffffff
7fffffff
7fffffff
7fffffff
7fffffff
7fffffff
7fffffff
7fffffff
7fffffff
7fffffff
7fffffff
7fffffff
7fffffff
7fffffff
7fffffff
7fffffff
7fffffff
7fffffff
7fffffff
7fffffff
7fffffff
7fffffff
7fffffff
7fffffff
7fffffff
7fffffff
7fffffff
7fffffff
7fffffff
7fffffff
7fffffff
7fffffff
7fffffff
7fffffff
7fffffff
7fffffff
7fffffff
7fffffff
7fffffff
7fffffff
7fffffff
7fffffff
7fffffff
7fffffff
7fffffff
7fffffff
7fffffff
7fffffff
7fffffff
7fffffff
7fffffff
7fffffff
7fffffff
7fffffff
7fffffff
7fffffff
7fffffff
7fffffff
7fffffff
7fffffff
7fffffff
7fffffff
7fffffff
7fffffff
7fffffff
7fffffff
7fffffff
7fffffff
7fffffff
7fffffff
7fffffff
7fffffff
7fffffff
7fffffff
7fffffff
7fffffff
7fffffff
7fffffff
7fffffff
7fffffff
7fffffff
7fffffff
7fffffff
7fffffff
7fffffff
7fffffff
7fffffff
7fffffff
7fffffff
7fffffff
7fffffff
7fffffff
7fffffff
7fffffff
7fffffff
7fffffff
7fffffff
7fffffff
7fffffff
7fffffff
7fffffff
7fffffff
7fffffff
7fffffff
7fffffff
7fffffff
7fffffff
7fffffff
7fffffff
7fffffff
7fffffff
7fffffff
7fffffff
7fffffff
7fffffff
7fffffff
7fffffff
7fffffff
7fffffff
7fffffff
7fffffff
7fffffff
7fffffff
7fffffff
7fffffff
7fffffff
7fffffff
7fffffff
7fffffff
7fffffff
7fffffff
7fffffff
7fffffff
7fffffff
7fffffff
7fffffff
7fffffff
7fffffff
7fffffff
7fffffff
7fffffff
7fffffff
7fffffff
7fffffff
7fffffff
7fffffff
7fffffff
7fffffff
7fffffff
7fffffff
7fffffff
7fffffff
7fffffff
7fffffff
7fffffff
7fffffff
7fffffff
7fffffff
7fffffff
7fffffff
7fffffff
7fffffff
7fffffff
7fffffff
7fffffff
7fffffff
7fffffff
7fffffff
7fffffff
7fffffff
7fffffff
7fffffff
7fffffff
7fffffff
7fffffff
7fffffff
7fffffff
7fffffff
7fffffff
7fffffff
7fffffff
7fffffff
7fffffff
7fffffff
7fffffff
7fffffff
7fffffff
7fffffff
7fffffff
7fffffff
7fffffff
7fffffff
7fffffff
7fffffff
7fffffff
7fffffff
7fffffff
7fffffff
7fffffff
7fffffff
7fffffff
7fffffff
7fffffff
7fffffff
7fffffff
7fffffff
7fffffff
7fffffff
7fffffff
7fffffff
7fffffff
7fffffff
7fffffff
7fffffff
7fffffff
7fffffff
7fffffff
7fffffff
7fffffff
7fffffff
7fffffff
7fffffff
7fffffff
7fffffff
7fffffff
7fffffff
7fffffff
7fffffff
7fffffff
7fffffff
7fffffff
7fffffff
7fffffff
7fffffff
7fffffff
7fffffff
7fffffff
7fffffff
7fffffff
7fffffff
7fffffff
7fffffff
7fffffff
7fffffff
7fffffff
7fffffff
7fffffff
7fffffff
7fffffff
7fffffff
7fffffff
7fffffff
7fffffff
7fffffff
7fffffff
7fffffff
7fffffff
7fffffff
7fffffff
7fffffff
7fffffff
7fffffff
7fffffff
7fffffff
7fffffff
7fffffff
7fffffff
7fffffff
7fffffff
7fffffff
7fffffff
7fffffff
7fffffff
7fffffff
7fffffff
7fffffff
7fffffff
7fffffff
7fffffff
7fffffff
7fffffff
7fffffff
7fffffff
7fffffff
7fffffff
7fffffff
7fffffff
7fffffff
7fffffff
7fffffff
7fffffff
7fffffff
7fffffff
7fffffff
7fffffff
7fffffff
7fffffff
7fffffff
7fffffff
7fffffff
7fffffff
7fffffff
7fffffff
7fffffff
7fffffff
7fffffff
7fffffff
7fffffff
7fffffff
7fffffff
7fffffff
7fffffff
7fffffff
7fffffff
7fffffff
7fffffff
7fffffff
7fffffff
7fffffff
7fffffff
7fffffff
7fffffff
7fffffff
7fffffff
7fffffff
7fffffff
7fffffff
7fffffff
7fffffff
7fffffff
7fffffff
7fffffff
7fffffff
7fffffff
7fffffff
7fffffff
7fffffff
7fffffff
7fffffff
7fffffff
7fffffff
7fffffff
7fffffff
7fffffff
7fffffff
7fffffff
7fffffff
7fffffff
7fffffff
7fffffff
7fffffff
7fffffff
7fffffff
7fffffff
7fffffff
7fffffff
7fffffff
7fffffff
7fffffff
7fffffff
7fffffff
7fffffff
7fffffff
7fffffff
7fffffff
7fffffff
7fffffff
7fffffff
7fffffff
7fffffff
7fffffff
7fffffff
7fffffff
7fffffff
7fffffff
7fffffff
7fffffff
7fffffff
7fffffff
7fffffff
7fffffff
7fffffff
7fffffff
7fffffff
7fffffff
7fffffff
7fffffff
7fffffff
7fffffff
7fffffff
7fffffff
7fffffff
7fffffff
7fffffff
7fffffff
7fffffff
7fffffff
7fffffff
7fffffff
7fffffff
7fffffff
7fffffff
7fffffff
7fffffff
7fffffff
7fffffff
7fffffff
7fffffff
7fffffff
7fffffff
7fffffff
7fffffff
7fffffff
7fffffff
7fffffff
7fffffff
7fffffff
7fffffff
7fffffff
7fffffff
7fffffff
7fffffff
7fffffff
7fffffff
7fffffff
7fffffff
7fffffff
7fffffff
7fffffff
7fffffff
7fffffff
7fffffff
7fffffff
7fffffff
7fffffff
7fffffff
7fffffff
7fffffff
7fffffff
7fffffff
7fffffff
7fffffff
7fffffff
7fffffff
7fffffff
7fffffff
7fffffff
7fffffff
7fffffff
7fffffff
7fffffff
7fffffff
7fffffff
7fffffff
7fffffff
7fffffff
7fffffff
7fffffff
7fffffff
7fffffff
7fffffff
7fffffff
7fffffff
7fffffff
7fffffff
7fffffff
7fffffff
7fffffff
7fffffff
7fffffff
7fffffff
7fffffff
7fffffff
7fffffff
7fffffff
7fffffff
7fffffff
7fffffff
7fffffff
7fffffff
7fffffff
7fffffff
7fffffff
7fffffff
7fffffff
7fffffff
7fffffff
7fffffff
7fffffff
7fffffff
7fffffff
7fffffff
7fffffff
7fffffff
7fffffff
7fffffff
7fffffff
7fffffff
7fffffff
7fffffff
7fffffff
7fffffff
7fffffff
7fffffff
7fffffff
7fffffff
7fffffff
7fffffff
7fffffff
7fffffff
7fffffff
7fffffff
7fffffff
7fffffff
7fffffff
7fffffff
7fffffff
7fffffff
7fffffff
7fffffff
7fffffff
7fffffff
7fffffff
7fffffff
7fffffff
7fffffff
7fffffff
7fffffff
7fffffff
7fffffff
7fffffff
7fffffff
7fffffff
7fffffff
7fffffff
7fffffff
7fffffff
7fffffff
7fffffff
7fffffff
7fffffff
7fffffff
7fffffff
7fffffff
7fffffff
7fffffff
7fffffff
7fffffff
7fffffff
7fffffff
7fffffff
7fffffff
7fffffff
7fffffff
7fffffff
7fffffff
7fffffff
7fffffff
7fffffff
7fffffff
7fffffff
7fffffff
7fffffff
7fffffff
7fffffff
7fffffff
7fffffff
7fffffff
7fffffff
7fffffff
7fffffff
7fffffff
7fffffff
7fffffff
7fffffff
7fffffff
7fffffff
7fffffff
7fffffff
7fffffff
7fffffff
7fffffff
7fffffff
7fffffff
7fffffff
7fffffff
7fffffff
7fffffff
7fffffff
7fffffff
7fffffff
7fffffff
7fffffff
7fffffff
7fffffff
7fffffff
7fffffff
7fffffff
7fffffff
7fffffff
7fffffff
7fffffff
7fffffff
7fffffff
7fffffff
7fffffff
7fffffff
7fffffff
7fffffff
7fffffff
7fffffff
7fffffff
7fffffff
7fffffff
7fffffff
7fffffff
7fffffff
7fffffff
7fffffff
7fffffff
7fffffff
7fffffff
7fffffff
7fffffff
7fffffff
7fffffff
7fffffff
7fffffff
7fffffff
7fffffff
7fffffff
7fffffff
7fffffff
7fffffff
7fffffff
7fffffff
7fffffff
7fffffff
7fffffff
7fffffff
7fffffff
7fffffff
7fffffff
7fffffff
7fffffff
7fffffff
7fffffff
7fffffff
7fffffff
7fffffff
7fffffff
7fffffff
7fffffff
7fffffff
7fffffff
7fffffff
7fffffff
7fffffff
7fffffff
7fffffff
7fffffff
7fffffff
7fffffff
7fffffff
7fffffff
7fffffff
7fffffff
7fffffff
7fffffff
7fffffff
7fffffff
7fffffff
7fffffff
7fffffff
7fffffff
7fffffff
7fffffff
7fffffff
7fffffff
7fffffff
7fffffff
7fffffff
7fffffff
7fffffff
7fffffff
7fffffff
7fffffff
7fffffff
7fffffff
7fffffff
7fffffff
7fffffff
7fffffff
7fffffff
7fffffff
7fffffff
7fffffff
7fffffff
7fffffff
7fffffff
7fffffff
7fffffff
7fffffff
7fffffff
7fffffff
7fffffff
7fffffff
7fffffff
7fffffff
7fffffff
7fffffff
7fffffff
7fffffff
7fffffff
7fffffff
7fffffff
7fffffff
7fffffff
7fffffff
7fffffff
7fffffff
7fffffff
7fffffff
7fffffff
7fffffff
7fffffff
7fffffff
7fffffff
7fffffff
7fffffff
7fffffff
7fffffff
7fffffff
7fffffff
7fffffff
7fffffff
7fffffff
7fffffff
7fffffff
7fffffff
7fffffff
7fffffff
7fffffff
7fffffff
7fffffff
7fffffff
7fffffff
7fffffff
7fffffff
7fffffff
7fffffff
7fffffff
7fffffff
7fffffff
7fffffff
7fffffff
7fffffff
7fffffff
7fffffff
7fffffff
7fffffff
7fffffff
7fffffff
7fffffff
7fffffff
7fffffff
7fffffff
7fffffff
7fffffff
7fffffff
7fffffff
7fffffff
7fffffff
7fffffff
7fffffff
7fffffff
7fffffff
7fffffff
7fffffff
7fffffff
7fffffff
7fffffff
7fffffff
7fffffff
7fffffff
7fffffff
7fffffff
7fffffff
7fffffff
7fffffff
7fffffff
7fffffff
7fffffff
7fffffff
7fffffff
7fffffff
7fffffff
7fffffff
7fffffff
7fffffff
7fffffff
7fffffff
7fffffff
7fffffff
7fffffff
7fffffff
7fffffff
7fffffff
7fffffff
7fffffff
7fffffff
7fffffff
7fffffff
7fffffff
7fffffff
7fffffff
7fffffff
7fffffff
7fffffff
7fffffff
7fffffff
7fffffff
7fffffff
7fffffff
7fffffff
7fffffff
7fffffff
7fffffff
7fffffff
7fffffff
7fffffff
7fffffff
7fffffff
7fffffff
7fffffff
7fffffff
7fffffff
7fffffff
7fffffff
7fffffff
7fffffff
7fffffff
7fffffff
7fffffff
7fffffff
7fffffff
7fffffff
7fffffff
7fffffff
7fffffff
7fffffff
7fffffff
7fffffff
7fffffff
7fffffff
7fffffff
7fffffff
7fffffff
7fffffff
7fffffff
7fffffff
7fffffff
7fffffff
7fffffff
7fffffff
7fffffff
7fffffff
7fffffff
7fffffff
7fffffff
7fffffff
7fffffff
7fffffff
7fffffff
7fffffff
7fffffff
7fffffff
7fffffff
7fffffff
7fffffff
7fffffff
7fffffff
7fffffff
7fffffff
7fffffff
7fffffff
7fffffff
7fffffff
7fffffff
7fffffff
7fffffff
7fffffff
7fffffff
7fffffff
7fffffff
7fffffff
7fffffff
7fffffff
7fffffff
7fffffff
7fffffff
7fffffff
7fffffff
7fffffff
7fffffff
7fffffff
7fffffff
7fffffff
7fffffff
7fffffff
7fffffff
7fffffff
7fffffff
7fffffff
7fffffff
7fffffff
7fffffff
7fffffff
7fffffff
7fffffff
7fffffff
7fffffff
7fffffff
7fffffff
7fffffff
7fffffff
7fffffff
7fffffff
7fffffff
7fffffff
7fffffff
7fffffff
7fffffff
7fffffff
7fffffff
7fffffff
7fffffff
7fffffff
7fffffff
7fffffff
7fffffff
7fffffff
7fffffff
7fffffff
7fffffff
7fffffff
7fffffff
7fffffff
7fffffff
7fffffff
7fffffff
7fffffff
7fffffff
7fffffff
7fffffff
7fffffff
7fffffff
7fffffff
7fffffff
7fffffff
7fffffff
7fffffff
7fffffff
7fffffff
7fffffff
7fffffff
7fffffff
7fffffff
7fffffff
7fffffff
7fffffff
7fffffff
7fffffff
7fffffff
7fffffff
7fffffff
7fffffff
7fffffff
7fffffff
7fffffff
7fffffff
7fffffff
7fffffff
7fffffff
7fffffff
7fffffff
7fffffff
7fffffff
7fffffff
7fffffff
7fffffff
7fffffff
7fffffff
7fffffff
7fffffff
7fffffff
7fffffff
7fffffff
7fffffff
7fffffff
7fffffff
7fffffff
7fffffff
7fffffff
7fffffff
7fffffff
7fffffff
7fffffff
7fffffff
7fffffff
7fffffff
7fffffff
7fffffff
7fffffff
7fffffff
7fffffff
7fffffff
7fffffff
7fffffff
7fffffff
7fffffff
7fffffff
7fffffff
7fffffff
7fffffff
7fffffff
7fffffff
7fffffff
7fffffff
7fffffff
7fffffff
7fffffff
7fffffff
7fffffff
7fffffff
7fffffff
7fffffff
7fffffff
7fffffff
7fffffff
7fffffff
7fffffff
7fffffff
7fffffff
7fffffff
7fffffff
7fffffff
7fffffff
7fffffff
7fffffff
7fffffff
7fffffff
7fffffff
7fffffff
7fffffff
7fffffff
7fffffff
7fffffff
7fffffff
7fffffff
7fffffff
7fffffff
7fffffff
7fffffff
7fffffff
7fffffff
7fffffff
7fffffff
7fffffff
7fffffff
7fffffff
7fffffff
7fffffff
7fffffff
7fffffff
7fffffff
7fffffff
7fffffff
7fffffff
7fffffff
7fffffff
7fffffff
7fffffff
7fffffff
7fffffff
7fffffff
7fffffff
7fffffff
7fffffff
7fffffff
7fffffff
7fffffff
7fffffff
7fffffff
7fffffff
7fffffff
7fffffff
7fffffff
7fffffff
7fffffff
7fffffff
7fffffff
7fffffff
7fffffff
7fffffff
7fffffff
7fffffff
7fffffff
7fffffff
7fffffff
7fffffff
7fffffff
7fffffff
7fffffff
7fffffff
7fffffff
7fffffff
7fffffff
7fffffff
7fffffff
7fffffff
7fffffff
7fffffff
7fffffff
7fffffff
7fffffff
7fffffff
7fffffff
7fffffff
7fffffff
7fffffff
7fffffff
7fffffff
7fffffff
7fffffff
7fffffff
7fffffff
7fffffff
7fffffff
7fffffff
7fffffff
7fffffff
7fffffff
7fffffff
7fffffff
7fffffff
7fffffff
7fffffff
7fffffff
7fffffff
7fffffff
7fffffff
7fffffff
7fffffff
7fffffff
7fffffff
7fffffff
7fffffff
7fffffff
7fffffff
7fffffff
7fffffff
7fffffff
7fffffff
7fffffff
7fffffff
7fffffff
7fffffff
7fffffff
7fffffff
7fffffff
7fffffff
7fffffff
7fffffff
7fffffff
7fffffff
7fffffff
7fffffff
7fffffff
7fffffff
7fffffff
7fffffff
7fffffff
7fffffff
7fffffff
7fffffff
7fffffff
7fffffff
7fffffff
7fffffff
7fffffff
7fffffff
7fffffff
7fffffff
7fffffff
7fffffff
7fffffff
7fffffff
7fffffff
7fffffff
7fffffff
7fffffff
7fffffff
7fffffff
7fffffff
7fffffff
7fffffff
7fffffff
7fffffff
7fffffff
7fffffff
7fffffff
7fffffff
7fffffff
7fffffff
7fffffff
7fffffff
7fffffff
7fffffff
7fffffff
7fffffff
7fffffff
7fffffff
7fffffff
7fffffff
7fffffff
7fffffff
7fffffff
7fffffff
7fffffff
7fffffff
7fffffff
7fffffff
7fffffff
7fffffff
7fffffff
7fffffff
7fffffff
7fffffff
7fffffff
7fffffff
7fffffff
7fffffff
7fffffff
7fffffff
7fffffff
7fffffff
7fffffff
7fffffff
7fffffff
7fffffff
7fffffff
7fffffff
7fffffff
7fffffff
7fffffff
7fffffff
7fffffff
7fffffff
7fffffff
7fffffff
7fffffff
7fffffff
7fffffff
7fffffff
7fffffff
7fffffff
7fffffff
7fffffff
7fffffff
7fffffff
7fffffff
7fffffff
7fffffff
7fffffff
7fffffff
7fffffff
7fffffff
7fffffff
7fffffff
7fffffff
7fffffff
7fffffff
7fffffff
7fffffff
7fffffff
7fffffff
7fffffff
7fffffff
7fffffff
7fffffff
7fffffff
7fffffff
7fffffff
7fffffff
7fffffff
7fffffff
7fffffff
7fffffff
7fffffff
7fffffff
7fffffff
7fffffff
7fffffff
7fffffff
7fffffff
7fffffff
7fffffff
7fffffff
7fffffff
7fffffff
7fffffff
7fffffff
7fffffff
7fffffff
7fffffff
7fffffff
7fffffff
7fffffff
7fffffff
7fffffff
7fffffff
7fffffff
7fffffff
7fffffff
7fffffff
7fffffff
7fffffff
7fffffff
7fffffff
7fffffff
7fffffff
7fffffff
7fffffff
7fffffff
7fffffff
7fffffff
7fffffff
7fffffff
7fffffff
7fffffff
7fffffff
7fffffff
7fffffff
7fffffff
7fffffff
7fffffff
7fffffff
7fffffff
7fffffff
7fffffff
7fffffff
7fffffff
7fffffff
7fffffff
7fffffff
7fffffff
7fffffff
7fffffff
7fffffff
7fffffff
7fffffff
7fffffff
7fffffff
7fffffff
7fffffff
7fffffff
7fffffff
7fffffff
7fffffff
7fffffff
7fffffff
7fffffff
7fffffff
7fffffff
7fffffff
7fffffff
7fffffff
7fffffff
7fffffff
7fffffff
7fffffff
7fffffff
7fffffff
7fffffff
7fffffff
7fffffff
7fffffff
7fffffff
7fffffff
7fffffff
7fffffff
7fffffff
7fffffff
7fffffff
7fffffff
7fffffff
7fffffff
7fffffff
7fffffff
7fffffff
7fffffff
7fffffff
7fffffff
7fffffff
7fffffff
7fffffff
7fffffff
7fffffff
7fffffff
7fffffff
7fffffff
7fffffff
7fffffff
7fffffff
7fffffff
7fffffff
7fffffff
7fffffff
7fffffff
7fffffff
7fffffff
7fffffff
7fffffff
7fffffff
7fffffff
7fffffff
7fffffff
7fffffff
7fffffff
7fffffff
7fffffff
7fffffff
7fffffff
7fffffff
7fffffff
7fffffff
7fffffff
7fffffff
7fffffff
7fffffff
7fffffff
7fffffff
7fffffff
7fffffff
7fffffff
7fffffff
7fffffff
7fffffff
7fffffff
7fffffff
7fffffff
7fffffff
7fffffff
7fffffff
7fffffff
7fffffff
7fffffff
7fffffff
7fffffff
7fffffff
7fffffff
7fffffff
7fffffff
7fffffff
7fffffff
7fffffff
7fffffff
7fffffff
7fffffff
7fffffff
7fffffff
7fffffff
7fffffff
7fffffff
7fffffff
7fffffff
7fffffff
7fffffff
7fffffff
7fffffff
7fffffff
7fffffff
7fffffff
7fffffff
7fffffff
7fffffff
7fffffff
7fffffff
7fffffff
7fffffff
7fffffff
7fffffff
7fffffff
7fffffff
7fffffff
7fffffff
7fffffff
7fffffff
7fffffff
7fffffff
7fffffff
7fffffff
7fffffff
7fffffff
7fffffff
7fffffff
7fffffff
7fffffff
7fffffff
7fffffff
7fffffff
7fffffff
7fffffff
7fffffff
7fffffff
7fffffff
7fffffff
7fffffff
7fffffff
7fffffff
7fffffff
7fffffff
7fffffff
7fffffff
7fffffff
7fffffff
7fffffff
7fffffff
7fffffff
7fffffff
7fffffff
7fffffff
7fffffff
7fffffff
7fffffff
7fffffff
7fffffff
7fffffff
7fffffff
7fffffff
7fffffff
7fffffff
7fffffff
7fffffff
7fffffff
7fffffff
7fffffff
7fffffff
7fffffff
7fffffff
7fffffff
7fffffff
7fffffff
7fffffff
7fffffff
7fffffff
7fffffff
7fffffff
7fffffff
7fffffff
7fffffff
7fffffff
7fffffff
7fffffff
7fffffff
7fffffff
7fffffff
7fffffff
7fffffff
7fffffff
7fffffff
7fffffff
7fffffff
7fffffff
7fffffff
7fffffff
7fffffff
7fffffff
7fffffff
7fffffff
7fffffff
7fffffff
7fffffff
7fffffff
7fffffff
7fffffff
7fffffff
7fffffff
7fffffff
7fffffff
7fffffff
7fffffff
7fffffff
7fffffff
7fffffff
7fffffff
7fffffff
7fffffff
7fffffff
7fffffff
7fffffff
7fffffff
7fffffff
7fffffff
7fffffff
7fffffff
7fffffff
7fffffff
7fffffff
7fffffff
7fffffff
7fffffff
7fffffff
7fffffff
7fffffff
7fffffff
7fffffff
7fffffff
7fffffff
7fffffff
7fffffff
7fffffff
7fffffff
7fffffff
7fffffff
7fffffff
7fffffff
7fffffff
7fffffff
7fffffff
7fffffff
7fffffff
7fffffff
7fffffff
7fffffff
7fffffff
7fffffff
7fffffff
7fffffff
7fffffff
7fffffff
7fffffff
7fffffff
7fffffff
7fffffff
7fffffff
7fffffff
7fffffff
7fffffff
7fffffff
7fffffff
7fffffff
7fffffff
7fffffff
7fffffff
7fffffff
7fffffff
7fffffff
7fffffff
7fffffff
7fffffff
7fffffff
7fffffff
7fffffff
7fffffff
7fffffff
7fffffff
7fffffff
7fffffff
7fffffff
7fffffff
7fffffff
7fffffff
7fffffff
7fffffff
7fffffff
7fffffff
7fffffff
7fffffff
7fffffff
7fffffff
7fffffff
7fffffff
7fffffff
7fffffff
7fffffff
7fffffff
7fffffff
7fffffff
7fffffff
7fffffff
7fffffff
7fffffff
7fffffff
7fffffff
7fffffff
7fffffff
7fffffff
7fffffff
7fffffff
7fffffff
7fffffff
7fffffff
7fffffff
7fffffff
7fffffff
7fffffff
7fffffff
7fffffff
7fffffff
7fffffff
7fffffff
7fffffff
7fffffff
7fffffff
7fffffff
7fffffff
7fffffff
7fffffff
7fffffff
7fffffff
7fffffff
7fffffff
7fffffff
7fffffff
7fffffff
7fffffff
7fffffff
7fffffff
7fffffff
7fffffff
7fffffff
7fffffff
7fffffff
7fffffff
7fffffff
7fffffff
7fffffff
7fffffff
7fffffff
7fffffff
7fffffff
7fffffff
7fffffff
7fffffff
7fffffff
7fffffff
7fffffff
7fffffff
7fffffff
7fffffff
7fffffff
7fffffff
7fffffff
7fffffff
7fffffff
7fffffff
7fffffff
7fffffff
7fffffff
7fffffff
7fffffff
7fffffff
7fffffff
7fffffff
7fffffff
7fffffff
7fffffff
7fffffff
7fffffff
7fffffff
7fffffff
7fffffff
7fffffff
7fffffff
7fffffff
7fffffff
7fffffff
7fffffff
7fffffff
7fffffff
7fffffff
7fffffff
7fffffff
7fffffff
7fffffff
7fffffff
7fffffff
7fffffff
7fffffff
7fffffff
7fffffff
7fffffff
7fffffff
7fffffff
7fffffff
7fffffff
7fffffff
7fffffff
7fffffff
7fffffff
7fffffff
7fffffff
7fffffff
7fffffff
7fffffff
7fffffff
7fffffff
7fffffff
7fffffff
7fffffff
7fffffff
7fffffff
7fffffff
7fffffff
7fffffff
7fffffff
7fffffff
7fffffff
7fffffff
7fffffff
7fffffff
7fffffff
7fffffff
7fffffff
7fffffff
7fffffff
7fffffff
7fffffff
7fffffff
7fffffff
7fffffff
7fffffff
7fffffff
7fffffff
7fffffff
7fffffff
7fffffff
7fffffff
7fffffff
7fffffff
7fffffff
7fffffff
7fffffff
7fffffff
7fffffff
7fffffff
7fffffff
7fffffff
7fffffff
7fffffff
7fffffff
7fffffff
7fffffff
7fffffff
7fffffff
7fffffff
7fffffff
7fffffff
7fffffff
7fffffff
7fffffff
7fffffff
7fffffff
7fffffff
7fffffff
7fffffff
7fffffff
7fffffff
7fffffff
7fffffff
7fffffff
7fffffff
7fffffff
7fffffff
7fffffff
7fffffff
7fffffff
7fffffff
7fffffff
7fffffff
7fffffff
7fffffff
7fffffff
7fffffff
7fffffff
7fffffff
7fffffff
7fffffff
7fffffff
7fffffff
7fffffff
7fffffff
7fffffff
7fffffff
7fffffff
7fffffff
7fffffff
7fffffff
7fffffff
7fffffff
7fffffff
7fffffff
7fffffff
7fffffff
7fffffff
7fffffff
7fffffff
7fffffff
7fffffff
7fffffff
7fffffff
7fffffff
7fffffff
7fffffff
7fffffff
7fffffff
7fffffff
7fffffff
7fffffff
7fffffff
7fffffff
7fffffff
7fffffff
7fffffff
7fffffff
7fffffff
7fffffff
7fffffff
7fffffff
7fffffff
7fffffff
7fffffff
7fffffff
7fffffff
7fffffff
7fffffff
7fffffff
7fffffff
7fffffff
7fffffff
7fffffff
7fffffff
7fffffff
7fffffff
7fffffff
7fffffff
7fffffff
7fffffff
7fffffff
7fffffff
7fffffff
7fffffff
7fffffff
7fffffff
7fffffff
7fffffff
7fffffff
7fffffff
7fffffff
7fffffff
7fffffff
7fffffff
7fffffff
7fffffff
7fffffff
7fffffff
7fffffff
7fffffff
7fffffff
7fffffff
7fffffff
7fffffff
7fffffff
7fffffff
7fffffff
7fffffff
7fffffff
7fffffff
7fffffff
7fffffff
7fffffff
7fffffff
7fffffff
7fffffff
7fffffff
7fffffff
7fffffff
7fffffff
7fffffff
7fffffff
7fffffff
7fffffff
7fffffff
7fffffff
7fffffff
7fffffff
7fffffff
7fffffff
7fffffff
7fffffff
7fffffff
7fffffff
7fffffff
7fffffff
7fffffff
7fffffff
7fffffff
7fffffff
7fffffff
7fffffff
7fffffff
7fffffff
7fffffff
7fffffff
7fffffff
7fffffff
7fffffff
7fffffff
7fffffff
7fffffff
7fffffff
7fffffff
7fffffff
7fffffff
7fffffff
7fffffff
7fffffff
7fffffff
7fffffff
7fffffff
7fffffff
7fffffff
7fffffff
7fffffff
7fffffff
7fffffff
7fffffff
7fffffff
7fffffff
7fffffff
7fffffff
7fffffff
7fffffff
7fffffff
7fffffff
7fffffff
7fffffff
7fffffff
7fffffff
7fffffff
7fffffff
7fffffff
7fffffff
7fffffff
7fffffff
7fffffff
7fffffff
7fffffff
7fffffff
7fffffff
7fffffff
7fffffff
7fffffff
7fffffff
7fffffff
7fffffff
7fffffff
7fffffff
7fffffff
7fffffff
7fffffff
7fffffff
7fffffff
7fffffff
7fffffff
7fffffff
7fffffff
7fffffff
7fffffff
7fffffff
7fffffff
7fffffff
7fffffff
7fffffff
7fffffff
7fffffff
7fffffff
7fffffff
7fffffff
7fffffff
7fffffff
7fffffff
7fffffff
7fffffff
7fffffff
7fffffff
7fffffff
7fffffff
7fffffff
7fffffff
7fffffff
7fffffff
7fffffff
7fffffff
7fffffff
7fffffff
7fffffff
7fffffff
7fffffff
7fffffff
7fffffff
7fffffff
7fffffff
7fffffff
7fffffff
7fffffff
7fffffff
7fffffff
7fffffff
7fffffff
7fffffff
7fffffff
7fffffff
7fffffff
7fffffff
7fffffff
7fffffff
7fffffff
7fffffff
7fffffff
7fffffff
7fffffff
7fffffff
7fffffff
7fffffff
7fffffff
7fffffff
7fffffff
7fffffff
7fffffff
7fffffff
7fffffff
7fffffff
7fffffff
7fffffff
7fffffff
7fffffff
7fffffff
7fffffff
7fffffff
7fffffff
7fffffff
7fffffff
7fffffff
7fffffff
7fffffff
7fffffff
7fffffff
7fffffff
7fffffff
7fffffff
7fffffff
7fffffff
7fffffff
7fffffff
7fffffff
7fffffff
7fffffff
7fffffff
7fffffff
7fffffff
7fffffff
7fffffff
7fffffff
7fffffff
7fffffff
7fffffff
7fffffff
7fffffff
7fffffff
7fffffff
7fffffff
7fffffff
7fffffff
7fffffff
7fffffff
7fffffff
7fffffff
7fffffff
7fffffff
7fffffff
7fffffff
7fffffff
7fffffff
7fffffff
7fffffff
7fffffff
7fffffff
7fffffff
7fffffff
7fffffff
7fffffff
7fffffff
7fffffff
7fffffff
7fffffff
7fffffff
7fffffff
7fffffff
7fffffff
7fffffff
7fffffff
7fffffff
7fffffff
7fffffff
7fffffff
7fffffff
7fffffff
7fffffff
7fffffff
7fffffff
7fffffff
7fffffff
7fffffff
7fffffff
7fffffff
7fffffff
7fffffff
7fffffff
7fffffff
7fffffff
7fffffff
7fffffff
7fffffff
7fffffff
7fffffff
7fffffff
7fffffff
7fffffff
7fffffff
7fffffff
7fffffff
7fffffff
7fffffff
7fffffff
7fffffff
7fffffff
7fffffff
7fffffff
7fffffff
7fffffff
7fffffff
7fffffff
7fffffff
7fffffff
7fffffff
7fffffff
7fffffff
7fffffff
7fffffff
7fffffff
7fffffff
7fffffff
7fffffff
7fffffff
7fffffff
7fffffff
7fffffff
7fffffff
7fffffff
7fffffff
7fffffff
7fffffff
7fffffff
7fffffff
7fffffff
7fffffff
7fffffff
7fffffff
7fffffff
7fffffff
7fffffff
7fffffff
7fffffff
7fffffff
7fffffff
7fffffff
7fffffff
7fffffff
7fffffff
7fffffff
7fffffff
7fffffff
7fffffff
7fffffff
7fffffff
7fffffff
7fffffff
7fffffff
7fffffff
7fffffff
7fffffff
7fffffff
7fffffff
7fffffff
7fffffff
7fffffff
7fffffff
7fffffff
7fffffff
7fffffff
7fffffff
7fffffff
7fffffff
7fffffff
7fffffff
7fffffff
7fffffff
7fffffff
7fffffff
7fffffff
7fffffff
7fffffff
7fffffff
7fffffff
7fffffff
7fffffff
7fffffff
7fffffff
7fffffff
7fffffff
7fffffff
7fffffff
7fffffff
7fffffff
7fffffff
7fffffff
7fffffff
7fffffff
7fffffff
7fffffff
7fffffff
7fffffff
7fffffff
7fffffff
7fffffff
7fffffff
7fffffff
7fffffff
7fffffff
7fffffff
7fffffff
7fffffff
7fffffff
7fffffff
7fffffff
7fffffff
7fffffff
7fffffff
7fffffff
7fffffff
7fffffff
7fffffff
7fffffff
7fffffff
7fffffff
7fffffff
7fffffff
7fffffff
7fffffff
7fffffff
7fffffff
7fffffff
7fffffff
7fffffff
7fffffff
7fffffff
7fffffff
7fffffff
7fffffff
7fffffff
7fffffff
7fffffff
7fffffff
7fffffff
7fffffff
7fffffff
7fffffff
7fffffff
7fffffff
7fffffff
7fffffff
7fffffff
7fffffff
7fffffff
7fffffff
7fffffff
7fffffff
7fffffff
7fffffff
7fffffff
7fffffff
7fffffff
7fffffff
7fffffff
7fffffff
7fffffff
7fffffff
7fffffff
7fffffff
7fffffff
7fffffff
7fffffff
7fffffff
7fffffff
7fffffff
7fffffff
7fffffff
7fffffff
7fffffff
7fffffff
7fffffff
7fffffff
7fffffff
7fffffff
7fffffff
7fffffff
7fffffff
7fffffff
7fffffff
7fffffff
7fffffff
7fffffff
7fffffff
7fffffff
7fffffff
7fffffff
7fffffff
7fffffff
7fffffff
7fffffff
7fffffff
7fffffff
7fffffff
7fffffff
7fffffff
7fffffff
7fffffff
7fffffff
7fffffff
7fffffff
7fffffff
7fffffff
7fffffff
7fffffff
7fffffff
7fffffff
7fffffff
7fffffff
7fffffff
7fffffff
7fffffff
7fffffff
7fffffff
7fffffff
7fffffff
7fffffff
7fffffff
7fffffff
7fffffff
7fffffff
7fffffff
7fffffff
7fffffff
7fffffff
7fffffff
7fffffff
7fffffff
7fffffff
7fffffff
7fffffff
7fffffff
7fffffff
7fffffff
7fffffff
7fffffff
7fffffff
7fffffff
7fffffff
7fffffff
7fffffff
7fffffff
7fffffff
7fffffff
7fffffff
7fffffff
7fffffff
7fffffff
7fffffff
7fffffff
7fffffff
7fffffff
7fffffff
7fffffff
7fffffff
7fffffff
7fffffff
7fffffff
7fffffff
7fffffff
7fffffff
7fffffff
7fffffff
7fffffff
7fffffff
7fffffff
7fffffff
7fffffff
7fffffff
7fffffff
7fffffff
7fffffff
7fffffff
7fffffff
7fffffff
7fffffff
7fffffff
7fffffff
7fffffff
7fffffff
7fffffff
7fffffff
7fffffff
7fffffff
7fffffff
7fffffff
7fffffff
7fffffff
7fffffff
7fffffff
7fffffff
7fffffff
7fffffff
7fffffff
7fffffff
7fffffff
7fffffff
7fffffff
7fffffff
7fffffff
7fffffff
7fffffff
7fffffff
7fffffff
7fffffff
7fffffff
7fffffff
7fffffff
7fffffff
7fffffff
7fffffff
7fffffff
7fffffff
7fffffff
7fffffff
7fffffff
7fffffff
7fffffff
7fffffff
7fffffff
7fffffff
7fffffff
7fffffff
7fffffff
7fffffff
7fffffff
7fffffff
7fffffff
7fffffff
7fffffff
7fffffff
7fffffff
7fffffff
7fffffff
7fffffff
7fffffff
7fffffff
7fffffff
7fffffff
7fffffff
7fffffff
7fffffff
7fffffff
7fffffff
7fffffff
7fffffff
7fffffff
7fffffff
7fffffff
7fffffff
7fffffff
7fffffff
7fffffff
7fffffff
7fffffff
7fffffff
7fffffff
7fffffff
7fffffff
7fffffff
7fffffff
7fffffff
7fffffff
7fffffff
7fffffff
7fffffff
7fffffff
7fffffff
7fffffff
7fffffff
7fffffff
7fffffff
7fffffff
7fffffff
7fffffff
7fffffff
7fffffff
7fffffff
7fffffff
7fffffff
7fffffff
7fffffff
7fffffff
7fffffff
7fffffff
7fffffff
7fffffff
7fffffff
7fffffff
7fffffff
7fffffff
7fffffff
7fffffff
7fffffff
7fffffff
7fffffff
7fffffff
7fffffff
7fffffff
7fffffff
7fffffff
7fffffff
7fffffff
7fffffff
7fffffff
7fffffff
7fffffff
7fffffff
7fffffff
7fffffff
7fffffff
7fffffff
7fffffff
7fffffff
7fffffff
7fffffff
7fffffff
7fffffff
7fffffff
7fffffff
7fffffff
7fffffff
7fffffff
7fffffff
7fffffff
7fffffff
7fffffff
7fffffff
7fffffff
7fffffff
7fffffff
7fffffff
7fffffff
7fffffff
7fffffff
7fffffff
7fffffff
7fffffff
7fffffff
7fffffff
7fffffff
7fffffff
7fffffff
7fffffff
7fffffff
7fffffff
7fffffff
7fffffff
7fffffff
7fffffff
7fffffff
7fffffff
7fffffff
7fffffff
7fffffff
7fffffff
7fffffff
7fffffff
7fffffff
7fffffff
7fffffff
7fffffff
7fffffff
7fffffff
7fffffff
7fffffff
7fffffff
7fffffff
7fffffff
7fffffff
7fffffff
7fffffff
7fffffff
7fffffff
7fffffff
7fffffff
7fffffff
7fffffff
7fffffff
7fffffff
7fffffff
7fffffff
7fffffff
7fffffff
7fffffff
7fffffff
7fffffff
7fffffff
7fffffff
7fffffff
7fffffff
7fffffff
7fffffff
7fffffff
7fffffff
7fffffff
7fffffff
7fffffff
7fffffff
7fffffff
7fffffff
7fffffff
7fffffff
7fffffff
7fffffff
7fffffff
7fffffff
7fffffff
7fffffff
7fffffff
7fffffff
7fffffff
7fffffff
7fffffff
7fffffff
7fffffff
7fffffff
7fffffff
7fffffff
7fffffff
7fffffff
7fffffff
7fffffff
7fffffff
7fffffff
7fffffff
7fffffff
7fffffff
7fffffff
7fffffff
7fffffff
7fffffff
7fffffff
7fffffff
7fffffff
7fffffff
7fffffff
7fffffff
7fffffff
7fffffff
7fffffff
7fffffff
7fffffff
7fffffff
7fffffff
7fffffff
7fffffff
7fffffff
7fffffff
7fffffff
7fffffff
7fffffff
7fffffff
7fffffff
7fffffff
7fffffff
7fffffff
7fffffff
7fffffff
7fffffff
7fffffff
7fffffff
7fffffff
7fffffff
7fffffff
7fffffff
7fffffff
7fffffff
7fffffff
7fffffff
7fffffff
7fffffff
7fffffff
7fffffff
7fffffff
7fffffff
7fffffff
7fffffff
7fffffff
7fffffff
7fffffff
7fffffff
7fffffff
7fffffff
7fffffff
7fffffff
7fffffff
7fffffff
7fffffff
7fffffff
7fffffff
7fffffff
7fffffff
7fffffff
7fffffff
7fffffff
7fffffff
7fffffff
7fffffff
7fffffff
7fffffff
7fffffff
7fffffff
7fffffff
7fffffff
7fffffff
7fffffff
7fffffff
7fffffff
7fffffff
7fffffff
7fffffff
7fffffff
7fffffff
7fffffff
7fffffff
7fffffff
7fffffff
7fffffff
7fffffff
7fffffff
7fffffff
7fffffff
7fffffff
7fffffff
7fffffff
7fffffff
7fffffff
7fffffff
7fffffff
7fffffff
7fffffff
7fffffff
7fffffff
7fffffff
7fffffff
7fffffff
7fffffff
7fffffff
7fffffff
7fffffff
7fffffff
7fffffff
7fffffff
7fffffff
7fffffff
7fffffff
7fffffff
7fffffff
7fffffff
7fffffff
7fffffff
7fffffff
7fffffff
7fffffff
7fffffff
7fffffff
7fffffff
7fffffff
7fffffff
7fffffff
7fffffff
7fffffff
7fffffff
7fffffff
7fffffff
7fffffff
7fffffff
7fffffff
7fffffff
7fffffff
7fffffff
7fffffff
7fffffff
7fffffff
7fffffff
7fffffff
7fffffff
7fffffff
7fffffff
7fffffff
7fffffff
7fffffff
7fffffff
7fffffff
7fffffff
7fffffff
7fffffff
7fffffff
7fffffff
7fffffff
7fffffff
7fffffff
7fffffff
7fffffff
7fffffff
7fffffff
7fffffff
7fffffff
7fffffff
7fffffff
7fffffff
7fffffff
7fffffff
7fffffff
7fffffff
7fffffff
7fffffff
7fffffff
7fffffff
7fffffff
7fffffff
7fffffff
7fffffff
7fffffff
7fffffff
7fffffff
7fffffff
7fffffff
7fffffff
7fffffff
7fffffff
7fffffff
7fffffff
7fffffff
7fffffff
7fffffff
7fffffff
7fffffff
7fffffff
7fffffff
7fffffff
7fffffff
7fffffff
7fffffff
7fffffff
7fffffff
7fffffff
7fffffff
7fffffff
7fffffff
7fffffff
7fffffff
7fffffff
7fffffff
7fffffff
7fffffff
7fffffff
7fffffff
7fffffff
7fffffff
7fffffff
7fffffff
7fffffff
7fffffff
7fffffff
7fffffff
7fffffff
7fffffff
7fffffff
7fffffff
7fffffff
7fffffff
7fffffff
7fffffff
7fffffff
7fffffff
7fffffff
7fffffff
7fffffff
7fffffff
7fffffff
7fffffff
7fffffff
7fffffff
7fffffff
7fffffff
7fffffff
7fffffff
7fffffff
7fffffff
7fffffff
7fffffff
7fffffff
7fffffff
7fffffff
7fffffff
7fffffff
7fffffff
7fffffff
7fffffff
7fffffff
7fffffff
7fffffff
7fffffff
7fffffff
7fffffff
7fffffff
7fffffff
7fffffff
7fffffff
7fffffff
7fffffff
7fffffff
7fffffff
7fffffff
7fffffff
7fffffff
7fffffff
7fffffff
7fffffff
7fffffff
7fffffff
7fffffff
7fffffff
7fffffff
7fffffff
7fffffff
7fffffff
7fffffff
7fffffff
7fffffff
7fffffff
7fffffff
7fffffff
7fffffff
7fffffff
7fffffff
7fffffff
7fffffff
7fffffff
7fffffff
7fffffff
7fffffff
7fffffff
7fffffff
7fffffff
7fffffff
7fffffff
7fffffff
7fffffff
7fffffff
7fffffff
7fffffff
7fffffff
7fffffff
7fffffff
7fffffff
7fffffff
7fffffff
7fffffff
7fffffff
7fffffff
7fffffff
7fffffff
7fffffff
7fffffff
7fffffff
7fffffff
7fffffff
7fffffff
7fffffff
7fffffff
7fffffff
7fffffff
7fffffff
7fffffff
7fffffff
7fffffff
7fffffff
7fffffff
7fffffff
7fffffff
7fffffff
7fffffff
7fffffff
7fffffff
7fffffff
7fffffff
7fffffff
7fffffff
7fffffff
7fffffff
7fffffff
7fffffff
7fffffff
7fffffff
7fffffff
7fffffff
7fffffff
7fffffff
7fffffff
7fffffff
7fffffff
7fffffff
7fffffff
7fffffff
7fffffff
7fffffff
7fffffff
7fffffff
7fffffff
7fffffff
7fffffff
7fffffff
7fffffff
7fffffff
7fffffff
7fffffff
7fffffff
7fffffff
7fffffff
7fffffff
7fffffff
7fffffff
7fffffff
7fffffff
7fffffff
7fffffff
7fffffff
7fffffff
7fffffff
7fffffff
7fffffff
7fffffff
7fffffff
7fffffff
7fffffff
7fffffff
7fffffff
7fffffff
7fffffff
7fffffff
7fffffff
7fffffff
7fffffff
7fffffff
7fffffff
7fffffff
7fffffff
7fffffff
7fffffff
7fffffff
7fffffff
7fffffff
7fffffff
7fffffff
7fffffff
7fffffff
7fffffff
7fffffff
7fffffff
7fffffff
7fffffff
7fffffff
7fffffff
7fffffff
7fffffff
7fffffff
7fffffff
7fffffff
7fffffff
7fffffff
7fffffff
7fffffff
7fffffff
7fffffff
7fffffff
7fffffff
7fffffff
7fffffff
7fffffff
7fffffff
7fffffff
7fffffff
7fffffff
7fffffff
7fffffff
7fffffff
7fffffff
7fffffff
7fffffff
7fffffff
7fffffff
7fffffff
7fffffff
7fffffff
7fffffff
7fffffff
7fffffff
7fffffff
7fffffff
7fffffff
7fffffff
7fffffff
7fffffff
7fffffff
7fffffff
7fffffff
7fffffff
7fffffff
7fffffff
7fffffff
7fffffff
7fffffff
7fffffff
7fffffff
7fffffff
7fffffff
7fffffff
7fffffff
7fffffff
7fffffff
7fffffff
7fffffff
7fffffff
7fffffff
7fffffff
7fffffff
7fffffff
7fffffff
7fffffff
7fffffff
7fffffff
7fffffff
7fffffff
7fffffff
7fffffff
7fffffff
7fffffff
7fffffff
7fffffff
7fffffff
7fffffff
7fffffff
7fffffff
7fffffff
7fffffff
7fffffff
7fffffff
7fffffff
7fffffff
7fffffff
7fffffff
7fffffff
7fffffff
7fffffff
7fffffff
7fffffff
7fffffff
7fffffff
7fffffff
7fffffff
7fffffff
7fffffff
7fffffff
7fffffff
7fffffff
7fffffff
7fffffff
7fffffff
7fffffff
7fffffff
7fffffff
7fffffff
7fffffff
7fffffff
7fffffff
7fffffff
7fffffff
7fffffff
7fffffff
7fffffff
7fffffff
7fffffff
7fffffff
7fffffff
7fffffff
7fffffff
7fffffff
7fffffff
7fffffff
7fffffff
7fffffff
7fffffff
7fffffff
7fffffff
7fffffff
7fffffff
7fffffff
7fffffff
7fffffff
7fffffff
7fffffff
7fffffff
7fffffff
7fffffff
7fffffff
7fffffff
7fffffff
7fffffff
7fffffff
7fffffff
7fffffff
7fffffff
7fffffff
7fffffff
7fffffff
7fffffff
7fffffff
7fffffff
7fffffff
7fffffff
7fffffff
7fffffff
7fffffff
7fffffff
7fffffff
7fffffff
7fffffff
7fffffff
7fffffff
7fffffff
7fffffff
7fffffff
7fffffff
7fffffff
7fffffff
7fffffff
7fffffff
7fffffff
7fffffff
7fffffff
7fffffff
7fffffff
7fffffff
7fffffff
7fffffff
7fffffff
7fffffff
7fffffff
7fffffff
7fffffff
7fffffff
7fffffff
7fffffff
7fffffff
7fffffff
7fffffff
7fffffff
7fffffff
7fffffff
7fffffff
7fffffff
7fffffff
7fffffff
7fffffff
7fffffff
7fffffff
7fffffff
7fffffff
7fffffff
7fffffff
7fffffff
7fffffff
7fffffff
7fffffff
7fffffff
7fffffff
7fffffff
7fffffff
7fffffff
7fffffff
7fffffff
7fffffff
7fffffff
7fffffff
7fffffff
7fffffff
7fffffff
7fffffff
7fffffff
7fffffff
7fffffff
7fffffff
7fffffff
7fffffff
7fffffff
7fffffff
7fffffff
7fffffff
7fffffff
7fffffff
7fffffff
7fffffff
7fffffff
7fffffff
7fffffff
7fffffff
7fffffff
7fffffff
7fffffff
7fffffff
7fffffff
7fffffff
7fffffff
7fffffff
7fffffff
7fffffff
7fffffff
7fffffff
7fffffff
7fffffff
7fffffff
7fffffff
7fffffff
7fffffff
7fffffff
7fffffff
7fffffff
7fffffff
7fffffff
7fffffff
7fffffff
7fffffff
7fffffff
7fffffff
7fffffff
7fffffff
7fffffff
7fffffff
7fffffff
7fffffff
7fffffff
7fffffff
7fffffff
7fffffff
7fffffff
7fffffff
7fffffff
7fffffff
7fffffff
7fffffff
7fffffff
7fffffff
7fffffff
7fffffff
7fffffff
7fffffff
7fffffff
7fffffff
7fffffff
7fffffff
7fffffff
7fffffff
7fffffff
7fffffff
7fffffff
7fffffff
7fffffff
7fffffff
7fffffff
7fffffff
7fffffff
7fffffff
7fffffff
7fffffff
7fffffff
7fffffff
7fffffff
7fffffff
7fffffff
7fffffff
7fffffff
7fffffff
7fffffff
7fffffff
7fffffff
7fffffff
7fffffff
7fffffff
7fffffff
7fffffff
7fffffff
7fffffff
7fffffff
7fffffff
7fffffff
7fffffff
7fffffff
7fffffff
7fffffff
7fffffff
7fffffff
7fffffff
7fffffff
7fffffff
7fffffff
7fffffff
7fffffff
7fffffff
7fffffff
7fffffff
7fffffff
7fffffff
7fffffff
7fffffff
7fffffff
7fffffff
7fffffff
7fffffff
7fffffff
7fffffff
7fffffff
7fffffff
7fffffff
7fffffff
7fffffff
7fffffff
7fffffff
7fffffff
7fffffff
7fffffff
7fffffff
7fffffff
7fffffff
7fffffff
7fffffff
7fffffff
7fffffff
7fffffff
7fffffff
7fffffff
7fffffff
7fffffff
7fffffff
7fffffff
7fffffff
7fffffff
7fffffff
7fffffff
7fffffff
7fffffff
7fffffff
7fffffff
7fffffff
7fffffff
7fffffff
7fffffff
7fffffff
7fffffff
7fffffff
7fffffff
7fffffff
7fffffff
7fffffff
7fffffff
7fffffff
7fffffff
7fffffff
7fffffff
7fffffff
7fffffff
7fffffff
7fffffff
7fffffff
7fffffff
7fffffff
7fffffff
7fffffff
7fffffff
7fffffff
7fffffff
7fffffff
7fffffff
7fffffff
7fffffff
7fffffff
7fffffff
7fffffff
7fffffff
7fffffff
7fffffff
7fffffff
7fffffff
7fffffff
7fffffff
7fffffff
7fffffff
7fffffff
7fffffff
7fffffff
7fffffff
7fffffff
7fffffff
7fffffff
7fffffff
7fffffff
7fffffff
7fffffff
7fffffff
7fffffff
7fffffff
7fffffff
7fffffff
7fffffff
7fffffff
7fffffff
7fffffff
7fffffff
7fffffff
7fffffff
7fffffff
7fffffff
7fffffff
7fffffff
7fffffff
7fffffff
7fffffff
7fffffff
7fffffff
7fffffff
7fffffff
7fffffff
7fffffff
7fffffff
7fffffff
7fffffff
7fffffff
7fffffff
7fffffff
7fffffff
7fffffff
7fffffff
7fffffff
7fffffff
7fffffff
7fffffff
7fffffff
7fffffff
7fffffff
7fffffff
7fffffff
7fffffff
7fffffff
7fffffff
7fffffff
7fffffff
7fffffff
7fffffff
7fffffff
7fffffff
7fffffff
7fffffff
7fffffff
7fffffff
7fffffff
7fffffff
7fffffff
7fffffff
7fffffff
7fffffff
7fffffff
7fffffff
7fffffff
7fffffff
7fffffff
7fffffff
7fffffff
7fffffff
7fffffff
7fffffff
7fffffff
7fffffff
7fffffff
7fffffff
7fffffff
7fffffff
7fffffff
7fffffff
7fffffff
7fffffff
7fffffff
7fffffff
7fffffff
7fffffff
7fffffff
7fffffff
7fffffff
7fffffff
7fffffff
7fffffff
7fffffff
7fffffff
7fffffff
7fffffff
7fffffff
7fffffff
7fffffff
7fffffff
7fffffff
7fffffff
7fffffff
7fffffff
7fffffff
7fffffff
7fffffff
7fffffff
7fffffff
7fffffff
7fffffff
7fffffff
7fffffff
7fffffff
7fffffff
7fffffff
7fffffff
7fffffff
7fffffff
7fffffff
7fffffff
7fffffff
7fffffff
7fffffff
7fffffff
7fffffff
7fffffff
7fffffff
7fffffff
7fffffff
7fffffff
7fffffff
7fffffff
7fffffff
7fffffff
7fffffff
7fffffff
7fffffff
7fffffff
7fffffff
7fffffff
7fffffff
7fffffff
7fffffff
7fffffff
7fffffff
7fffffff
7fffffff
7fffffff
7fffffff
7fffffff
7fffffff
7fffffff
7fffffff
7fffffff
7fffffff
7fffffff
7fffffff
7fffffff
7fffffff
7fffffff
7fffffff
7fffffff
7fffffff
7fffffff
7fffffff
7fffffff
7fffffff
7fffffff
7fffffff
7fffffff
7fffffff
7fffffff
7fffffff
7fffffff
7fffffff
7fffffff
7fffffff
7fffffff
7fffffff
7fffffff
7fffffff
7fffffff
7fffffff
7fffffff
7fffffff
7fffffff
7fffffff
7fffffff
7fffffff
7fffffff
7fffffff
7fffffff
7fffffff
7fffffff
7fffffff
7fffffff
7fffffff
7fffffff
7fffffff
7fffffff
7fffffff
7fffffff
7fffffff
7fffffff
7fffffff
7fffffff
7fffffff
7fffffff
7fffffff
7fffffff
7fffffff
7fffffff
7fffffff
7fffffff
7fffffff
7fffffff
7fffffff
7fffffff
7fffffff
7fffffff
7fffffff
7fffffff
7fffffff
7fffffff
7fffffff
7fffffff
7fffffff
7fffffff
7fffffff
7fffffff
7fffffff
7fffffff
7fffffff
7fffffff
7fffffff
7fffffff
7fffffff
7fffffff
7fffffff
7fffffff
7fffffff
7fffffff
7fffffff
7fffffff
7fffffff
7fffffff
7fffffff
7fffffff
7fffffff
7fffffff
7fffffff
7fffffff
7fffffff
7fffffff
7fffffff
7fffffff
7fffffff
7fffffff
7fffffff
7fffffff
7fffffff
7fffffff
7fffffff
7fffffff
7fffffff
7fffffff
7fffffff
7fffffff
7fffffff
7fffffff
7fffffff
7fffffff
7fffffff
7fffffff
7fffffff
7fffffff
7fffffff
7fffffff
7fffffff
7fffffff
7fffffff
7fffffff
7fffffff
7fffffff
7fffffff
7fffffff
7fffffff
7fffffff
7fffffff
7fffffff
7fffffff
7fffffff
7fffffff
7fffffff
7fffffff
7fffffff
7fffffff
7fffffff
7fffffff
7fffffff
7fffffff
7fffffff
7fffffff
7fffffff
7fffffff
7fffffff
7fffffff
7fffffff
7fffffff
7fffffff
7fffffff
7fffffff
7fffffff
7fffffff
7fffffff
7fffffff
7fffffff
7fffffff
7fffffff
7fffffff
7fffffff
7fffffff
7fffffff
7fffffff
7fffffff
7fffffff
7fffffff
7fffffff
7fffffff
7fffffff
7fffffff
7fffffff
7fffffff
7fffffff
7fffffff
7fffffff
7fffffff
7fffffff
7fffffff
7fffffff
7fffffff
7fffffff
7fffffff
7fffffff
7fffffff
7fffffff
7fffffff
7fffffff
7fffffff
7fffffff
7fffffff
7fffffff
7fffffff
7fffffff
7fffffff
7fffffff
7fffffff
7fffffff
7fffffff
7fffffff
7fffffff
7fffffff
7fffffff
7fffffff
7fffffff
7fffffff
7fffffff
7fffffff
7fffffff
7fffffff
7fffffff
7fffffff
7fffffff
7fffffff
7fffffff
7fffffff
7fffffff
7fffffff
7fffffff
7fffffff
7fffffff
7fffffff
7fffffff
7fffffff
7fffffff
7fffffff
7fffffff
7fffffff
7fffffff
7fffffff
7fffffff
7fffffff
7fffffff
7fffffff
7fffffff
7fffffff
7fffffff
7fffffff
7fffffff
7fffffff
7fffffff
7fffffff
7fffffff
7fffffff
7fffffff
7fffffff
7fffffff
7fffffff
7fffffff
7fffffff
7fffffff
7fffffff
7fffffff
7fffffff
7fffffff
7fffffff
7fffffff
7fffffff
7fffffff
7fffffff
7fffffff
7fffffff
7fffffff
7fffffff
7fffffff
7fffffff
7fffffff
7fffffff
7fffffff
7fffffff
7fffffff
7fffffff
7fffffff
7fffffff
7fffffff
7fffffff
7fffffff
7fffffff
7fffffff
7fffffff
7fffffff
7fffffff
7fffffff
7fffffff
7fffffff
7fffffff
7fffffff
7fffffff
7fffffff
7fffffff
7fffffff
7fffffff
7fffffff
7fffffff
7fffffff
7fffffff
7fffffff
7fffffff
7fffffff
7fffffff
7fffffff
7fffffff
7fffffff
7fffffff
7fffffff
7fffffff
7fffffff
7fffffff
7fffffff
7fffffff
7fffffff
7fffffff
7fffffff
7fffffff
7fffffff
7fffffff
7fffffff
7fffffff
7fffffff
7fffffff
7fffffff
7fffffff
7fffffff
7fffffff
7fffffff
7fffffff
7fffffff
7fffffff
7fffffff
7fffffff
7fffffff
7fffffff
7fffffff
7fffffff
7fffffff
7fffffff
7fffffff
7fffffff
7fffffff
7fffffff
7fffffff
7fffffff
7fffffff
7fffffff
7fffffff
7fffffff
7fffffff
7fffffff
7fffffff
7fffffff
7fffffff
7fffffff
7fffffff
7fffffff
7fffffff
7fffffff
7fffffff
7fffffff
7fffffff
7fffffff
7fffffff
7fffffff
7fffffff
7fffffff
7fffffff
7fffffff
7fffffff
7fffffff
7fffffff
7fffffff
7fffffff
7fffffff
7fffffff
7fffffff
7fffffff
7fffffff
7fffffff
7fffffff
7fffffff
7fffffff
7fffffff
7fffffff
7fffffff
7fffffff
7fffffff
7fffffff
7fffffff
7fffffff
7fffffff
7fffffff
7fffffff
7fffffff
7fffffff
7fffffff
7fffffff
7fffffff
7fffffff
7fffffff
7fffffff
7fffffff
7fffffff
7fffffff
7fffffff
7fffffff
7fffffff
7fffffff
7fffffff
7fffffff
7fffffff
7fffffff
7fffffff
7fffffff
7fffffff
7fffffff
7fffffff
7fffffff
7fffffff
7fffffff
7fffffff
7fffffff
7fffffff
7fffffff
7fffffff
7fffffff
7fffffff
7fffffff
7fffffff
7fffffff
7fffffff
7fffffff
7fffffff
7fffffff
7fffffff
7fffffff
7fffffff
7fffffff
7fffffff
7fffffff
7fffffff
7fffffff
7fffffff
7fffffff
7fffffff
7fffffff
7fffffff
7fffffff
7fffffff
7fffffff
7fffffff
7fffffff
7fffffff
7fffffff
7fffffff
7fffffff
7fffffff
7fffffff
7fffffff
7fffffff
7fffffff
7fffffff
7fffffff
7fffffff
7fffffff
7fffffff
7fffffff
7fffffff
7fffffff
7fffffff
7fffffff
7fffffff
7fffffff
7fffffff
7fffffff
7fffffff
7fffffff
7fffffff
7fffffff
7fffffff
7fffffff
7fffffff
7fffffff
7fffffff
7fffffff
7fffffff
7fffffff
7fffffff
7fffffff
7fffffff
7fffffff
7fffffff
7fffffff
7fffffff
7fffffff
7fffffff
7fffffff
7fffffff
7fffffff
7fffffff
7fffffff
7fffffff
7fffffff
7fffffff
7fffffff
7fffffff
7fffffff
7fffffff
7fffffff
7fffffff
7fffffff
7fffffff
7fffffff
7fffffff
7fffffff
7fffffff
7fffffff
7fffffff
7fffffff
7fffffff
7fffffff
7fffffff
7fffffff
7fffffff
7fffffff
7fffffff
7fffffff
7fffffff
7fffffff
7fffffff
7fffffff
7fffffff
7fffffff
7fffffff
7fffffff
7fffffff
7fffffff
7fffffff
7fffffff
7fffffff
7fffffff
7fffffff
7fffffff
7fffffff
7fffffff
7fffffff
7fffffff
7fffffff
7fffffff
7fffffff
7fffffff
7fffffff
7fffffff
7fffffff
7fffffff
7fffffff
7fffffff
7fffffff
7fffffff
7fffffff
7fffffff
7fffffff
7fffffff
7fffffff
7fffffff
7fffffff
7fffffff
7fffffff
7fffffff
7fffffff
7fffffff
7fffffff
7fffffff
7fffffff
7fffffff
7fffffff
7fffffff
7fffffff
7fffffff
7fffffff
7fffffff
7fffffff
7fffffff
7fffffff
7fffffff
7fffffff
7fffffff
7fffffff
7fffffff
7fffffff
7fffffff
7fffffff
7fffffff
7fffffff
7fffffff
7fffffff
7fffffff
7fffffff
7fffffff
7fffffff
7fffffff
7fffffff
7fffffff
7fffffff
7fffffff
7fffffff
7fffffff
7fffffff
7fffffff
7fffffff
7fffffff
7fffffff
7fffffff
7fffffff
7fffffff
7fffffff
7fffffff
7fffffff
7fffffff
7fffffff
7fffffff
7fffffff
7fffffff
7fffffff
7fffffff
7fffffff
7fffffff
7fffffff
7fffffff
7fffffff
7fffffff
7fffffff
7fffffff
7fffffff
7fffffff
7fffffff
7fffffff
7fffffff
7fffffff
7fffffff
7fffffff
7fffffff
7fffffff
7fffffff
7fffffff
7fffffff
7fffffff
7fffffff
7fffffff
7fffffff
7fffffff
7fffffff
7fffffff
7fffffff
7fffffff
7fffffff
7fffffff
7fffffff
7fffffff
7fffffff
7fffffff
7fffffff
7fffffff
7fffffff
7fffffff
7fffffff
7fffffff
7fffffff
7fffffff
7fffffff
7fffffff
7fffffff
7fffffff
7fffffff
7fffffff
7fffffff
7fffffff
7fffffff
7fffffff
7fffffff
7fffffff
7fffffff
7fffffff
7fffffff
7fffffff
7fffffff
7fffffff
7fffffff
7fffffff
7fffffff
7fffffff
7fffffff
7fffffff
7fffffff
7fffffff
7fffffff
7fffffff
7fffffff
7fffffff
7fffffff
7fffffff
7fffffff
7fffffff
7fffffff
7fffffff
7fffffff
7fffffff
7fffffff
7fffffff
7fffffff
7fffffff
7fffffff
7fffffff
7fffffff
7fffffff
7fffffff
7fffffff
7fffffff
7fffffff
7fffffff
7fffffff
7fffffff
7fffffff
7fffffff
7fffffff
7fffffff
7fffffff
7fffffff
7fffffff
7fffffff
7fffffff
7fffffff
7fffffff
7fffffff
7fffffff
7fffffff
7fffffff
7fffffff
7fffffff
7fffffff
7fffffff
7fffffff
7fffffff
7fffffff
7fffffff
7fffffff
7fffffff
7fffffff
7fffffff
7fffffff
7fffffff
7fffffff
7fffffff
7fffffff
7fffffff
7fffffff
7fffffff
7fffffff
7fffffff
7fffffff
7fffffff
7fffffff
7fffffff
7fffffff
7fffffff
7fffffff
7fffffff
7fffffff
7fffffff
7fffffff
7fffffff
7fffffff
7fffffff
7fffffff
7fffffff
7fffffff
7fffffff
7fffffff
7fffffff
7fffffff
7fffffff
7fffffff
7fffffff
7fffffff
7fffffff
7fffffff
7fffffff
7fffffff
7fffffff
7fffffff
7fffffff
7fffffff
7fffffff
7fffffff
7fffffff
7fffffff
7fffffff
7fffffff
7fffffff
7fffffff
7fffffff
7fffffff
7fffffff
7fffffff
7fffffff
7fffffff
7fffffff
7fffffff
7fffffff
7fffffff
7fffffff
7fffffff
7fffffff
7fffffff
7fffffff
7fffffff
7fffffff
7fffffff
7fffffff
7fffffff
7fffffff
7fffffff
7fffffff
7fffffff
7fffffff
7fffffff
7fffffff
7fffffff
7fffffff
7fffffff
7fffffff
7fffffff
7fffffff
7fffffff
7fffffff
7fffffff
7fffffff
7fffffff
7fffffff
7fffffff
7fffffff
7fffffff
7fffffff
7fffffff
7fffffff
7fffffff
7fffffff
7fffffff
7fffffff
7fffffff
7fffffff
7fffffff
7fffffff
7fffffff
7fffffff
7fffffff
7fffffff
7fffffff
7fffffff
7fffffff
7fffffff
7fffffff
7fffffff
7fffffff
7fffffff
7fffffff
7fffffff
7fffffff
7fffffff
7fffffff
7fffffff
7fffffff
7fffffff
7fffffff
7fffffff
7fffffff
7fffffff
7fffffff
7fffffff
7fffffff
7fffffff
7fffffff
7fffffff
7fffffff
7fffffff
7fffffff
7fffffff
7fffffff
7fffffff
7fffffff
7fffffff
7fffffff
7fffffff
7fffffff
7fffffff
7fffffff
7fffffff
7fffffff
7fffffff
7fffffff
7fffffff
7fffffff
7fffffff
7fffffff
7fffffff
7fffffff
7fffffff
7fffffff
7fffffff
7fffffff
7fffffff
7fffffff
7fffffff
7fffffff
7fffffff
7fffffff
7fffffff
7fffffff
7fffffff
7fffffff
7fffffff
7fffffff
7fffffff
7fffffff
7fffffff
7fffffff
7fffffff
7fffffff
7fffffff
7fffffff
7fffffff
7fffffff
7fffffff
7fffffff
7fffffff
7fffffff
7fffffff
7fffffff
7fffffff
7fffffff
7fffffff
7fffffff
7fffffff
7fffffff
7fffffff
7fffffff
7fffffff
7fffffff
7fffffff
7fffffff
7fffffff
7fffffff
7fffffff
7fffffff
7fffffff
7fffffff
7fffffff
7fffffff
7fffffff
7fffffff
7fffffff
7fffffff
7fffffff
7fffffff
7fffffff
7fffffff
7fffffff
7fffffff
7fffffff
7fffffff
7fffffff
7fffffff
7fffffff
7fffffff
7fffffff
7fffffff
7fffffff
7fffffff
7fffffff
7fffffff
7fffffff
7fffffff
7fffffff
7fffffff
7fffffff
7fffffff
7fffffff
7fffffff
7fffffff
7fffffff
7fffffff
7fffffff
7fffffff
7fffffff
7fffffff
7fffffff
7fffffff
7fffffff
7fffffff
7fffffff
7fffffff
7fffffff
7fffffff
7fffffff
7fffffff
7fffffff
7fffffff
7fffffff
7fffffff
7fffffff
7fffffff
7fffffff
7fffffff
7fffffff
7fffffff
7fffffff
7fffffff
7fffffff
7fffffff
7fffffff
7fffffff
7fffffff
7fffffff
7fffffff
7fffffff
7fffffff
7fffffff
7fffffff
7fffffff
7fffffff
7fffffff
7fffffff
7fffffff
7fffffff
7fffffff
7fffffff
7fffffff
7fffffff
7fffffff
7fffffff
7fffffff
7fffffff
7fffffff
7fffffff
7fffffff
7fffffff
7fffffff
7fffffff
7fffffff
7fffffff
7fffffff
7fffffff
7fffffff
7fffffff
7fffffff
7fffffff
7fffffff
7fffffff
7fffffff
7fffffff
7fffffff
7fffffff
7fffffff
7fffffff
7fffffff
7fffffff
7fffffff
7fffffff
7fffffff
7fffffff
7fffffff
7fffffff
7fffffff
7fffffff
7fffffff
7fffffff
7fffffff
7fffffff
7fffffff
7fffffff
7fffffff
7fffffff
7fffffff
7fffffff
7fffffff
7fffffff
7fffffff
7fffffff
7fffffff
7fffffff
7fffffff
7fffffff
7fffffff
7fffffff
7fffffff
7fffffff
7fffffff
7fffffff
7fffffff
7fffffff
7fffffff
7fffffff
7fffffff
7fffffff
7fffffff
7fffffff
7fffffff
7fffffff
7fffffff
7fffffff
7fffffff
7fffffff
7fffffff
7fffffff
7fffffff
7fffffff
7fffffff
7fffffff
7fffffff
7fffffff
7fffffff
7fffffff
7fffffff
7fffffff
7fffffff
7fffffff
7fffffff
7fffffff
7fffffff
7fffffff
7fffffff
7fffffff
7fffffff
7fffffff
7fffffff
7fffffff
7fffffff
7fffffff
7fffffff
7fffffff
7fffffff
7fffffff
7fffffff
7fffffff
7fffffff
7fffffff
7fffffff
7fffffff
7fffffff
7fffffff
7fffffff
7fffffff
7fffffff
7fffffff
7fffffff
7fffffff
7fffffff
7fffffff
7fffffff
7fffffff
7fffffff
7fffffff
7fffffff
7fffffff
7fffffff
7fffffff
7fffffff
7fffffff
7fffffff
7fffffff
7fffffff
7fffffff
7fffffff
7fffffff
7fffffff
7fffffff
7fffffff
7fffffff
7fffffff
7fffffff
7fffffff
7fffffff
7fffffff
7fffffff
7fffffff
7fffffff
7fffffff
7fffffff
7fffffff
7fffffff
7fffffff
7fffffff
7fffffff
7fffffff
7fffffff
7fffffff
7fffffff
7fffffff
7fffffff
7fffffff
7fffffff
7fffffff
7fffffff
7fffffff
7fffffff
7fffffff
7fffffff
7fffffff
7fffffff
7fffffff
7fffffff
7fffffff
7fffffff
7fffffff
7fffffff
7fffffff
7fffffff
7fffffff
7fffffff
7fffffff
7fffffff
7fffffff
7fffffff
7fffffff
7fffffff
7fffffff
7fffffff
7fffffff
7fffffff
7fffffff
7fffffff
7fffffff
7fffffff
7fffffff
7fffffff
7fffffff
7fffffff
7fffffff
7fffffff
7fffffff
7fffffff
7fffffff
7fffffff
7fffffff
7fffffff
7fffffff
7fffffff
7fffffff
7fffffff
7fffffff
7fffffff
7fffffff
7fffffff
7fffffff
7fffffff
7fffffff
7fffffff
7fffffff
7fffffff
7fffffff
7fffffff
7fffffff
7fffffff
7fffffff
7fffffff
7fffffff
7fffffff
7fffffff
7fffffff
7fffffff
7fffffff
7fffffff
7fffffff
7fffffff
7fffffff
7fffffff
7fffffff
7fffffff
7fffffff
7fffffff
7fffffff
7fffffff
7fffffff
7fffffff
7fffffff
7fffffff
7fffffff
7fffffff
7fffffff
7fffffff
7fffffff
7fffffff
7fffffff
7fffffff
7fffffff
7fffffff
7fffffff
7fffffff
7fffffff
7fffffff
7fffffff
7fffffff
7fffffff
7fffffff
7fffffff
7fffffff
7fffffff
7fffffff
7fffffff
7fffffff
7fffffff
7fffffff
7fffffff
7fffffff
7fffffff
7fffffff
7fffffff
7fffffff
7fffffff
7fffffff
7fffffff
7fffffff
7fffffff
7fffffff
7fffffff
7fffffff
7fffffff
7fffffff
7fffffff
7fffffff
7fffffff
7fffffff
7fffffff
7fffffff
7fffffff
7fffffff
7fffffff
7fffffff
7fffffff
7fffffff
7fffffff
7fffffff
7fffffff
7fffffff
7fffffff
7fffffff
7fffffff
7fffffff
7fffffff
7fffffff
7fffffff
7fffffff
7fffffff
7fffffff
7fffffff
7fffffff
7fffffff
7fffffff
7fffffff
7fffffff
7fffffff
7fffffff
7fffffff
7fffffff
7fffffff
7fffffff
7fffffff
7fffffff
7fffffff
7fffffff
7fffffff
7fffffff
7fffffff
7fffffff
7fffffff
7fffffff
7fffffff
7fffffff
7fffffff
7fffffff
7fffffff
7fffffff
7fffffff
7fffffff
7fffffff
7fffffff
7fffffff
7fffffff
7fffffff
7fffffff
7fffffff
7fffffff
7fffffff
7fffffff
7fffffff
7fffffff
7fffffff
7fffffff
7fffffff
7fffffff
7fffffff
7fffffff
7fffffff
7fffffff
7fffffff
7fffffff
7fffffff
7fffffff
7fffffff
7fffffff
7fffffff
7fffffff
7fffffff
7fffffff
7fffffff
7fffffff
7fffffff
7fffffff
7fffffff
7fffffff
7fffffff
7fffffff
7fffffff
7fffffff
7fffffff
7fffffff
7fffffff
7fffffff
7fffffff
7fffffff
7fffffff
7fffffff
7fffffff
7fffffff
7fffffff
7fffffff
7fffffff
7fffffff
7fffffff
7fffffff
7fffffff
7fffffff
7fffffff
7fffffff
7fffffff
7fffffff
7fffffff
7fffffff
7fffffff
7fffffff
7fffffff
7fffffff
7fffffff
7fffffff
7fffffff
7fffffff
7fffffff
7fffffff
7fffffff
7fffffff
7fffffff
7fffffff
7fffffff
7fffffff
7fffffff
7fffffff
7fffffff
7fffffff
7fffffff
7fffffff
7fffffff
7fffffff
7fffffff
7fffffff
7fffffff
7fffffff
7fffffff
7fffffff
7fffffff
7fffffff
7fffffff
7fffffff
7fffffff
7fffffff
7fffffff
7fffffff
7fffffff
7fffffff
7fffffff
7fffffff
7fffffff
7fffffff
7fffffff
7fffffff
7fffffff
7fffffff
7fffffff
7fffffff
7fffffff
7fffffff
7fffffff
7fffffff
7fffffff
7fffffff
7fffffff
7fffffff
7fffffff
7fffffff
7fffffff
7fffffff
7fffffff
7fffffff
7fffffff
7fffffff
7fffffff
7fffffff
7fffffff
7fffffff
7fffffff
7fffffff
7fffffff
7fffffff
7fffffff
7fffffff
7fffffff
7fffffff
7fffffff
7fffffff
7fffffff
7fffffff
7fffffff
7fffffff
7fffffff
7fffffff
7fffffff
7fffffff
7fffffff
7fffffff
7fffffff
7fffffff
7fffffff
7fffffff
7fffffff
7fffffff
7fffffff
7fffffff
7fffffff
7fffffff
7fffffff
7fffffff
7fffffff
7fffffff
7fffffff
7fffffff
7fffffff
7fffffff
7fffffff
7fffffff
7fffffff
7fffffff
7fffffff
7fffffff
7fffffff
7fffffff
7fffffff
7fffffff
7fffffff
7fffffff
7fffffff
7fffffff
7fffffff
7fffffff
7fffffff
7fffffff
7fffffff
7fffffff
7fffffff
7fffffff
7fffffff
7fffffff
7fffffff
7fffffff
7fffffff
7fffffff
7fffffff
7fffffff
7fffffff
7fffffff
7fffffff
7fffffff
7fffffff
7fffffff
7fffffff
7fffffff
7fffffff
7fffffff
7fffffff
7fffffff
7fffffff
7fffffff
7fffffff
7fffffff
7fffffff
7fffffff
7fffffff
7fffffff
7fffffff
7fffffff
7fffffff
7fffffff
7fffffff
7fffffff
7fffffff
7fffffff
7fffffff
7fffffff
7fffffff
7fffffff
7fffffff
7fffffff
7fffffff
7fffffff
7fffffff
7fffffff
7fffffff
7fffffff
7fffffff
7fffffff
7fffffff
7fffffff
7fffffff
7fffffff
7fffffff
7fffffff
7fffffff
7fffffff
7fffffff
7fffffff
7fffffff
7fffffff
7fffffff
7fffffff
7fffffff
7fffffff
7fffffff
7fffffff
7fffffff
7fffffff
7fffffff
7fffffff
7fffffff
7fffffff
7fffffff
7fffffff
7fffffff
7fffffff
7fffffff
7fffffff
7fffffff
7fffffff
7fffffff
7fffffff
7fffffff
7fffffff
7fffffff
7fffffff
7fffffff
7fffffff
7fffffff
7fffffff
7fffffff
7fffffff
7fffffff
7fffffff
7fffffff
7fffffff
7fffffff
7fffffff
7fffffff
7fffffff
7fffffff
7fffffff
7fffffff
7fffffff
7fffffff
7fffffff
7fffffff
7fffffff
7fffffff
7fffffff
7fffffff
7fffffff
7fffffff
7fffffff
7fffffff
7fffffff
7fffffff
7fffffff
7fffffff
7fffffff
7fffffff
7fffffff
7fffffff
7fffffff
7fffffff
7fffffff
7fffffff
7fffffff
7fffffff
7fffffff
7fffffff
7fffffff
7fffffff
7fffffff
7fffffff
7fffffff
7fffffff
7fffffff
7fffffff
7fffffff
7fffffff
7fffffff
7fffffff
7fffffff
7fffffff
7fffffff
7fffffff
7fffffff
7fffffff
7fffffff
7fffffff
7fffffff
7fffffff
7fffffff
7fffffff
7fffffff
7fffffff
7fffffff
7fffffff
7fffffff
7fffffff
7fffffff
7fffffff
7fffffff
7fffffff
7fffffff
7fffffff
7fffffff
7fffffff
7fffffff
7fffffff
7fffffff
7fffffff
7fffffff
7fffffff
7fffffff
7fffffff
7fffffff
7fffffff
7fffffff
7fffffff
7fffffff
7fffffff
7fffffff
7fffffff
7fffffff
7fffffff
7fffffff
7fffffff
7fffffff
7fffffff
7fffffff
7fffffff
7fffffff
7fffffff
7fffffff
7fffffff
7fffffff
7fffffff
7fffffff
7fffffff
7fffffff
7fffffff
7fffffff
7fffffff
7fffffff
7fffffff
7fffffff
7fffffff
7fffffff
7fffffff
7fffffff
7fffffff
7fffffff
7fffffff
7fffffff
7fffffff
7fffffff
7fffffff
7fffffff
7fffffff
7fffffff
7fffffff
7fffffff
7fffffff
7fffffff
7fffffff
7fffffff
7fffffff
7fffffff
7fffffff
7fffffff
7fffffff
7fffffff
7fffffff
7fffffff
7fffffff
7fffffff
7fffffff
7fffffff
7fffffff
7fffffff
7fffffff
7fffffff
7fffffff
7fffffff
7fffffff
7fffffff
7fffffff
7fffffff
7fffffff
7fffffff
7fffffff
7fffffff
7fffffff
7fffffff
7fffffff
7fffffff
7fffffff
7fffffff
7fffffff
7fffffff
7fffffff
7fffffff
7fffffff
7fffffff
7fffffff
7fffffff
7fffffff
7fffffff
7fffffff
7fffffff
7fffffff
7fffffff
7fffffff
7fffffff
7fffffff
7fffffff
7fffffff
7fffffff
7fffffff
7fffffff
7fffffff
7fffffff
7fffffff
7fffffff
7fffffff
7fffffff
7fffffff
7fffffff
7fffffff
7fffffff
7fffffff
7fffffff
7fffffff
7fffffff
7fffffff
7fffffff
7fffffff
7fffffff
7fffffff
7fffffff
7fffffff
7fffffff
7fffffff
7fffffff
7fffffff
7fffffff
7fffffff
7fffffff
7fffffff
7fffffff
7fffffff
7fffffff
7fffffff
7fffffff
7fffffff
7fffffff
7fffffff
7fffffff
7fffffff
7fffffff
7fffffff
7fffffff
7fffffff
7fffffff
7fffffff
7fffffff
7fffffff
7fffffff
7fffffff
7fffffff
7fffffff
7fffffff
7fffffff
7fffffff
7fffffff
7fffffff
7fffffff
7fffffff
7fffffff
7fffffff
7fffffff
7fffffff
7fffffff
7fffffff
7fffffff
7fffffff
7fffffff
7fffffff
7fffffff
7fffffff
7fffffff
7fffffff
7fffffff
7fffffff
7fffffff
7fffffff
7fffffff
7fffffff
7fffffff
7fffffff
7fffffff
7fffffff
7fffffff
7fffffff
7fffffff
7fffffff
7fffffff
7fffffff
7fffffff
7fffffff
7fffffff
7fffffff
7fffffff
7fffffff
7fffffff
7fffffff
7fffffff
7fffffff
7fffffff
7fffffff
7fffffff
7fffffff
7fffffff
7fffffff
7fffffff
7fffffff
7fffffff
7fffffff
7fffffff
7fffffff
7fffffff
7fffffff
7fffffff
7fffffff
7fffffff
7fffffff
7fffffff
7fffffff
7fffffff
7fffffff
7fffffff
7fffffff
7fffffff
7fffffff
7fffffff
7fffffff
7fffffff
7fffffff
7fffffff
7fffffff
7fffffff
7fffffff
7fffffff
7fffffff
7fffffff
7fffffff
7fffffff
7fffffff
7fffffff
7fffffff
7fffffff
7fffffff
7fffffff
7fffffff
7fffffff
7fffffff
7fffffff
7fffffff
7fffffff
7fffffff
7fffffff
7fffffff
7fffffff
7fffffff
7fffffff
7fffffff
7fffffff
7fffffff
7fffffff
7fffffff
7fffffff
7fffffff
7fffffff
7fffffff
7fffffff
7fffffff
7fffffff
7fffffff
7fffffff
7fffffff
7fffffff
7fffffff
7fffffff
7fffffff
7fffffff
7fffffff
7fffffff
7fffffff
7fffffff
7fffffff
7fffffff
7fffffff
7fffffff
7fffffff
7fffffff
7fffffff
7fffffff
7fffffff
7fffffff
7fffffff
7fffffff
7fffffff
7fffffff
7fffffff
7fffffff
7fffffff
7fffffff
7fffffff
7fffffff
7fffffff
7fffffff
7fffffff
7fffffff
7fffffff
7fffffff
7fffffff
7fffffff
7fffffff
7fffffff
7fffffff
7fffffff
7fffffff
7fffffff
7fffffff
7fffffff
7fffffff
7fffffff
7fffffff
7fffffff
7fffffff
7fffffff
7fffffff
7fffffff
7fffffff
7fffffff
7fffffff
7fffffff
7fffffff
7fffffff
7fffffff
7fffffff
7fffffff
7fffffff
7fffffff
7fffffff
7fffffff
7fffffff
7fffffff
7fffffff
7fffffff
7fffffff
7fffffff
7fffffff
7fffffff
7fffffff
7fffffff
7fffffff
7fffffff
7fffffff
7fffffff
7fffffff
7fffffff
7fffffff
7fffffff
7fffffff
7fffffff
7fffffff
7fffffff
7fffffff
7fffffff
7fffffff
7fffffff
7fffffff
7fffffff
7fffffff
7fffffff
7fffffff
7fffffff
7fffffff
7fffffff
7fffffff
7fffffff
7fffffff
7fffffff
7fffffff
7fffffff
7fffffff
7fffffff
7fffffff
7fffffff
7fffffff
7fffffff
7fffffff
7fffffff
7fffffff
7fffffff
7fffffff
7fffffff
7fffffff
7fffffff
7fffffff
7fffffff
7fffffff
7fffffff
7fffffff
7fffffff
7fffffff
7fffffff
7fffffff
7fffffff
7fffffff
7fffffff
7fffffff
7fffffff
7fffffff
7fffffff
7fffffff
7fffffff
7fffffff
7fffffff
7fffffff
7fffffff
7fffffff
7fffffff
7fffffff
7fffffff
7fffffff
7fffffff
7fffffff
7fffffff
7fffffff
7fffffff
7fffffff
7fffffff
7fffffff
7fffffff
7fffffff
7fffffff
7fffffff
7fffffff
7fffffff
7fffffff
7fffffff
7fffffff
7fffffff
7fffffff
7fffffff
7fffffff
7fffffff
7fffffff
7fffffff
7fffffff
7fffffff
7fffffff
7fffffff
7fffffff
7fffffff
7fffffff
7fffffff
7fffffff
7fffffff
7fffffff
7fffffff
7fffffff
7fffffff
7fffffff
7fffffff
7fffffff
7fffffff
7fffffff
7fffffff
7fffffff
7fffffff
7fffffff
7fffffff
7fffffff
7fffffff
7fffffff
7fffffff
7fffffff
7fffffff
7fffffff
7fffffff
7fffffff
7fffffff
7fffffff
7fffffff
7fffffff
7fffffff
7fffffff
7fffffff
7fffffff
7fffffff
7fffffff
7fffffff
7fffffff
7fffffff
7fffffff
7fffffff
7fffffff
7fffffff
7fffffff
7fffffff
7fffffff
7fffffff
7fffffff
7fffffff
7fffffff
7fffffff
7fffffff
7fffffff
7fffffff
7fffffff
7fffffff
7fffffff
7fffffff
7fffffff
7fffffff
7fffffff
7fffffff
7fffffff
7fffffff
7fffffff
7fffffff
7fffffff
7fffffff
7fffffff
7fffffff
7fffffff
7fffffff
7fffffff
7fffffff
7fffffff
7fffffff
7fffffff
7fffffff
7fffffff
7fffffff
7fffffff
7fffffff
7fffffff
7fffffff
7fffffff
7fffffff
7fffffff
7fffffff
7fffffff
7fffffff
7fffffff
7fffffff
7fffffff
7fffffff
7fffffff
7fffffff
7fffffff
7fffffff
7fffffff
7fffffff
7fffffff
7fffffff
7fffffff
7fffffff
7fffffff
7fffffff
7fffffff
7fffffff
7fffffff
7fffffff
7fffffff
7fffffff
7fffffff
7fffffff
7fffffff
7fffffff
7fffffff
7fffffff
7fffffff
7fffffff
7fffffff
7fffffff
7fffffff
7fffffff
7fffffff
7fffffff
7fffffff
7fffffff
7fffffff
7fffffff
7fffffff
7fffffff
7fffffff
7fffffff
7fffffff
7fffffff
7fffffff
7fffffff
7fffffff
7fffffff
7fffffff
7fffffff
7fffffff
7fffffff
7fffffff
7fffffff
7fffffff
7fffffff
7fffffff
7fffffff
7fffffff
7fffffff
7fffffff
7fffffff
7fffffff
7fffffff
7fffffff
7fffffff
7fffffff
7fffffff
7fffffff
7fffffff
7fffffff
7fffffff
7fffffff
7fffffff
7fffffff
7fffffff
7fffffff
7fffffff
7fffffff
7fffffff
7fffffff
7fffffff
7fffffff
7fffffff
7fffffff
7fffffff
7fffffff
7fffffff
7fffffff
7fffffff
7fffffff
7fffffff
7fffffff
7fffffff
7fffffff
7fffffff
7fffffff
7fffffff
7fffffff
7fffffff
7fffffff
7fffffff
7fffffff
7fffffff
7fffffff
7fffffff
7fffffff
7fffffff
7fffffff
7fffffff
7fffffff
7fffffff
7fffffff
7fffffff
7fffffff
7fffffff
7fffffff
7fffffff
7fffffff
7fffffff
7fffffff
7fffffff
7fffffff
7fffffff
7fffffff
7fffffff
7fffffff
7fffffff
7fffffff
7fffffff
7fffffff
7fffffff
7fffffff
7fffffff
7fffffff
7fffffff
7fffffff
7fffffff
7fffffff
7fffffff
7fffffff
7fffffff
7fffffff
7fffffff
7fffffff
7fffffff
7fffffff
7fffffff
7fffffff
7fffffff
7fffffff
7fffffff
7fffffff
7fffffff
7fffffff
7fffffff
7fffffff
7fffffff
7fffffff
7fffffff
7fffffff
7fffffff
7fffffff
7fffffff
7fffffff
7fffffff
7fffffff
7fffffff
7fffffff
7fffffff
7fffffff
7fffffff
7fffffff
7fffffff
7fffffff
7fffffff
7fffffff
7fffffff
7fffffff
7fffffff
7fffffff
7fffffff
7fffffff
7fffffff
7fffffff
7fffffff
7fffffff
7fffffff
7fffffff
7fffffff
7fffffff
7fffffff
7fffffff
7fffffff
7fffffff
7fffffff
7fffffff
7fffffff
7fffffff
7fffffff
7fffffff
7fffffff
7fffffff
7fffffff
7fffffff
7fffffff
7fffffff
7fffffff
7fffffff
7fffffff
7fffffff
7fffffff
7fffffff
7fffffff
7fffffff
7fffffff
7fffffff
7fffffff
7fffffff
7fffffff
7fffffff
7fffffff
7fffffff
7fffffff
7fffffff
7fffffff
7fffffff
7fffffff
7fffffff
7fffffff
7fffffff
7fffffff
7fffffff
7fffffff
7fffffff
7fffffff
7fffffff
7fffffff
7fffffff
7fffffff
7fffffff
7fffffff
7fffffff
7fffffff
7fffffff
7fffffff
7fffffff
7fffffff
7fffffff
7fffffff
7fffffff
7fffffff
7fffffff
7fffffff
7fffffff
7fffffff
7fffffff
7fffffff
7fffffff
7fffffff
7fffffff
7fffffff
7fffffff
7fffffff
7fffffff
7fffffff
7fffffff
7fffffff
7fffffff
7fffffff
7fffffff
7fffffff
7fffffff
7fffffff
7fffffff
7fffffff
7fffffff
7fffffff
7fffffff
7fffffff
7fffffff
7fffffff
7fffffff
7fffffff
7fffffff
7fffffff
7fffffff
7fffffff
7fffffff
7fffffff
7fffffff
7fffffff
7fffffff
7fffffff
7fffffff
7fffffff
7fffffff
7fffffff
7fffffff
7fffffff
7fffffff
7fffffff
7fffffff
7fffffff
7fffffff
7fffffff
7fffffff
7fffffff
7fffffff
7fffffff
7fffffff
7fffffff
7fffffff
7fffffff
7fffffff
7fffffff
7fffffff
7fffffff
7fffffff
7fffffff
7fffffff
7fffffff
7fffffff
7fffffff
7fffffff
7fffffff
7fffffff
7fffffff
7fffffff
7fffffff
7fffffff
7fffffff
7fffffff
7fffffff
7fffffff
7fffffff
7fffffff
7fffffff
7fffffff
7fffffff
7fffffff
7fffffff
7fffffff
7fffffff
7fffffff
7fffffff
7fffffff
7fffffff
7fffffff
7fffffff
7fffffff
7fffffff
7fffffff
7fffffff
7fffffff
7fffffff
7fffffff
7fffffff
7fffffff
7fffffff
7fffffff
7fffffff
7fffffff
7fffffff
7fffffff
7fffffff
7fffffff
7fffffff
7fffffff
7fffffff
7fffffff
7fffffff
7fffffff
7fffffff
7fffffff
7fffffff
7fffffff
7fffffff
7fffffff
7fffffff
7fffffff
7fffffff
7fffffff
7fffffff
7fffffff
7fffffff
7fffffff
7fffffff
7fffffff
7fffffff
7fffffff
7fffffff
7fffffff
7fffffff
7fffffff
7fffffff
7fffffff
7fffffff
7fffffff
7fffffff
7fffffff
7fffffff
7fffffff
7fffffff
7fffffff
7fffffff
7fffffff
7fffffff
7fffffff
7fffffff
7fffffff
7fffffff
7fffffff
7fffffff
7fffffff
7fffffff
7fffffff
7fffffff
7fffffff
7fffffff
7fffffff
7fffffff
7fffffff
7fffffff
7fffffff
7fffffff
7fffffff
7fffffff
7fffffff
7fffffff
7fffffff
7fffffff
7fffffff
7fffffff
7fffffff
7fffffff
7fffffff
7fffffff
7fffffff
7fffffff
7fffffff
7fffffff
7fffffff
7fffffff
7fffffff
7fffffff
7fffffff
7fffffff
7fffffff
7fffffff
7fffffff
7fffffff
7fffffff
7fffffff
7fffffff
7fffffff
7fffffff
7fffffff
7fffffff
7fffffff
7fffffff
7fffffff
7fffffff
7fffffff
7fffffff
7fffffff
7fffffff
7fffffff
7fffffff
7fffffff
7fffffff
7fffffff
7fffffff
7fffffff
7fffffff
7fffffff
7fffffff
7fffffff
7fffffff
7fffffff
7fffffff
7fffffff
7fffffff
7fffffff
7fffffff
7fffffff
7fffffff
7fffffff
7fffffff
7fffffff
7fffffff
7fffffff
7fffffff
7fffffff
7fffffff
7fffffff
7fffffff
7fffffff
7fffffff
7fffffff
7fffffff
7fffffff
7fffffff
7fffffff
7fffffff
7fffffff
7fffffff
7fffffff
7fffffff
7fffffff
7fffffff
7fffffff
7fffffff
7fffffff
7fffffff
7fffffff
7fffffff
7fffffff
7fffffff
7fffffff
7fffffff
7fffffff
7fffffff
7fffffff
7fffffff
7fffffff
7fffffff
7fffffff
7fffffff
7fffffff
7fffffff
7fffffff
7fffffff
7fffffff
7fffffff
7fffffff
7fffffff
7fffffff
7fffffff
7fffffff
7fffffff
7fffffff
7fffffff
7fffffff
7fffffff
7fffffff
7fffffff
7fffffff
7fffffff
7fffffff
7fffffff
7fffffff
7fffffff
7fffffff
7fffffff
7fffffff
7fffffff
7fffffff
7fffffff
7fffffff
7fffffff
7fffffff
7fffffff
7fffffff
7fffffff
7fffffff
7fffffff
7fffffff
7fffffff
7fffffff
7fffffff
7fffffff
7fffffff
7fffffff
7fffffff
7fffffff
7fffffff
7fffffff
7fffffff
7fffffff
7fffffff
7fffffff
7fffffff
7fffffff
7fffffff
7fffffff
7fffffff
7fffffff
7fffffff
7fffffff
7fffffff
7fffffff
7fffffff
7fffffff
7fffffff
7fffffff
7fffffff
7fffffff
7fffffff
7fffffff
7fffffff
7fffffff
7fffffff
7fffffff
7fffffff
7fffffff
7fffffff
7fffffff
7fffffff
7fffffff
7fffffff
7fffffff
7fffffff
7fffffff
7fffffff
7fffffff
7fffffff
7fffffff
7fffffff
7fffffff
7fffffff
7fffffff
7fffffff
7fffffff
7fffffff
7fffffff
7fffffff
7fffffff
7fffffff
7fffffff
7fffffff
7fffffff
7fffffff
7fffffff
7fffffff
7fffffff
7fffffff
7fffffff
7fffffff
7fffffff
7fffffff
7fffffff
7fffffff
7fffffff
7fffffff
7fffffff
7fffffff
7fffffff
7fffffff
7fffffff
7fffffff
7fffffff
7fffffff
7fffffff
7fffffff
7fffffff
7fffffff
7fffffff
7fffffff
7fffffff
7fffffff
7fffffff
7fffffff
7fffffff
7fffffff
7fffffff
7fffffff
7fffffff
7fffffff
7fffffff
7fffffff
7fffffff
7fffffff
7fffffff
7fffffff
7fffffff
7fffffff
7fffffff
7fffffff
7fffffff
7fffffff
7fffffff
7fffffff
7fffffff
7fffffff
7fffffff
7fffffff
7fffffff
7fffffff
7fffffff
7fffffff
7fffffff
7fffffff
7fffffff
7fffffff
7fffffff
7fffffff
7fffffff
7fffffff
7fffffff
7fffffff
7fffffff
7fffffff
7fffffff
7fffffff
7fffffff
7fffffff
7fffffff
7fffffff
7fffffff
7fffffff
7fffffff
7fffffff
7fffffff
7fffffff
7fffffff
7fffffff
7fffffff
7fffffff
7fffffff
7fffffff
7fffffff
7fffffff
7fffffff
7fffffff
7fffffff
7fffffff
7fffffff
7fffffff
7fffffff
7fffffff
7fffffff
7fffffff
7fffffff
7fffffff
7fffffff
7fffffff
7fffffff
7fffffff
7fffffff
7fffffff
7fffffff
7fffffff
7fffffff
7fffffff
7fffffff
7fffffff
7fffffff
7fffffff
7fffffff
7fffffff
7fffffff
7fffffff
7fffffff
7fffffff
7fffffff
7fffffff
7fffffff
7fffffff
7fffffff
7fffffff
7fffffff
7fffffff
7fffffff
7fffffff
7fffffff
7fffffff
7fffffff
7fffffff
7fffffff
7fffffff
7fffffff
7fffffff
7fffffff
7fffffff
7fffffff
7fffffff
7fffffff
7fffffff
7fffffff
7fffffff
7fffffff
7fffffff
7fffffff
7fffffff
7fffffff
7fffffff
7fffffff
7fffffff
7fffffff
7fffffff
7fffffff
7fffffff
7fffffff
7fffffff
7fffffff
7fffffff
7fffffff
7fffffff
7fffffff
7fffffff
7fffffff
7fffffff
7fffffff
7fffffff
7fffffff
7fffffff
7fffffff
7fffffff
7fffffff
7fffffff
7fffffff
7fffffff
7fffffff
7fffffff
7fffffff
7fffffff
7fffffff
7fffffff
7fffffff
7fffffff
7fffffff
7fffffff
7fffffff
7fffffff
7fffffff
7fffffff
7fffffff
7fffffff
7fffffff
7fffffff
7fffffff
7fffffff
7fffffff
7fffffff
7fffffff
7fffffff
7fffffff
7fffffff
7fffffff
7fffffff
7fffffff
7fffffff
7fffffff
7fffffff
7fffffff
7fffffff
7fffffff
7fffffff
7fffffff
7fffffff
7fffffff
7fffffff
7fffffff
7fffffff
7fffffff
7fffffff
7fffffff
7fffffff
7fffffff
7fffffff
7fffffff
7fffffff
7fffffff
7fffffff
7fffffff
7fffffff
7fffffff
7fffffff
7fffffff
7fffffff
7fffffff
7fffffff
7fffffff
7fffffff
7fffffff
7fffffff
7fffffff
7fffffff
7fffffff
7fffffff
7fffffff
7fffffff
7fffffff
7fffffff
7fffffff
7fffffff
7fffffff
7fffffff
7fffffff
7fffffff
7fffffff
7fffffff
7fffffff
7fffffff
7fffffff
7fffffff
7fffffff
7fffffff
7fffffff
7fffffff
7fffffff
7fffffff
7fffffff
7fffffff
7fffffff
7fffffff
7fffffff
7fffffff
7fffffff
7fffffff
7fffffff
7fffffff
7fffffff
7fffffff
7fffffff
7fffffff
7fffffff
7fffffff
7fffffff
7fffffff
7fffffff
7fffffff
7fffffff
7fffffff
7fffffff
7fffffff
7fffffff
7fffffff
7fffffff
7fffffff
7fffffff
7fffffff
7fffffff
7fffffff
7fffffff
7fffffff
7fffffff
7fffffff
7fffffff
7fffffff
7fffffff
7fffffff
7fffffff
7fffffff
7fffffff
7fffffff
7fffffff
7fffffff
7fffffff
7fffffff
7fffffff
7fffffff
7fffffff
7fffffff
7fffffff
7fffffff
7fffffff
7fffffff
7fffffff
7fffffff
7fffffff
7fffffff
7fffffff
7fffffff
7fffffff
7fffffff
7fffffff
7fffffff
7fffffff
7fffffff
7fffffff
7fffffff
7fffffff
7fffffff
7fffffff
7fffffff
7fffffff
7fffffff
7fffffff
7fffffff
7fffffff
7fffffff
7fffffff
7fffffff
7fffffff
7fffffff
7fffffff
7fffffff
7fffffff
7fffffff
7fffffff
7fffffff
7fffffff
7fffffff
7fffffff
7fffffff
7fffffff
7fffffff
7fffffff
7fffffff
7fffffff
7fffffff
7fffffff
7fffffff
7fffffff
7fffffff
7fffffff
7fffffff
7fffffff
7fffffff
7fffffff
7fffffff
7fffffff
7fffffff
7fffffff
7fffffff
7fffffff
7fffffff
7fffffff
7fffffff
7fffffff
7fffffff
7fffffff
7fffffff
7fffffff
7fffffff
7fffffff
7fffffff
7fffffff
7fffffff
7fffffff
7fffffff
7fffffff
7fffffff
7fffffff
7fffffff
7fffffff
7fffffff
7fffffff
7fffffff
7fffffff
7fffffff
7fffffff
7fffffff
7fffffff
7fffffff
7fffffff
7fffffff
7fffffff
7fffffff
7fffffff
7fffffff
7fffffff
7fffffff
7fffffff
7fffffff
7fffffff
7fffffff
7fffffff
7fffffff
7fffffff
7fffffff
7fffffff
7fffffff
7fffffff
7fffffff
7fffffff
7fffffff
7fffffff
7fffffff
7fffffff
7fffffff
7fffffff
7fffffff
7fffffff
7fffffff
7fffffff
7fffffff
7fffffff
7fffffff
7fffffff
7fffffff
7fffffff
7fffffff
7fffffff
7fffffff
7fffffff
7fffffff
7fffffff
7fffffff
7fffffff
7fffffff
7fffffff
7fffffff
7fffffff
7fffffff
7fffffff
7fffffff
7fffffff
7fffffff
7fffffff
7fffffff
7fffffff
7fffffff
7fffffff
7fffffff
7fffffff
7fffffff
7fffffff
7fffffff
7fffffff
7fffffff
7fffffff
7fffffff
7fffffff
7fffffff
7fffffff
7fffffff
7fffffff
7fffffff
7fffffff
7fffffff
7fffffff
7fffffff
7fffffff
7fffffff
7fffffff
7fffffff
7fffffff
7fffffff
7fffffff
7fffffff
7fffffff
7fffffff
7fffffff
7fffffff
7fffffff
7fffffff
7fffffff
7fffffff
7fffffff
7fffffff
7fffffff
7fffffff
7fffffff
7fffffff
7fffffff
7fffffff
7fffffff
7fffffff
7fffffff
7fffffff
7fffffff
7fffffff
7fffffff
7fffffff
7fffffff
7fffffff
7fffffff
7fffffff
7fffffff
7fffffff
7fffffff
7fffffff
7fffffff
7fffffff
7fffffff
7fffffff
7fffffff
7fffffff
7fffffff
7fffffff
7fffffff
7fffffff
7fffffff
7fffffff
7fffffff
7fffffff
7fffffff
7fffffff
7fffffff
7fffffff
7fffffff
7fffffff
7fffffff
7fffffff
7fffffff
7fffffff
7fffffff
7fffffff
7fffffff
7fffffff
7fffffff
7fffffff
7fffffff
7fffffff
7fffffff
7fffffff
7fffffff
7fffffff
7fffffff
7fffffff
7fffffff
7fffffff
7fffffff
7fffffff
7fffffff
7fffffff
7fffffff
7fffffff
7fffffff
7fffffff
7fffffff
7fffffff
7fffffff
7fffffff
7fffffff
7fffffff
7fffffff
7fffffff
7fffffff
7fffffff
7fffffff
7fffffff
7fffffff
7fffffff
7fffffff
7fffffff
7fffffff
7fffffff
7fffffff
7fffffff
7fffffff
7fffffff
7fffffff
7fffffff
7fffffff
7fffffff
7fffffff
7fffffff
7fffffff
7fffffff
7fffffff
7fffffff
7fffffff
7fffffff
7fffffff
7fffffff
7fffffff
7fffffff
7fffffff
7fffffff
7fffffff
7fffffff
7fffffff
7fffffff
7fffffff
7fffffff
7fffffff
7fffffff
7fffffff
7fffffff
7fffffff
7fffffff
7fffffff
7fffffff
7fffffff
7fffffff
7fffffff
7fffffff
7fffffff
7fffffff
7fffffff
7fffffff
7fffffff
7fffffff
7fffffff
7fffffff
7fffffff
7fffffff
7fffffff
7fffffff
7fffffff
7fffffff
7fffffff
7fffffff
7fffffff
7fffffff
7fffffff
7fffffff
7fffffff
7fffffff
7fffffff
7fffffff
7fffffff
7fffffff
7fffffff
7fffffff
7fffffff
7fffffff
7fffffff
7fffffff
7fffffff
7fffffff
7fffffff
7fffffff
7fffffff
7fffffff
7fffffff
7fffffff
7fffffff
7fffffff
7fffffff
7fffffff
7fffffff
7fffffff
7fffffff
7fffffff
7fffffff
7fffffff
7fffffff
7fffffff
7fffffff
7fffffff
7fffffff
7fffffff
7fffffff
7fffffff
7fffffff
7fffffff
7fffffff
7fffffff
7fffffff
7fffffff
7fffffff
7fffffff
7fffffff
7fffffff
7fffffff
7fffffff
7fffffff
7fffffff
7fffffff
7fffffff
7fffffff
7fffffff
7fffffff
7fffffff
7fffffff
7fffffff
7fffffff
7fffffff
7fffffff
7fffffff
7fffffff
7fffffff
7fffffff
7fffffff
7fffffff
7fffffff
7fffffff
7fffffff
7fffffff
7fffffff
7fffffff
7fffffff
7fffffff
7fffffff
7fffffff
7fffffff
7fffffff
7fffffff
7fffffff
7fffffff
7fffffff
7fffffff
7fffffff
7fffffff
7fffffff
7fffffff
7fffffff
7fffffff
7fffffff
7fffffff
7fffffff
7fffffff
7fffffff
7fffffff
7fffffff
7fffffff
7fffffff
7fffffff
7fffffff
7fffffff
7fffffff
7fffffff
7fffffff
7fffffff
7fffffff
7fffffff
7fffffff
7fffffff
7fffffff
7fffffff
7fffffff
7fffffff
7fffffff
7fffffff
7fffffff
7fffffff
7fffffff
7fffffff
7fffffff
7fffffff
7fffffff
7fffffff
7fffffff
7fffffff
7fffffff
7fffffff
7fffffff
7fffffff
7fffffff
7fffffff
7fffffff
7fffffff
7fffffff
7fffffff
7fffffff
7fffffff
7fffffff
7fffffff
7fffffff
7fffffff
7fffffff
7fffffff
7fffffff
7fffffff
7fffffff
7fffffff
7fffffff
7fffffff
7fffffff
7fffffff
7fffffff
7fffffff
7fffffff
7fffffff
7fffffff
7fffffff
7fffffff
7fffffff
7fffffff
7fffffff
7fffffff
7fffffff
7fffffff
7fffffff
7fffffff
7fffffff
7fffffff
7fffffff
7fffffff
7fffffff
7fffffff
7fffffff
7fffffff
7fffffff
7fffffff
7fffffff
7fffffff
7fffffff
7fffffff
7fffffff
7fffffff
7fffffff
7fffffff
7fffffff
7fffffff
7fffffff
7fffffff
7fffffff
7fffffff
7fffffff
7fffffff
7fffffff
7fffffff
7fffffff
7fffffff
7fffffff
7fffffff
7fffffff
7fffffff
7fffffff
7fffffff
7fffffff
7fffffff
7fffffff
7fffffff
7fffffff
7fffffff
7fffffff
7fffffff
7fffffff
7fffffff
7fffffff
7fffffff
7fffffff
7fffffff
7fffffff
7fffffff
7fffffff
7fffffff
7fffffff
7fffffff
7fffffff
7fffffff
7fffffff
7fffffff
7fffffff
7fffffff
7fffffff
7fffffff
7fffffff
7fffffff
7fffffff
7fffffff
7fffffff
7fffffff
7fffffff
7fffffff
7fffffff
7fffffff
7fffffff
7fffffff
7fffffff
7fffffff
7fffffff
7fffffff
7fffffff
7fffffff
7fffffff
7fffffff
7fffffff
7fffffff
7fffffff
7fffffff
7fffffff
7fffffff
7fffffff
7fffffff
7fffffff
7fffffff
7fffffff
7fffffff
7fffffff
7fffffff
7fffffff
7fffffff
7fffffff
7fffffff
7fffffff
7fffffff
7fffffff
7fffffff
7fffffff
7fffffff
7fffffff
7fffffff
7fffffff
7fffffff
7fffffff
7fffffff
7fffffff
7fffffff
7fffffff
7fffffff
7fffffff
7fffffff
7fffffff
7fffffff
7fffffff
7fffffff
7fffffff
7fffffff
7fffffff
7fffffff
7fffffff
7fffffff
7fffffff
7fffffff
7fffffff
7fffffff
7fffffff
7fffffff
7fffffff
7fffffff
7fffffff
7fffffff
7fffffff
7fffffff
7fffffff
7fffffff
7fffffff
7fffffff
7fffffff
7fffffff
7fffffff
7fffffff
7fffffff
7fffffff
7fffffff
7fffffff
7fffffff
7fffffff
7fffffff
7fffffff
7fffffff
7fffffff
7fffffff
7fffffff
7fffffff
7fffffff
7fffffff
7fffffff
7fffffff
7fffffff
7fffffff
7fffffff
7fffffff
7fffffff
7fffffff
7fffffff
7fffffff
7fffffff
7fffffff
7fffffff
7fffffff
7fffffff
7fffffff
7fffffff
7fffffff
7fffffff
7fffffff
7fffffff
7fffffff
7fffffff
7fffffff
7fffffff
7fffffff
7fffffff
7fffffff
7fffffff
7fffffff
7fffffff
7fffffff
7fffffff
7fffffff
7fffffff
7fffffff
7fffffff
7fffffff
7fffffff
7fffffff
7fffffff
7fffffff
7fffffff
7fffffff
7fffffff
7fffffff
7fffffff
7fffffff
7fffffff
7fffffff
7fffffff
7fffffff
7fffffff
7fffffff
7fffffff
7fffffff
7fffffff
7fffffff
7fffffff
7fffffff
7fffffff
7fffffff
7fffffff
7fffffff
7fffffff
7fffffff
7fffffff
7fffffff
7fffffff
7fffffff
7fffffff
7fffffff
7fffffff
7fffffff
7fffffff
7fffffff
7fffffff
7fffffff
7fffffff
7fffffff
7fffffff
7fffffff
7fffffff
7fffffff
7fffffff
7fffffff
7fffffff
7fffffff
7fffffff
7fffffff
7fffffff
7fffffff
7fffffff
7fffffff
7fffffff
7fffffff
7fffffff
7fffffff
7fffffff
7fffffff
7fffffff
7fffffff
7fffffff
7fffffff
7fffffff
7fffffff
7fffffff
7fffffff
7fffffff
7fffffff
7fffffff
7fffffff
7fffffff
7fffffff
7fffffff
7fffffff
7fffffff
7fffffff
7fffffff
7fffffff
7fffffff
7fffffff
7fffffff
7fffffff
7fffffff
7fffffff
7fffffff
7fffffff
7fffffff
7fffffff
7fffffff
7fffffff
7fffffff
7fffffff
7fffffff
7fffffff
7fffffff
7fffffff
7fffffff
7fffffff
7fffffff
7fffffff
7fffffff
7fffffff
7fffffff
7fffffff
7fffffff
7fffffff
7fffffff
7fffffff
7fffffff
7fffffff
7fffffff
7fffffff
7fffffff
7fffffff
7fffffff
7fffffff
7fffffff
7fffffff
7fffffff
7fffffff
7fffffff
7fffffff
7fffffff
7fffffff
7fffffff
7fffffff
7fffffff
7fffffff
7fffffff
7fffffff
7fffffff
7fffffff
7fffffff
7fffffff
7fffffff
7fffffff
7fffffff
7fffffff
7fffffff
7fffffff
7fffffff
7fffffff
7fffffff
7fffffff
7fffffff
7fffffff
7fffffff
7fffffff
7fffffff
7fffffff
7fffffff
7fffffff
7fffffff
7fffffff
7fffffff
7fffffff
7fffffff
7fffffff
7fffffff
7fffffff
7fffffff
7fffffff
7fffffff
7fffffff
7fffffff
7fffffff
7fffffff
7fffffff
7fffffff
7fffffff
7fffffff
7fffffff
7fffffff
7fffffff
7fffffff
7fffffff
7fffffff
7fffffff
7fffffff
7fffffff
7fffffff
7fffffff
7fffffff
7fffffff
7fffffff
7fffffff
7fffffff
7fffffff
7fffffff
7fffffff
7fffffff
7fffffff
7fffffff
7fffffff
7fffffff
7fffffff
7fffffff
7fffffff
7fffffff
7fffffff
7fffffff
7fffffff
7fffffff
7fffffff
7fffffff
7fffffff
7fffffff
7fffffff
7fffffff
7fffffff
7fffffff
7fffffff
7fffffff
7fffffff
7fffffff
7fffffff
7fffffff
7fffffff
7fffffff
7fffffff
7fffffff
7fffffff
7fffffff
7fffffff
7fffffff
7fffffff
7fffffff
7fffffff
7fffffff
7fffffff
7fffffff
7fffffff
7fffffff
7fffffff
7fffffff
7fffffff
7fffffff
7fffffff
7fffffff
7fffffff
7fffffff
7fffffff
7fffffff
7fffffff
7fffffff
7fffffff
7fffffff
7fffffff
7fffffff
7fffffff
7fffffff
7fffffff
7fffffff
7fffffff
7fffffff
7fffffff
7fffffff
7fffffff
7fffffff
7fffffff
7fffffff
7fffffff
7fffffff
7fffffff
7fffffff
7fffffff
7fffffff
7fffffff
7fffffff
7fffffff
7fffffff
7fffffff
7fffffff
7fffffff
7fffffff
7fffffff
7fffffff
7fffffff
7fffffff
7fffffff
7fffffff
7fffffff
7fffffff
7fffffff
7fffffff
7fffffff
7fffffff
7fffffff
7fffffff
7fffffff
7fffffff
7fffffff
7fffffff
7fffffff
7fffffff
7fffffff
7fffffff
7fffffff
7fffffff
7fffffff
7fffffff
7fffffff
7fffffff
7fffffff
7fffffff
7fffffff
7fffffff
7fffffff
7fffffff
7fffffff
7fffffff
7fffffff
7fffffff
7fffffff
7fffffff
7fffffff
7fffffff
7fffffff
7fffffff
7fffffff
7fffffff
7fffffff
7fffffff
7fffffff
7fffffff
7fffffff
7fffffff
7fffffff
7fffffff
7fffffff
7fffffff
7fffffff
7fffffff
7fffffff
7fffffff
7fffffff
7fffffff
7fffffff
7fffffff
7fffffff
7fffffff
7fffffff
7fffffff
7fffffff
7fffffff
7fffffff
7fffffff
7fffffff
7fffffff
7fffffff
7fffffff
7fffffff
7fffffff
7fffffff
7fffffff
7fffffff
7fffffff
7fffffff
7fffffff
7fffffff
7fffffff
7fffffff
7fffffff
7fffffff
7fffffff
7fffffff
7fffffff
7fffffff
7fffffff
7fffffff
7fffffff
7fffffff
7fffffff
7fffffff
7fffffff
7fffffff
7fffffff
7fffffff
7fffffff
7fffffff
7fffffff
7fffffff
7fffffff
7fffffff
7fffffff
7fffffff
7fffffff
7fffffff
7fffffff
7fffffff
7fffffff
7fffffff
7fffffff
7fffffff
7fffffff
7fffffff
7fffffff
7fffffff
7fffffff
7fffffff
7fffffff
7fffffff
7fffffff
7fffffff
7fffffff
7fffffff
7fffffff
7fffffff
7fffffff
7fffffff
7fffffff
7fffffff
7fffffff
7fffffff
7fffffff
7fffffff
7fffffff
7fffffff
7fffffff
7fffffff
7fffffff
7fffffff
7fffffff
7fffffff
7fffffff
7fffffff
7fffffff
7fffffff
7fffffff
7fffffff
7fffffff
7fffffff
7fffffff
7fffffff
7fffffff
7fffffff
7fffffff
7fffffff
7fffffff
7fffffff
7fffffff
7fffffff
7fffffff
7fffffff
7fffffff
7fffffff
7fffffff
7fffffff
7fffffff
7fffffff
7fffffff
7fffffff
7fffffff
7fffffff
7fffffff
7fffffff
7fffffff
7fffffff
7fffffff
7fffffff
7fffffff
7fffffff
7fffffff
7fffffff
7fffffff
7fffffff
7fffffff
7fffffff
7fffffff
7fffffff
7fffffff
7fffffff
7fffffff
7fffffff
7fffffff
7fffffff
7fffffff
7fffffff
7fffffff
7fffffff
7fffffff
7fffffff
7fffffff
7fffffff
7fffffff
7fffffff
7fffffff
7fffffff
7fffffff
7fffffff
7fffffff
7fffffff
7fffffff
7fffffff
7fffffff
7fffffff
7fffffff
7fffffff
7fffffff
7fffffff
7fffffff
7fffffff
7fffffff
7fffffff
7fffffff
7fffffff
7fffffff
7fffffff
7fffffff
7fffffff
7fffffff
7fffffff
7fffffff
7fffffff
7fffffff
7fffffff
7fffffff
7fffffff
7fffffff
7fffffff
7fffffff
7fffffff
7fffffff
7fffffff
7fffffff
7fffffff
7fffffff
7fffffff
7fffffff
7fffffff
7fffffff
7fffffff
7fffffff
7fffffff
7fffffff
7fffffff
7fffffff
7fffffff
7fffffff
7fffffff
7fffffff
7fffffff
7fffffff
7fffffff
7fffffff
7fffffff
7fffffff
7fffffff
7fffffff
7fffffff
7fffffff
7fffffff
7fffffff
7fffffff
7fffffff
7fffffff
7fffffff
7fffffff
7fffffff
7fffffff
7fffffff
7fffffff
7fffffff
7fffffff
7fffffff
7fffffff
7fffffff
7fffffff
7fffffff
7fffffff
7fffffff
7fffffff
7fffffff
7fffffff
7fffffff
7fffffff
7fffffff
7fffffff
7fffffff
7fffffff
7fffffff
7fffffff
7fffffff
7fffffff
7fffffff
7fffffff
7fffffff
7fffffff
7fffffff
7fffffff
7fffffff
7fffffff
7fffffff
7fffffff
7fffffff
7fffffff
7fffffff
7fffffff
7fffffff
7fffffff
7fffffff
7fffffff
7fffffff
7fffffff
7fffffff
7fffffff
7fffffff
7fffffff
7fffffff
7fffffff
7fffffff
7fffffff
7fffffff
7fffffff
7fffffff
7fffffff
7fffffff
7fffffff
7fffffff
7fffffff
7fffffff
7fffffff
7fffffff
7fffffff
7fffffff
7fffffff
7fffffff
7fffffff
7fffffff
7fffffff
7fffffff
7fffffff
7fffffff
7fffffff
7fffffff
7fffffff
7fffffff
7fffffff
7fffffff
7fffffff
7fffffff
7fffffff
7fffffff
7fffffff
7fffffff
7fffffff
7fffffff
7fffffff
7fffffff
7fffffff
7fffffff
7fffffff
7fffffff
7fffffff
7fffffff
7fffffff
7fffffff
7fffffff
7fffffff
7fffffff
7fffffff
7fffffff
7fffffff
7fffffff
7fffffff
7fffffff
7fffffff
7fffffff
7fffffff
7fffffff
7fffffff
7fffffff
7fffffff
7fffffff
7fffffff
7fffffff
7fffffff
7fffffff
7fffffff
7fffffff
7fffffff
7fffffff
7fffffff
7fffffff
7fffffff
7fffffff
7fffffff
7fffffff
7fffffff
7fffffff
7fffffff
7fffffff
7fffffff
7fffffff
7fffffff
7fffffff
7fffffff
7fffffff
7fffffff
7fffffff
7fffffff
7fffffff
7fffffff
7fffffff
7fffffff
7fffffff
7fffffff
7fffffff
7fffffff
7fffffff
7fffffff
7fffffff
7fffffff
7fffffff
7fffffff
7fffffff
7fffffff
7fffffff
7fffffff
7fffffff
7fffffff
7fffffff
7fffffff
7fffffff
7fffffff
7fffffff
7fffffff
7fffffff
7fffffff
7fffffff
7fffffff
7fffffff
7fffffff
7fffffff
7fffffff
7fffffff
7fffffff
7fffffff
7fffffff
7fffffff
7fffffff
7fffffff
7fffffff
7fffffff
7fffffff
7fffffff
7fffffff
7fffffff
7fffffff
7fffffff
7fffffff
7fffffff
7fffffff
7fffffff
7fffffff
7fffffff
7fffffff
7fffffff
7fffffff
7fffffff
7fffffff
7fffffff
7fffffff
7fffffff
7fffffff
7fffffff
7fffffff
7fffffff
7fffffff
7fffffff
7fffffff
7fffffff
7fffffff
7fffffff
7fffffff
7fffffff
7fffffff
7fffffff
7fffffff
7fffffff
7fffffff
7fffffff
7fffffff
7fffffff
7fffffff
7fffffff
7fffffff
7fffffff
7fffffff
7fffffff
7fffffff
7fffffff
7fffffff
7fffffff
7fffffff
7fffffff
7fffffff
7fffffff
7fffffff
7fffffff
7fffffff
7fffffff
7fffffff
7fffffff
7fffffff
7fffffff
7fffffff
7fffffff
7fffffff
7fffffff
7fffffff
7fffffff
7fffffff
7fffffff
7fffffff
7fffffff
7fffffff
7fffffff
7fffffff
7fffffff
7fffffff
7fffffff
7fffffff
7fffffff
7fffffff
7fffffff
7fffffff
7fffffff
7fffffff
7fffffff
7fffffff
7fffffff
7fffffff
7fffffff
7fffffff
7fffffff
7fffffff
7fffffff
7fffffff
7fffffff
7fffffff
7fffffff
7fffffff
7fffffff
7fffffff
7fffffff
7fffffff
7fffffff
7fffffff
7fffffff
7fffffff
7fffffff
7fffffff
7fffffff
7fffffff
7fffffff
7fffffff
7fffffff
7fffffff
7fffffff
7fffffff
7fffffff
7fffffff
7fffffff
7fffffff
7fffffff
7fffffff
7fffffff
7fffffff
7fffffff
7fffffff
7fffffff
7fffffff
7fffffff
7fffffff
7fffffff
7fffffff
7fffffff
7fffffff
7fffffff
7fffffff
7fffffff
7fffffff
7fffffff
7fffffff
7fffffff
7fffffff
7fffffff
7fffffff
7fffffff
7fffffff
7fffffff
7fffffff
7fffffff
7fffffff
7fffffff
7fffffff
7fffffff
7fffffff
7fffffff
7fffffff
7fffffff
7fffffff
7fffffff
7fffffff
7fffffff
7fffffff
7fffffff
7fffffff
7fffffff
7fffffff
7fffffff
7fffffff
7fffffff
7fffffff
7fffffff
7fffffff
7fffffff
7fffffff
7fffffff
7fffffff
7fffffff
7fffffff
7fffffff
7fffffff
7fffffff
7fffffff
7fffffff
7fffffff
7fffffff
7fffffff
7fffffff
7fffffff
7fffffff
7fffffff
7fffffff
7fffffff
7fffffff
7fffffff
7fffffff
7fffffff
7fffffff
7fffffff
7fffffff
7fffffff
7fffffff
7fffffff
7fffffff
7fffffff
7fffffff
7fffffff
7fffffff
7fffffff
7fffffff
7fffffff
7fffffff
7fffffff
7fffffff
7fffffff
7fffffff
7fffffff
7fffffff
7fffffff
7fffffff
7fffffff
7fffffff
7fffffff
7fffffff
7fffffff
7fffffff
7fffffff
7fffffff
7fffffff
7fffffff
7fffffff
7fffffff
7fffffff
7fffffff
7fffffff
7fffffff
7fffffff
7fffffff
7fffffff
7fffffff
7fffffff
7fffffff
7fffffff
7fffffff
7fffffff
7fffffff
7fffffff
7fffffff
7fffffff
7fffffff
7fffffff
7fffffff
7fffffff
7fffffff
7fffffff
7fffffff
7fffffff
7fffffff
7fffffff
7fffffff
7fffffff
7fffffff
7fffffff
7fffffff
7fffffff
7fffffff
7fffffff
7fffffff
7fffffff
7fffffff
7fffffff
7fffffff
7fffffff
7fffffff
7fffffff
7fffffff
7fffffff
7fffffff
7fffffff
7fffffff
7fffffff
7fffffff
7fffffff
7fffffff
7fffffff
7fffffff
7fffffff
7fffffff
7fffffff
7fffffff
7fffffff
7fffffff
7fffffff
7fffffff
7fffffff
7fffffff
7fffffff
7fffffff
7fffffff
7fffffff
7fffffff
7fffffff
7fffffff
7fffffff
7fffffff
7fffffff
7fffffff
7fffffff
7fffffff
7fffffff
7fffffff
7fffffff
7fffffff
7fffffff
7fffffff
7fffffff
7fffffff
7fffffff
7fffffff
7fffffff
7fffffff
7fffffff
7fffffff
7fffffff
7fffffff
7fffffff
7fffffff
7fffffff
7fffffff
7fffffff
7fffffff
7fffffff
7fffffff
7fffffff
7fffffff
7fffffff
7fffffff
7fffffff
7fffffff
7fffffff
7fffffff
7fffffff
7fffffff
7fffffff
7fffffff
7fffffff
7fffffff
7fffffff
7fffffff
7fffffff
7fffffff
7fffffff
7fffffff
7fffffff
7fffffff
7fffffff
7fffffff
7fffffff
7fffffff
7fffffff
7fffffff
7fffffff
7fffffff
7fffffff
7fffffff
7fffffff
7fffffff
7fffffff
7fffffff
7fffffff
7fffffff
7fffffff
7fffffff
7fffffff
7fffffff
7fffffff
7fffffff
7fffffff
7fffffff
7fffffff
7fffffff
7fffffff
7fffffff
7fffffff
7fffffff
7fffffff
7fffffff
7fffffff
7fffffff
7fffffff
7fffffff
7fffffff
7fffffff
7fffffff
7fffffff
7fffffff
7fffffff
7fffffff
7fffffff
7fffffff
7fffffff
7fffffff
7fffffff
7fffffff
7fffffff
7fffffff
7fffffff
7fffffff
7fffffff
7fffffff
7fffffff
7fffffff
7fffffff
7fffffff
7fffffff
7fffffff
7fffffff
7fffffff
7fffffff
7fffffff
7fffffff
7fffffff
7fffffff
7fffffff
7fffffff
7fffffff
7fffffff
7fffffff
7fffffff
7fffffff
7fffffff
7fffffff
7fffffff
7fffffff
7fffffff
7fffffff
7fffffff
7fffffff
7fffffff
7fffffff
7fffffff
7fffffff
7fffffff
7fffffff
7fffffff
7fffffff
7fffffff
7fffffff
7fffffff
7fffffff
7fffffff
7fffffff
7fffffff
7fffffff
7fffffff
7fffffff
7fffffff
7fffffff
7fffffff
7fffffff
7fffffff
7fffffff
7fffffff
7fffffff
7fffffff
7fffffff
7fffffff
7fffffff
7fffffff
7fffffff
7fffffff
7fffffff
7fffffff
7fffffff
7fffffff
7fffffff
7fffffff
7fffffff
7fffffff
7fffffff
7fffffff
7fffffff
7fffffff
7fffffff
7fffffff
7fffffff
7fffffff
7fffffff
7fffffff
7fffffff
7fffffff
7fffffff
7fffffff
7fffffff
7fffffff
7fffffff
7fffffff
7fffffff
7fffffff
7fffffff
7fffffff
7fffffff
7fffffff
7fffffff
7fffffff
7fffffff
7fffffff
7fffffff
7fffffff
7fffffff
7fffffff
7fffffff
7fffffff
7fffffff
7fffffff
7fffffff
7fffffff
7fffffff
7fffffff
7fffffff
7fffffff
7fffffff
7fffffff
7fffffff
7fffffff
7fffffff
7fffffff
7fffffff
7fffffff
7fffffff
7fffffff
7fffffff
7fffffff
7fffffff
7fffffff
7fffffff
7fffffff
7fffffff
7fffffff
7fffffff
7fffffff
7fffffff
7fffffff
7fffffff
7fffffff
7fffffff
7fffffff
7fffffff
7fffffff
7fffffff
7fffffff
7fffffff
7fffffff
7fffffff
7fffffff
7fffffff
7fffffff
7fffffff
7fffffff
7fffffff
7fffffff
7fffffff
7fffffff
7fffffff
7fffffff
7fffffff
7fffffff
7fffffff
7fffffff
7fffffff
7fffffff
7fffffff
7fffffff
7fffffff
7fffffff
7fffffff
7fffffff
7fffffff
7fffffff
7fffffff
7fffffff
7fffffff
7fffffff
7fffffff
7fffffff
7fffffff
7fffffff
7fffffff
7fffffff
7fffffff
7fffffff
7fffffff
7fffffff
7fffffff
7fffffff
7fffffff
7fffffff
7fffffff
7fffffff
7fffffff
7fffffff
7fffffff
7fffffff
7fffffff
7fffffff
7fffffff
7fffffff
7fffffff
7fffffff
7fffffff
7fffffff
7fffffff
7fffffff
7fffffff
7fffffff
7fffffff
7fffffff
7fffffff
7fffffff
7fffffff
7fffffff
7fffffff
7fffffff
7fffffff
7fffffff
7fffffff
7fffffff
7fffffff
7fffffff
7fffffff
7fffffff
7fffffff
7fffffff
7fffffff
7fffffff
7fffffff
7fffffff
7fffffff
7fffffff
7fffffff
7fffffff
7fffffff
7fffffff
7fffffff
7fffffff
7fffffff
7fffffff
7fffffff
7fffffff
7fffffff
7fffffff
7fffffff
7fffffff
7fffffff
7fffffff
7fffffff
7fffffff
7fffffff
7fffffff
7fffffff
7fffffff
7fffffff
7fffffff
7fffffff
7fffffff
7fffffff
7fffffff
7fffffff
7fffffff
7fffffff
7fffffff
7fffffff
7fffffff
7fffffff
7fffffff
7fffffff
7fffffff
7fffffff
7fffffff
7fffffff
7fffffff
7fffffff
7fffffff
7fffffff
7fffffff
7fffffff
7fffffff
7fffffff
7fffffff
7fffffff
7fffffff
7fffffff
7fffffff
7fffffff
7fffffff
7fffffff
7fffffff
7fffffff
7fffffff
7fffffff
7fffffff
7fffffff
7fffffff
7fffffff
7fffffff
7fffffff
7fffffff
7fffffff
7fffffff
7fffffff
7fffffff
7fffffff
7fffffff
7fffffff
7fffffff
7fffffff
7fffffff
7fffffff
7fffffff
7fffffff
7fffffff
7fffffff
7fffffff
7fffffff
7fffffff
7fffffff
7fffffff
7fffffff
7fffffff
7fffffff
7fffffff
7fffffff
7fffffff
7fffffff
7fffffff
7fffffff
7fffffff
7fffffff
7fffffff
7fffffff
7fffffff
7fffffff
7fffffff
7fffffff
7fffffff
7fffffff
7fffffff
7fffffff
7fffffff
7fffffff
7fffffff
7fffffff
7fffffff
7fffffff
7fffffff
7fffffff
7fffffff
7fffffff
7fffffff
7fffffff
7fffffff
7fffffff
7fffffff
7fffffff
7fffffff
7fffffff
7fffffff
7fffffff
7fffffff
7fffffff
7fffffff
7fffffff
7fffffff
7fffffff
7fffffff
7fffffff
7fffffff
7fffffff
7fffffff
7fffffff
7fffffff
7fffffff
7fffffff
7fffffff
7fffffff
7fffffff
7fffffff
7fffffff
7fffffff
7fffffff
7fffffff
7fffffff
7fffffff
7fffffff
7fffffff
7fffffff
7fffffff
7fffffff
7fffffff
7fffffff
7fffffff
7fffffff
7fffffff
7fffffff
7fffffff
7fffffff
7fffffff
7fffffff
7fffffff
7fffffff
7fffffff
7fffffff
7fffffff
7fffffff
7fffffff
7fffffff
7fffffff
7fffffff
7fffffff
7fffffff
7fffffff
7fffffff
7fffffff
7fffffff
7fffffff
7fffffff
7fffffff
7fffffff
7fffffff
7fffffff
7fffffff
7fffffff
7fffffff
7fffffff
7fffffff
7fffffff
7fffffff
7fffffff
7fffffff
7fffffff
7fffffff
7fffffff
7fffffff
7fffffff
7fffffff
7fffffff
7fffffff
7fffffff
7fffffff
7fffffff
7fffffff
7fffffff
7fffffff
7fffffff
7fffffff
7fffffff
7fffffff
7fffffff
7fffffff
7fffffff
7fffffff
7fffffff
7fffffff
7fffffff
7fffffff
7fffffff
7fffffff
7fffffff
7fffffff
7fffffff
7fffffff
7fffffff
7fffffff
7fffffff
7fffffff
7fffffff
7fffffff
7fffffff
7fffffff
7fffffff
7fffffff
7fffffff
7fffffff
7fffffff
7fffffff
7fffffff
7fffffff
7fffffff
7fffffff
7fffffff
7fffffff
7fffffff
7fffffff
7fffffff
7fffffff
7fffffff
7fffffff
7fffffff
7fffffff
7fffffff
7fffffff
7fffffff
7fffffff
7fffffff
7fffffff
7fffffff
7fffffff
7fffffff
7fffffff
7fffffff
7fffffff
7fffffff
7fffffff
7fffffff
7fffffff
7fffffff
7fffffff
7fffffff
7fffffff
7fffffff
7fffffff
7fffffff
7fffffff
7fffffff
7fffffff
7fffffff
7fffffff
7fffffff
7fffffff
7fffffff
7fffffff
7fffffff
7fffffff
7fffffff
7fffffff
7fffffff
7fffffff
7fffffff
7fffffff
7fffffff
7fffffff
7fffffff
7fffffff
7fffffff
7fffffff
7fffffff
7fffffff
7fffffff
7fffffff
7fffffff
7fffffff
7fffffff
7fffffff
7fffffff
7fffffff
7fffffff
7fffffff
7fffffff
7fffffff
7fffffff
7fffffff
7fffffff
7fffffff
7fffffff
7fffffff
7fffffff
7fffffff
7fffffff
7fffffff
7fffffff
7fffffff
7fffffff
7fffffff
7fffffff
7fffffff
7fffffff
7fffffff
7fffffff
7fffffff
7fffffff
7fffffff
7fffffff
7fffffff
7fffffff
7fffffff
7fffffff
7fffffff
7fffffff
7fffffff
7fffffff
7fffffff
7fffffff
7fffffff
7fffffff
7fffffff
7fffffff
7fffffff
7fffffff
7fffffff
7fffffff
7fffffff
7fffffff
7fffffff
7fffffff
7fffffff
7fffffff
7fffffff
7fffffff
7fffffff
7fffffff
7fffffff
7fffffff
7fffffff
7fffffff
7fffffff
7fffffff
7fffffff
7fffffff
7fffffff
7fffffff
7fffffff
7fffffff
7fffffff
7fffffff
7fffffff
7fffffff
7fffffff
7fffffff
7fffffff
7fffffff
7fffffff
7fffffff
7fffffff
7fffffff
7fffffff
7fffffff
7fffffff
7fffffff
7fffffff
7fffffff
7fffffff
7fffffff
7fffffff
7fffffff
7fffffff
7fffffff
7fffffff
7fffffff
7fffffff
7fffffff
7fffffff
7fffffff
7fffffff
7fffffff
7fffffff
7fffffff
7fffffff
7fffffff
7fffffff
7fffffff
7fffffff
7fffffff
7fffffff
7fffffff
7fffffff
7fffffff
7fffffff
7fffffff
7fffffff
7fffffff
7fffffff
7fffffff
7fffffff
7fffffff
7fffffff
7fffffff
7fffffff
7fffffff
7fffffff
7fffffff
7fffffff
7fffffff
7fffffff
7fffffff
7fffffff
7fffffff
7fffffff
7fffffff
7fffffff
7fffffff
7fffffff
7fffffff
7fffffff
7fffffff
7fffffff
7fffffff
7fffffff
7fffffff
7fffffff
7fffffff
7fffffff
7fffffff
7fffffff
7fffffff
7fffffff
7fffffff
7fffffff
7fffffff
7fffffff
7fffffff
7fffffff
7fffffff
7fffffff
7fffffff
7fffffff
7fffffff
7fffffff
7fffffff
7fffffff
7fffffff
7fffffff
7fffffff
7fffffff
7fffffff
7fffffff
7fffffff
7fffffff
7fffffff
7fffffff
7fffffff
7fffffff
7fffffff
7fffffff
7fffffff
7fffffff
7fffffff
7fffffff
7fffffff
7fffffff
7fffffff
7fffffff
7fffffff
7fffffff
7fffffff
7fffffff
7fffffff
7fffffff
7fffffff
7fffffff
7fffffff
7fffffff
7fffffff
7fffffff
7fffffff
7fffffff
7fffffff
7fffffff
7fffffff
7fffffff
7fffffff
7fffffff
7fffffff
7fffffff
7fffffff
7fffffff
7fffffff
7fffffff
7fffffff
7fffffff
7fffffff
7fffffff
7fffffff
7fffffff
7fffffff
7fffffff
7fffffff
7fffffff
7fffffff
7fffffff
7fffffff
7fffffff
7fffffff
7fffffff
7fffffff
7fffffff
7fffffff
7fffffff
7fffffff
7fffffff
7fffffff
7fffffff
7fffffff
7fffffff
7fffffff
7fffffff
7fffffff
7fffffff
7fffffff
7fffffff
7fffffff
7fffffff
7fffffff
7fffffff
7fffffff
7fffffff
7fffffff
7fffffff
7fffffff
7fffffff
7fffffff
7fffffff
7fffffff
7fffffff
7fffffff
7fffffff
7fffffff
7fffffff
7fffffff
7fffffff
7fffffff
7fffffff
7fffffff
7fffffff
7fffffff
7fffffff
7fffffff
7fffffff
7fffffff
7fffffff
7fffffff
7fffffff
7fffffff
7fffffff
7fffffff
7fffffff
7fffffff
7fffffff
7fffffff
7fffffff
7fffffff
7fffffff
7fffffff
7fffffff
7fffffff
7fffffff
7fffffff
7fffffff
7fffffff
7fffffff
7fffffff
7fffffff
7fffffff
7fffffff
7fffffff
7fffffff
7fffffff
7fffffff
7fffffff
7fffffff
7fffffff
7fffffff
7fffffff
7fffffff
7fffffff
7fffffff
7fffffff
7fffffff
7fffffff
7fffffff
7fffffff
7fffffff
7fffffff
7fffffff
7fffffff
7fffffff
7fffffff
7fffffff
7fffffff
7fffffff
7fffffff
7fffffff
7fffffff
7fffffff
7fffffff
7fffffff
7fffffff
7fffffff
7fffffff
7fffffff
7fffffff
7fffffff
7fffffff
7fffffff
7fffffff
7fffffff
7fffffff
7fffffff
7fffffff
7fffffff
7fffffff
7fffffff
7fffffff
7fffffff
7fffffff
7fffffff
7fffffff
7fffffff
7fffffff
7fffffff
7fffffff
7fffffff
7fffffff
7fffffff
7fffffff
7fffffff
7fffffff
7fffffff
7fffffff
7fffffff
7fffffff
7fffffff
7fffffff
7fffffff
7fffffff
7fffffff
7fffffff
7fffffff
7fffffff
7fffffff
7fffffff
7fffffff
7fffffff
7fffffff
7fffffff
7fffffff
7fffffff
7fffffff
7fffffff
7fffffff
7fffffff
7fffffff
7fffffff
7fffffff
7fffffff
7fffffff
7fffffff
7fffffff
7fffffff
7fffffff
7fffffff
7fffffff
7fffffff
7fffffff
7fffffff
7fffffff
7fffffff
7fffffff
7fffffff
7fffffff
7fffffff
7fffffff
7fffffff
7fffffff
7fffffff
7fffffff
7fffffff
7fffffff
7fffffff
7fffffff
7fffffff
7fffffff
7fffffff
7fffffff
7fffffff
7fffffff
7fffffff
7fffffff
7fffffff
7fffffff
7fffffff
7fffffff
7fffffff
7fffffff
7fffffff
7fffffff
7fffffff
7fffffff
7fffffff
7fffffff
7fffffff
7fffffff
7fffffff
7fffffff
7fffffff
7fffffff
7fffffff
7fffffff
7fffffff
7fffffff
7fffffff
7fffffff
7fffffff
7fffffff
7fffffff
7fffffff
7fffffff
7fffffff
7fffffff
7fffffff
7fffffff
7fffffff
7fffffff
7fffffff
7fffffff
7fffffff
7fffffff
7fffffff
7fffffff
7fffffff
7fffffff
7fffffff
7fffffff
7fffffff
7fffffff
7fffffff
7fffffff
7fffffff
7fffffff
7fffffff
7fffffff
7fffffff
7fffffff
7fffffff
7fffffff
7fffffff
7fffffff
7fffffff
7fffffff
7fffffff
7fffffff
7fffffff
7fffffff
7fffffff
7fffffff
7fffffff
7fffffff
7fffffff
7fffffff
7fffffff
7fffffff
7fffffff
7fffffff
7fffffff
7fffffff
7fffffff
7fffffff
7fffffff
7fffffff
7fffffff
7fffffff
7fffffff
7fffffff
7fffffff
7fffffff
7fffffff
7fffffff
7fffffff
7fffffff
7fffffff
7fffffff
7fffffff
7fffffff
7fffffff
7fffffff
7fffffff
7fffffff
7fffffff
7fffffff
7fffffff
7fffffff
7fffffff
7fffffff
7fffffff
7fffffff
7fffffff
7fffffff
7fffffff
7fffffff
7fffffff
7fffffff
7fffffff
7fffffff
7fffffff
7fffffff
7fffffff
7fffffff
7fffffff
7fffffff
7fffffff
7fffffff
7fffffff
7fffffff
7fffffff
7fffffff
7fffffff
7fffffff
7fffffff
7fffffff
7fffffff
7fffffff
7fffffff
7fffffff
7fffffff
7fffffff
7fffffff
7fffffff
7fffffff
7fffffff
7fffffff
7fffffff
7fffffff
7fffffff
7fffffff
7fffffff
7fffffff
7fffffff
7fffffff
7fffffff
7fffffff
7fffffff
7fffffff
7fffffff
7fffffff
7fffffff
7fffffff
7fffffff
7fffffff
7fffffff
7fffffff
7fffffff
7fffffff
7fffffff
7fffffff
7fffffff
7fffffff
7fffffff
7fffffff
7fffffff
7fffffff
7fffffff
7fffffff
7fffffff
7fffffff
7fffffff
7fffffff
7fffffff
7fffffff
7fffffff
7fffffff
7fffffff
7fffffff
7fffffff
7fffffff
7fffffff
7fffffff
7fffffff
7fffffff
7fffffff
7fffffff
7fffffff
7fffffff
7fffffff
7fffffff
7fffffff
7fffffff
7fffffff
7fffffff
7fffffff
7fffffff
7fffffff
7fffffff
7fffffff
7fffffff
7fffffff
7fffffff
7fffffff
7fffffff
7fffffff
7fffffff
7fffffff
7fffffff
7fffffff
7fffffff
7fffffff
7fffffff
7fffffff
7fffffff
7fffffff
7fffffff
7fffffff
7fffffff
7fffffff
7fffffff
7fffffff
7fffffff
7fffffff
7fffffff
7fffffff
7fffffff
7fffffff
7fffffff
7fffffff
7fffffff
7fffffff
7fffffff
7fffffff
7fffffff
7fffffff
7fffffff
7fffffff
7fffffff
7fffffff
7fffffff
7fffffff
7fffffff
7fffffff
7fffffff
7fffffff
7fffffff
7fffffff
7fffffff
7fffffff
7fffffff
7fffffff
7fffffff
7fffffff
7fffffff
7fffffff
7fffffff
7fffffff
7fffffff
7fffffff
7fffffff
7fffffff
7fffffff
7fffffff
7fffffff
7fffffff
7fffffff
7fffffff
7fffffff
7fffffff
7fffffff
7fffffff
7fffffff
7fffffff
7fffffff
7fffffff
7fffffff
7fffffff
7fffffff
7fffffff
7fffffff
7fffffff
7fffffff
7fffffff
7fffffff
7fffffff
7fffffff
7fffffff
7fffffff
7fffffff
7fffffff
7fffffff
7fffffff
7fffffff
7fffffff
7fffffff
7fffffff
7fffffff
7fffffff
7fffffff
7fffffff
7fffffff
7fffffff
7fffffff
7fffffff
7fffffff
7fffffff
7fffffff
7fffffff
7fffffff
7fffffff
7fffffff
7fffffff
7fffffff
7fffffff
7fffffff
7fffffff
7fffffff
7fffffff
7fffffff
7fffffff
7fffffff
7fffffff
7fffffff
7fffffff
7fffffff
7fffffff
7fffffff
7fffffff
7fffffff
7fffffff
7fffffff
7fffffff
7fffffff
7fffffff
7fffffff
7fffffff
7fffffff
7fffffff
7fffffff
7fffffff
7fffffff
7fffffff
7fffffff
7fffffff
7fffffff
7fffffff
7fffffff
7fffffff
7fffffff
7fffffff
7fffffff
7fffffff
7fffffff
7fffffff
7fffffff
7fffffff
7fffffff
7fffffff
7fffffff
7fffffff
7fffffff
7fffffff
7fffffff
7fffffff
7fffffff
7fffffff
7fffffff
7fffffff
7fffffff
7fffffff
7fffffff
7fffffff
7fffffff
7fffffff
7fffffff
7fffffff
7fffffff
7fffffff
7fffffff
7fffffff
7fffffff
7fffffff
7fffffff
7fffffff
7fffffff
7fffffff
7fffffff
7fffffff
7fffffff
7fffffff
7fffffff
7fffffff
7fffffff
7fffffff
7fffffff
7fffffff
7fffffff
7fffffff
7fffffff
7fffffff
7fffffff
7fffffff
7fffffff
7fffffff
7fffffff
7fffffff
7fffffff
7fffffff
7fffffff
7fffffff
7fffffff
7fffffff
7fffffff
7fffffff
7fffffff
7fffffff
7fffffff
7fffffff
7fffffff
7fffffff
7fffffff
7fffffff
7fffffff
7fffffff
7fffffff
7fffffff
7fffffff
7fffffff
7fffffff
7fffffff
7fffffff
7fffffff
7fffffff
7fffffff
7fffffff
7fffffff
7fffffff
7fffffff
7fffffff
7fffffff
7fffffff
7fffffff
7fffffff
7fffffff
7fffffff
7fffffff
7fffffff
7fffffff
7fffffff
7fffffff
7fffffff
7fffffff
7fffffff
7fffffff
7fffffff
7fffffff
7fffffff
7fffffff
7fffffff
7fffffff
7fffffff
7fffffff
7fffffff
7fffffff
7fffffff
7fffffff
7fffffff
7fffffff
7fffffff
7fffffff
7fffffff
7fffffff
7fffffff
7fffffff
7fffffff
7fffffff
7fffffff
7fffffff
7fffffff
7fffffff
7fffffff
7fffffff
7fffffff
7fffffff
7fffffff
7fffffff
7fffffff
7fffffff
7fffffff
7fffffff
7fffffff
7fffffff
7fffffff
7fffffff
7fffffff
7fffffff
7fffffff
7fffffff
7fffffff
7fffffff
7fffffff
7fffffff
7fffffff
7fffffff
7fffffff
7fffffff
7fffffff
7fffffff
7fffffff
7fffffff
7fffffff
7fffffff
7fffffff
7fffffff
7fffffff
7fffffff
7fffffff
7fffffff
7fffffff
7fffffff
7fffffff
7fffffff
7fffffff
7fffffff
7fffffff
7fffffff
7fffffff
7fffffff
7fffffff
7fffffff
7fffffff
7fffffff
7fffffff
7fffffff
7fffffff
7fffffff
7fffffff
7fffffff
7fffffff
7fffffff
7fffffff
7fffffff
7fffffff
7fffffff
7fffffff
7fffffff
7fffffff
7fffffff
7fffffff
7fffffff
7fffffff
7fffffff
7fffffff
7fffffff
7fffffff
7fffffff
7fffffff
7fffffff
7fffffff
7fffffff
7fffffff
7fffffff
7fffffff
7fffffff
7fffffff
7fffffff
7fffffff
7fffffff
7fffffff
7fffffff
7fffffff
7fffffff
7fffffff
7fffffff
7fffffff
7fffffff
7fffffff
7fffffff
7fffffff
7fffffff
7fffffff
7fffffff
7fffffff
7fffffff
7fffffff
7fffffff
7fffffff
7fffffff
7fffffff
7fffffff
7fffffff
7fffffff
7fffffff
7fffffff
7fffffff
7fffffff
7fffffff
7fffffff
7fffffff
7fffffff
7fffffff
7fffffff
7fffffff
7fffffff
7fffffff
7fffffff
7fffffff
7fffffff
7fffffff
7fffffff
7fffffff
7fffffff
7fffffff
7fffffff
7fffffff
7fffffff
7fffffff
7fffffff
7fffffff
7fffffff
7fffffff
7fffffff
7fffffff
7fffffff
7fffffff
7fffffff
7fffffff
7fffffff
7fffffff
7fffffff
7fffffff
7fffffff
7fffffff
7fffffff
7fffffff
7fffffff
7fffffff
7fffffff
7fffffff
7fffffff
7fffffff
7fffffff
7fffffff
7fffffff
7fffffff
7fffffff
7fffffff
7fffffff
7fffffff
7fffffff
7fffffff
7fffffff
7fffffff
7fffffff
7fffffff
7fffffff
7fffffff
7fffffff
7fffffff
7fffffff
7fffffff
7fffffff
7fffffff
7fffffff
7fffffff
7fffffff
7fffffff
7fffffff
7fffffff
7fffffff
7fffffff
7fffffff
7fffffff
7fffffff
7fffffff
7fffffff
7fffffff
7fffffff
7fffffff
7fffffff
7fffffff
7fffffff
7fffffff
7fffffff
7fffffff
7fffffff
7fffffff
7fffffff
7fffffff
7fffffff
7fffffff
7fffffff
7fffffff
7fffffff
7fffffff
7fffffff
7fffffff
7fffffff
7fffffff
7fffffff
7fffffff
7fffffff
7fffffff
7fffffff
7fffffff
7fffffff
7fffffff
7fffffff
7fffffff
7fffffff
7fffffff
7fffffff
7fffffff
7fffffff
7fffffff
7fffffff
7fffffff
7fffffff
7fffffff
7fffffff
7fffffff
7fffffff
7fffffff
7fffffff
7fffffff
7fffffff
7fffffff
7fffffff
7fffffff
7fffffff
7fffffff
7fffffff
7fffffff
7fffffff
7fffffff
7fffffff
7fffffff
7fffffff
7fffffff
7fffffff
7fffffff
7fffffff
7fffffff
7fffffff
7fffffff
7fffffff
7fffffff
7fffffff
7fffffff
7fffffff
7fffffff
7fffffff
7fffffff
7fffffff
7fffffff
7fffffff
7fffffff
7fffffff
7fffffff
7fffffff
7fffffff
7fffffff
7fffffff
7fffffff
7fffffff
7fffffff
7fffffff
7fffffff
7fffffff
7fffffff
7fffffff
7fffffff
7fffffff
7fffffff
7fffffff
7fffffff
7fffffff
7fffffff
7fffffff
7fffffff
7fffffff
7fffffff
7fffffff
7fffffff
7fffffff
7fffffff
7fffffff
7fffffff
7fffffff
7fffffff
7fffffff
7fffffff
7fffffff
7fffffff
7fffffff
7fffffff
7fffffff
7fffffff
7fffffff
7fffffff
7fffffff
7fffffff
7fffffff
7fffffff
7fffffff
7fffffff
7fffffff
7fffffff
7fffffff
7fffffff
7fffffff
7fffffff
7fffffff
7fffffff
7fffffff
7fffffff
7fffffff
7fffffff
7fffffff
7fffffff
7fffffff
7fffffff
7fffffff
7fffffff
7fffffff
7fffffff
7fffffff
7fffffff
7fffffff
7fffffff
7fffffff
7fffffff
7fffffff
7fffffff
7fffffff
7fffffff
7fffffff
7fffffff
7fffffff
7fffffff
7fffffff
7fffffff
7fffffff
7fffffff
7fffffff
7fffffff
7fffffff
7fffffff
7fffffff
7fffffff
7fffffff
7fffffff
7fffffff
7fffffff
7fffffff
7fffffff
7fffffff
7fffffff
7fffffff
7fffffff
7fffffff
7fffffff
7fffffff
7fffffff
7fffffff
7fffffff
7fffffff
7fffffff
7fffffff
7fffffff
7fffffff
7fffffff
7fffffff
7fffffff
7fffffff
7fffffff
7fffffff
7fffffff
7fffffff
7fffffff
7fffffff
7fffffff
7fffffff
7fffffff
7fffffff
7fffffff
7fffffff
7fffffff
7fffffff
7fffffff
7fffffff
7fffffff
7fffffff
7fffffff
7fffffff
7fffffff
7fffffff
7fffffff
7fffffff
7fffffff
7fffffff
7fffffff
7fffffff
7fffffff
7fffffff
7fffffff
7fffffff
7fffffff
7fffffff
7fffffff
7fffffff
7fffffff
7fffffff
7fffffff
7fffffff
7fffffff
7fffffff
7fffffff
7fffffff
7fffffff
7fffffff
7fffffff
7fffffff
7fffffff
7fffffff
7fffffff
7fffffff
7fffffff
7fffffff
7fffffff
7fffffff
7fffffff
7fffffff
7fffffff
7fffffff
7fffffff
7fffffff
7fffffff
7fffffff
7fffffff
7fffffff
7fffffff
7fffffff
7fffffff
7fffffff
7fffffff
7fffffff
7fffffff
7fffffff
7fffffff
7fffffff
7fffffff
7fffffff
7fffffff
7fffffff
7fffffff
7fffffff
7fffffff
7fffffff
7fffffff
7fffffff
7fffffff
7fffffff
7fffffff
7fffffff
7fffffff
7fffffff
7fffffff
7fffffff
7fffffff
7fffffff
7fffffff
7fffffff
7fffffff
7fffffff
7fffffff
7fffffff
7fffffff
7fffffff
7fffffff
7fffffff
7fffffff
7fffffff
7fffffff
7fffffff
7fffffff
7fffffff
7fffffff
7fffffff
7fffffff
7fffffff
7fffffff
7fffffff
7fffffff
7fffffff
7fffffff
7fffffff
7fffffff
7fffffff
7fffffff
7fffffff
7fffffff
7fffffff
7fffffff
7fffffff
7fffffff
7fffffff
7fffffff
7fffffff
7fffffff
7fffffff
7fffffff
7fffffff
7fffffff
7fffffff
7fffffff
7fffffff
7fffffff
7fffffff
7fffffff
7fffffff
7fffffff
7fffffff
7fffffff
7fffffff
7fffffff
7fffffff
7fffffff
7fffffff
7fffffff
7fffffff
7fffffff
7fffffff
7fffffff
7fffffff
7fffffff
7fffffff
7fffffff
7fffffff
7fffffff
7fffffff
7fffffff
7fffffff
7fffffff
7fffffff
7fffffff
7fffffff
7fffffff
7fffffff
7fffffff
7fffffff
7fffffff
7fffffff
7fffffff
7fffffff
7fffffff
7fffffff
7fffffff
7fffffff
7fffffff
7fffffff
7fffffff
7fffffff
7fffffff
7fffffff
7fffffff
7fffffff
7fffffff
7fffffff
7fffffff
7fffffff
7fffffff
7fffffff
7fffffff
7fffffff
7fffffff
7fffffff
7fffffff
7fffffff
7fffffff
7fffffff
7fffffff
7fffffff
7fffffff
7fffffff
7fffffff
7fffffff
7fffffff
7fffffff
7fffffff
7fffffff
7fffffff
7fffffff
7fffffff
7fffffff
7fffffff
7fffffff
7fffffff
7fffffff
7fffffff
7fffffff
7fffffff
7fffffff
7fffffff
7fffffff
7fffffff
7fffffff
7fffffff
7fffffff
7fffffff
7fffffff
7fffffff
7fffffff
7fffffff
7fffffff
7fffffff
7fffffff
7fffffff
7fffffff
7fffffff
7fffffff
7fffffff
7fffffff
7fffffff
7fffffff
7fffffff
7fffffff
7fffffff
7fffffff
7fffffff
7fffffff
7fffffff
7fffffff
7fffffff
7fffffff
7fffffff
7fffffff
7fffffff
7fffffff
7fffffff
7fffffff
7fffffff
7fffffff
7fffffff
7fffffff
7fffffff
7fffffff
7fffffff
7fffffff
7fffffff
7fffffff
7fffffff
7fffffff
7fffffff
7fffffff
7fffffff
7fffffff
7fffffff
7fffffff
7fffffff
7fffffff
7fffffff
7fffffff
7fffffff
7fffffff
7fffffff
7fffffff
7fffffff
7fffffff
7fffffff
7fffffff
7fffffff
7fffffff
7fffffff
7fffffff
7fffffff
7fffffff
7fffffff
7fffffff
7fffffff
7fffffff
7fffffff
7fffffff
7fffffff
7fffffff
7fffffff
7fffffff
7fffffff
7fffffff
7fffffff
7fffffff
7fffffff
7fffffff
7fffffff
7fffffff
7fffffff
7fffffff
7fffffff
7fffffff
7fffffff
7fffffff
7fffffff
7fffffff
7fffffff
7fffffff
7fffffff
7fffffff
7fffffff
7fffffff
7fffffff
7fffffff
7fffffff
7fffffff
7fffffff
7fffffff
7fffffff
7fffffff
7fffffff
7fffffff
7fffffff
7fffffff
7fffffff
7fffffff
7fffffff
7fffffff
7fffffff
7fffffff
7fffffff
7fffffff
7fffffff
7fffffff
7fffffff
7fffffff
7fffffff
7fffffff
7fffffff
7fffffff
7fffffff
7fffffff
7fffffff
7fffffff
7fffffff
7fffffff
7fffffff
7fffffff
7fffffff
7fffffff
7fffffff
7fffffff
7fffffff
7fffffff
7fffffff
7fffffff
7fffffff
7fffffff
7fffffff
7fffffff
7fffffff
7fffffff
7fffffff
7fffffff
7fffffff
7fffffff
7fffffff
7fffffff
7fffffff
7fffffff
7fffffff
7fffffff
7fffffff
7fffffff
7fffffff
7fffffff
7fffffff
7fffffff
7fffffff
7fffffff
7fffffff
7fffffff
7fffffff
7fffffff
7fffffff
7fffffff
7fffffff
7fffffff
7fffffff
7fffffff
7fffffff
7fffffff
7fffffff
7fffffff
7fffffff
7fffffff
7fffffff
7fffffff
7fffffff
7fffffff
7fffffff
7fffffff
7fffffff
7fffffff
7fffffff
7fffffff
7fffffff
7fffffff
7fffffff
7fffffff
7fffffff
7fffffff
7fffffff
7fffffff
7fffffff
7fffffff
7fffffff
7fffffff
7fffffff
7fffffff
7fffffff
7fffffff
7fffffff
7fffffff
7fffffff
7fffffff
7fffffff
7fffffff
7fffffff
7fffffff
7fffffff
7fffffff
7fffffff
7fffffff
7fffffff
7fffffff
7fffffff
7fffffff
7fffffff
7fffffff
7fffffff
7fffffff
7fffffff
7fffffff
7fffffff
7fffffff
7fffffff
7fffffff
7fffffff
7fffffff
7fffffff
7fffffff
7fffffff
7fffffff
7fffffff
7fffffff
7fffffff
7fffffff
7fffffff
7fffffff
7fffffff
7fffffff
7fffffff
7fffffff
7fffffff
7fffffff
7fffffff
7fffffff
7fffffff
7fffffff
7fffffff
7fffffff
7fffffff
7fffffff
7fffffff
7fffffff
7fffffff
7fffffff
7fffffff
7fffffff
7fffffff
7fffffff
7fffffff
7fffffff
7fffffff
7fffffff
7fffffff
7fffffff
7fffffff
7fffffff
7fffffff
7fffffff
7fffffff
7fffffff
7fffffff
7fffffff
7fffffff
7fffffff
7fffffff
7fffffff
7fffffff
7fffffff
7fffffff
7fffffff
7fffffff
7fffffff
7fffffff
7fffffff
7fffffff
7fffffff
7fffffff
7fffffff
7fffffff
7fffffff
7fffffff
7fffffff
7fffffff
7fffffff
7fffffff
7fffffff
7fffffff
7fffffff
7fffffff
7fffffff
7fffffff
7fffffff
7fffffff
7fffffff
7fffffff
7fffffff
7fffffff
7fffffff
7fffffff
7fffffff
7fffffff
7fffffff
7fffffff
7fffffff
7fffffff
7fffffff
7fffffff
7fffffff
7fffffff
7fffffff
7fffffff
7fffffff
7fffffff
7fffffff
7fffffff
7fffffff
7fffffff
7fffffff
7fffffff
7fffffff
7fffffff
7fffffff
7fffffff
7fffffff
7fffffff
7fffffff
7fffffff
7fffffff
7fffffff
7fffffff
7fffffff
7fffffff
7fffffff
7fffffff
7fffffff
7fffffff
7fffffff
7fffffff
7fffffff
7fffffff
7fffffff
7fffffff
7fffffff
7fffffff
7fffffff
7fffffff
7fffffff
7fffffff
7fffffff
7fffffff
7fffffff
7fffffff
7fffffff
7fffffff
7fffffff
7fffffff
7fffffff
7fffffff
7fffffff
7fffffff
7fffffff
7fffffff
7fffffff
7fffffff
7fffffff
7fffffff
7fffffff
7fffffff
7fffffff
7fffffff
7fffffff
7fffffff
7fffffff
7fffffff
7fffffff
7fffffff
7fffffff
7fffffff
7fffffff
7fffffff
7fffffff
7fffffff
7fffffff
7fffffff
7fffffff
7fffffff
7fffffff
7fffffff
7fffffff
7fffffff
7fffffff
7fffffff
7fffffff
7fffffff
7fffffff
7fffffff
7fffffff
7fffffff
7fffffff
7fffffff
7fffffff
7fffffff
7fffffff
7fffffff
7fffffff
7fffffff
7fffffff
7fffffff
7fffffff
7fffffff
7fffffff
7fffffff
7fffffff
7fffffff
7fffffff
7fffffff
7fffffff
7fffffff
7fffffff
7fffffff
7fffffff
7fffffff
7fffffff
7fffffff
7fffffff
7fffffff
7fffffff
7fffffff
7fffffff
7fffffff
7fffffff
7fffffff
7fffffff
7fffffff
7fffffff
7fffffff
7fffffff
7fffffff
7fffffff
7fffffff
7fffffff
7fffffff
7fffffff
7fffffff
7fffffff
7fffffff
7fffffff
7fffffff
7fffffff
7fffffff
7fffffff
7fffffff
7fffffff
7fffffff
7fffffff
7fffffff
7fffffff
7fffffff
7fffffff
7fffffff
7fffffff
7fffffff
7fffffff
7fffffff
7fffffff
7fffffff
7fffffff
7fffffff
7fffffff
7fffffff
7fffffff
7fffffff
7fffffff
7fffffff
7fffffff
7fffffff
7fffffff
7fffffff
7fffffff
7fffffff
7fffffff
7fffffff
7fffffff
7fffffff
7fffffff
7fffffff
7fffffff
7fffffff
7fffffff
7fffffff
7fffffff
7fffffff
7fffffff
7fffffff
7fffffff
7fffffff
7fffffff
7fffffff
7fffffff
7fffffff
7fffffff
7fffffff
7fffffff
7fffffff
7fffffff
7fffffff
7fffffff
7fffffff
7fffffff
7fffffff
7fffffff
7fffffff
7fffffff
7fffffff
7fffffff
7fffffff
7fffffff
7fffffff
7fffffff
7fffffff
7fffffff
7fffffff
7fffffff
7fffffff
7fffffff
7fffffff
7fffffff
7fffffff
7fffffff
7fffffff
7fffffff
7fffffff
7fffffff
7fffffff
7fffffff
7fffffff
7fffffff
7fffffff
7fffffff
7fffffff
7fffffff
7fffffff
7fffffff
7fffffff
7fffffff
7fffffff
7fffffff
7fffffff
7fffffff
7fffffff
7fffffff
7fffffff
7fffffff
7fffffff
7fffffff
7fffffff
7fffffff
7fffffff
7fffffff
7fffffff
7fffffff
7fffffff
7fffffff
7fffffff
7fffffff
7fffffff
7fffffff
7fffffff
7fffffff
7fffffff
7fffffff
7fffffff
7fffffff
7fffffff
7fffffff
7fffffff
7fffffff
7fffffff
7fffffff
7fffffff
7fffffff
7fffffff
7fffffff
7fffffff
7fffffff
7fffffff
7fffffff
7fffffff
7fffffff
7fffffff
7fffffff
7fffffff
7fffffff
7fffffff
7fffffff
7fffffff
7fffffff
7fffffff
7fffffff
7fffffff
7fffffff
7fffffff
7fffffff
7fffffff
7fffffff
7fffffff
7fffffff
7fffffff
7fffffff
7fffffff
7fffffff
7fffffff
7fffffff
7fffffff
7fffffff
7fffffff
7fffffff
7fffffff
7fffffff
7fffffff
7fffffff
7fffffff
7fffffff
7fffffff
7fffffff
7fffffff
7fffffff
7fffffff
7fffffff
7fffffff
7fffffff
7fffffff
7fffffff
7fffffff
7fffffff
7fffffff
7fffffff
7fffffff
7fffffff
7fffffff
7fffffff
7fffffff
7fffffff
7fffffff
7fffffff
7fffffff
7fffffff
7fffffff
7fffffff
7fffffff
7fffffff
7fffffff
7fffffff
7fffffff
7fffffff
7fffffff
7fffffff
7fffffff
7fffffff
7fffffff
7fffffff
7fffffff
7fffffff
7fffffff
7fffffff
7fffffff
7fffffff
7fffffff
7fffffff
7fffffff
7fffffff
7fffffff
7fffffff
7fffffff
7fffffff
7fffffff
7fffffff
7fffffff
7fffffff
7fffffff
7fffffff
7fffffff
7fffffff
7fffffff
7fffffff
7fffffff
7fffffff
7fffffff
7fffffff
7fffffff
7fffffff
7fffffff
7fffffff
7fffffff
7fffffff
7fffffff
7fffffff
7fffffff
7fffffff
7fffffff
7fffffff
7fffffff
7fffffff
7fffffff
7fffffff
7fffffff
7fffffff
7fffffff
7fffffff
7fffffff
7fffffff
7fffffff
7fffffff
7fffffff
7fffffff
7fffffff
7fffffff
7fffffff
7fffffff
7fffffff
7fffffff
7fffffff
7fffffff
7fffffff
7fffffff
7fffffff
7fffffff
7fffffff
7fffffff
7fffffff
7fffffff
7fffffff
7fffffff
7fffffff
7fffffff
7fffffff
7fffffff
7fffffff
7fffffff
7fffffff
7fffffff
7fffffff
7fffffff
7fffffff
7fffffff
7fffffff
7fffffff
7fffffff
7fffffff
7fffffff
7fffffff
7fffffff
7fffffff
7fffffff
7fffffff
7fffffff
7fffffff
7fffffff
7fffffff
7fffffff
7fffffff
7fffffff
7fffffff
7fffffff
7fffffff
7fffffff
7fffffff
7fffffff
7fffffff
7fffffff
7fffffff
7fffffff
7fffffff
7fffffff
7fffffff
7fffffff
7fffffff
7fffffff
7fffffff
7fffffff
7fffffff
7fffffff
7fffffff
7fffffff
7fffffff
7fffffff
7fffffff
7fffffff
7fffffff
7fffffff
7fffffff
7fffffff
7fffffff
7fffffff
7fffffff
7fffffff
7fffffff
7fffffff
7fffffff
7fffffff
7fffffff
7fffffff
7fffffff
7fffffff
7fffffff
7fffffff
7fffffff
7fffffff
7fffffff
7fffffff
7fffffff
7fffffff
7fffffff
7fffffff
7fffffff
7fffffff
7fffffff
7fffffff
7fffffff
7fffffff
7fffffff
7fffffff
7fffffff
7fffffff
7fffffff
7fffffff
7fffffff
7fffffff
7fffffff
7fffffff
7fffffff
7fffffff
7fffffff
7fffffff
7fffffff
7fffffff
7fffffff
7fffffff
7fffffff
7fffffff
7fffffff
7fffffff
7fffffff
7fffffff
7fffffff
7fffffff
7fffffff
7fffffff
7fffffff
7fffffff
7fffffff
7fffffff
7fffffff
7fffffff
7fffffff
7fffffff
7fffffff
7fffffff
7fffffff
7fffffff
7fffffff
7fffffff
7fffffff
7fffffff
7fffffff
7fffffff
7fffffff
7fffffff
7fffffff
7fffffff
7fffffff
7fffffff
7fffffff
7fffffff
7fffffff
7fffffff
7fffffff
7fffffff
7fffffff
7fffffff
7fffffff
7fffffff
7fffffff
7fffffff
7fffffff
7fffffff
7fffffff
7fffffff
7fffffff
7fffffff
7fffffff
7fffffff
7fffffff
7fffffff
7fffffff
7fffffff
7fffffff
7fffffff
7fffffff
7fffffff
7fffffff
7fffffff
7fffffff
7fffffff
7fffffff
7fffffff
7fffffff
7fffffff
7fffffff
7fffffff
7fffffff
7fffffff
7fffffff
7fffffff
7fffffff
7fffffff
7fffffff
7fffffff
7fffffff
7fffffff
7fffffff
7fffffff
7fffffff
7fffffff
7fffffff
7fffffff
7fffffff
7fffffff
7fffffff
7fffffff
7fffffff
7fffffff
7fffffff
7fffffff
7fffffff
7fffffff
7fffffff
7fffffff
7fffffff
7fffffff
7fffffff
7fffffff
7fffffff
7fffffff
7fffffff
7fffffff
7fffffff
7fffffff
7fffffff
7fffffff
7fffffff
7fffffff
7fffffff
7fffffff
7fffffff
7fffffff
7fffffff
7fffffff
7fffffff
7fffffff
7fffffff
7fffffff
7fffffff
7fffffff
7fffffff
7fffffff
7fffffff
7fffffff
7fffffff
7fffffff
7fffffff
7fffffff
7fffffff
7fffffff
7fffffff
7fffffff
7fffffff
7fffffff
7fffffff
7fffffff
7fffffff
7fffffff
7fffffff
7fffffff
7fffffff
7fffffff
7fffffff
7fffffff
7fffffff
7fffffff
7fffffff
7fffffff
7fffffff
7fffffff
7fffffff
7fffffff
7fffffff
7fffffff
7fffffff
7fffffff
7fffffff
7fffffff
7fffffff
7fffffff
7fffffff
7fffffff
7fffffff
7fffffff
7fffffff
7fffffff
7fffffff
7fffffff
7fffffff
7fffffff
7fffffff
7fffffff
7fffffff
7fffffff
7fffffff
7fffffff
7fffffff
7fffffff
7fffffff
7fffffff
7fffffff
7fffffff
7fffffff
7fffffff
7fffffff
7fffffff
7fffffff
7fffffff
7fffffff
7fffffff
7fffffff
7fffffff
7fffffff
7fffffff
7fffffff
7fffffff
7fffffff
7fffffff
7fffffff
7fffffff
7fffffff
7fffffff
7fffffff
7fffffff
7fffffff
7fffffff
7fffffff
7fffffff
7fffffff
7fffffff
7fffffff
7fffffff
7fffffff
7fffffff
7fffffff
7fffffff
7fffffff
7fffffff
7fffffff
7fffffff
7fffffff
7fffffff
7fffffff
7fffffff
7fffffff
7fffffff
7fffffff
7fffffff
7fffffff
7fffffff
7fffffff
7fffffff
7fffffff
7fffffff
7fffffff
7fffffff
7fffffff
7fffffff
7fffffff
7fffffff
7fffffff
7fffffff
7fffffff
7fffffff
7fffffff
7fffffff
7fffffff
7fffffff
7fffffff
7fffffff
7fffffff
7fffffff
7fffffff
7fffffff
7fffffff
7fffffff
7fffffff
7fffffff
7fffffff
7fffffff
7fffffff
7fffffff
7fffffff
7fffffff
7fffffff
7fffffff
7fffffff
7fffffff
7fffffff
7fffffff
7fffffff
7fffffff
7fffffff
7fffffff
7fffffff
7fffffff
7fffffff
7fffffff
7fffffff
7fffffff
7fffffff
7fffffff
7fffffff
7fffffff
7fffffff
7fffffff
7fffffff
7fffffff
7fffffff
7fffffff
7fffffff
00000000
00000000
00000000
00000000
00000000
00000000
00000000
00000000
00000000
00000000
00000000
00000000
00000000
00000000
00000000
00000000
00000000
00000000
00000000
00000000
00000000
00000000
00000000
00000000
00000000
00000000
00000000
00000000
00000000
00000000
00000000
00000000
00000000
00000000
00000000
00000000
00000000
00000000
00000000
00000000
00000000
00000000
00000000
00000000
00000000
00000000
00000000
00000000
00000000
00000000
00000000
00000000
00000000
00000000
00000000
00000000
00000000
00000000
00000000
00000000
00000000
00000000
00000000
00000000
00000000
00000000
00000000
00000000
00000000
00000000
00000000
00000000
00000000
00000000
00000000
00000000
00000000
00000000
00000000
00000000
00000000
00000000
00000000
00000000
00000000
00000000
00000000
00000000
00000000
00000000
00000000
00000000
00000000
00000000
00000000
00000000
00000000
00000000
00000000
00000000
00000000
00000000
00000000
00000000
00000000
00000000
00000000
00000000
00000000
00000000
00000000
00000000
00000000
00000000
00000000
00000000
00000000
00000000
00000000
00000000
00000000
00000000
00000000
00000000
00000000
00000000
00000000
00000000
00000000
00000000
00000000
00000000
00000000
00000000
00000000
00000000
00000000
00000000
00000000
00000000
00000000
00000000
00000000
00000000
00000000
00000000
00000000
00000000
00000000
00000000
00000000
00000000
00000000
00000000
00000000
00000000
00000000
00000000
00000000
00000000
00000000
00000000
00000000
00000000
00000000
00000000
00000000
00000000
00000000
00000000
00000000
00000000
00000000
00000000
00000000
00000000
00000000
00000000
00000000
00000000
00000000
00000000
00000000
00000000
00000000
00000000
00000000
00000000
00000000
00000000
00000000
00000000
00000000
00000000
00000000
00000000
00000000
00000000
00000000
00000000
00000000
00000000
00000000
00000000
00000000
00000000
00000000
00000000
00000000
00000000
00000000
00000000
00000000
00000000
00000000
00000000
00000000
00000000
00000000
00000000
00000000
00000000
00000000
00000000
00000000
00000000
00000000
00000000
00000000
00000000
00000000
00000000
00000000
00000000
00000000
00000000
00000000
00000000
00000000
00000000
00000000
00000000
00000000
00000000
00000000
00000000
00000000
00000000
00000000
00000000
00000000
00000000
00000000
00000000
00000000
00000000
00000000
00000000
00000000
00000000
00000000
00000000
00000000
00000000
00000000
00000000
00000000
00000000
00000000
00000000
00000000
00000000
00000000
00000000
00000000
00000000
00000000
00000000
00000000
00000000
00000000
00000000
00000000
00000000
00000000
00000000
00000000
00000000
00000000
00000000
00000000
00000000
00000000
00000000
00000000
00000000
00000000
00000000
00000000
00000000
00000000
00000000
00000000
00000000
00000000
00000000
00000000
00000000
00000000
00000000
00000000
00000000
00000000
00000000
00000000
00000000
00000000
00000000
00000000
00000000
00000000
00000000
00000000
00000000
00000000
00000000
00000000
00000000
00000000
00000000
00000000
00000000
00000000
00000000
00000000
00000000
00000000
00000000
00000000
00000000
00000000
00000000
00000000
00000000
00000000
00000000
00000000
00000000
00000000
00000000
00000000
00000000
00000000
00000000
00000000
00000000
00000000
00000000
00000000
00000000
00000000
00000000
00000000
00000000
00000000
00000000
00000000
00000000
00000000
00000000
00000000
00000000
00000000
00000000
00000000
00000000
00000000
00000000
00000000
00000000
00000000
00000000
00000000
00000000
00000000
00000000
00000000
00000000
00000000
00000000
00000000
00000000
00000000
00000000
00000000
00000000
00000000
00000000
00000000
00000000
00000000
00000000
00000000
00000000
00000000
00000000
00000000
00000000
00000000
00000000
00000000
00000000
00000000
00000000
00000000
00000000
00000000
00000000
00000000
00000000
00000000
00000000
00000000
00000000
00000000
00000000
00000000
00000000
00000000
00000000
00000000
00000000
00000000
00000000
00000000
00000000
00000000
00000000
00000000
00000000
00000000
00000000
00000000
00000000
00000000
00000000
00000000
00000000
00000000
00000000
00000000
00000000
00000000
00000000
00000000
00000000
00000000
00000000
00000000
00000000
00000000
00000000
00000000
00000000
00000000
00000000
00000000
00000000
00000000
00000000
00000000
00000000
00000000
00000000
00000000
00000000
00000000
00000000
00000000
00000000
00000000
00000000
00000000
00000000
00000000
00000000
00000000
00000000
00000000
00000000
00000000
00000000
00000000
00000000
00000000
00000000
00000000
00000000
00000000
00000000
00000000
00000000
00000000
00000000
00000000
00000000
00000000
00000000
00000000
00000000
00000000
00000000
00000000
00000000
00000000
00000000
00000000
00000000
00000000
00000000
00000000
00000000
00000000
00000000
00000000
00000000
00000000
00000000
00000000
00000000
00000000
00000000
00000000
00000000
00000000
00000000
00000000
00000000
00000000
00000000
00000000
00000000
00000000
00000000
00000000
00000000
00000000
00000000
00000000
00000000
00000000
00000000
00000000
00000000
00000000
00000000
00000000
00000000
00000000
00000000
00000000
00000000
00000000
00000000
00000000
00000000
00000000
00000000
00000000
00000000
00000000
00000000
00000000
00000000
00000000
00000000
00000000
00000000
00000000
00000000
00000000
00000000
00000000
00000000
00000000
00000000
00000000
00000000
00000000
00000000
00000000
00000000
00000000
00000000
00000000
00000000
00000000
00000000
00000000
00000000
00000000
00000000
00000000
00000000
00000000
00000000
00000000
00000000
00000000
00000000
00000000
00000000
00000000
00000000
00000000
00000000
00000000
00000000
00000000
00000000
00000000
00000000
00000000
00000000
00000000
00000000
00000000
00000000
00000000
00000000
00000000
00000000
00000000
00000000
00000000
00000000
00000000
00000000
00000000
00000000
00000000
00000000
00000000
00000000
00000000
00000000
00000000
00000000
00000000
00000000
00000000
00000000
00000000
00000000
00000000
00000000
00000000
00000000
00000000
00000000
00000000
00000000
00000000
00000000
00000000
00000000
00000000
00000000
00000000
00000000
00000000
00000000
00000000
00000000
00000000
00000000
00000000
00000000
00000000
00000000
00000000
00000000
00000000
00000000
00000000
00000000
00000000
00000000
00000000
00000000
00000000
00000000
00000000
00000000
00000000
00000000
00000000
00000000
00000000
00000000
00000000
00000000
00000000
00000000
00000000
00000000
00000000
00000000
00000000
00000000
00000000
00000000
00000000
00000000
00000000
00000000
00000000
00000000
00000000
00000000
00000000
00000000
00000000
00000000
00000000
00000000
00000000
00000000
00000000
00000000
00000000
00000000
00000000
00000000
00000000
00000000
00000000
00000000
00000000
00000000
00000000
00000000
00000000
00000000
00000000
00000000
00000000
00000000
00000000
00000000
00000000
00000000
00000000
00000000
00000000
00000000
00000000
00000000
00000000
00000000
00000000
00000000
00000000
00000000
00000000
00000000
00000000
00000000
00000000
00000000
00000000
00000000
00000000
00000000
00000000
00000000
00000000
00000000
00000000
00000000
00000000
00000000
00000000
00000000
00000000
00000000
00000000
00000000
00000000
00000000
00000000
00000000
00000000
00000000
00000000
00000000
00000000
00000000
00000000
00000000
00000000
00000000
00000000
00000000
00000000
00000000
00000000
00000000
00000000
00000000
00000000
00000000
00000000
00000000
00000000
00000000
00000000
00000000
00000000
00000000
00000000
00000000
00000000
00000000
00000000
00000000
00000000
00000000
00000000
00000000
00000000
00000000
00000000
00000000
00000000
00000000
00000000
00000000
00000000
00000000
00000000
00000000
00000000
00000000
00000000
00000000
00000000
00000000
00000000
00000000
00000000
00000000
00000000
00000000
00000000
00000000
00000000
00000000
00000000
00000000
00000000
00000000
00000000
00000000
00000000
00000000
00000000
00000000
00000000
00000000
00000000
00000000
00000000
00000000
00000000
00000000
00000000
00000000
00000000
00000000
00000000
00000000
00000000
00000000
00000000
00000000
00000000
00000000
00000000
00000000
00000000
00000000
00000000
00000000
00000000
00000000
00000000
00000000
00000000
00000000
00000000
00000000
00000000
00000000
00000000
00000000
00000000
00000000
00000000
00000000
00000000
00000000
00000000
00000000
00000000
00000000
00000000
00000000
00000000
00000000
00000000
00000000
00000000
00000000
00000000
00000000
00000000
00000000
00000000
00000000
00000000
00000000
00000000
00000000
00000000
00000000
00000000
00000000
00000000
00000000
00000000
00000000
00000000
00000000
00000000
00000000
00000000
00000000
00000000
00000000
00000000
00000000
00000000
00000000
00000000
00000000
00000000
00000000
00000000
00000000
00000000
00000000
00000000
00000000
00000000
00000000
00000000
00000000
00000000
00000000
00000000
00000000
00000000
00000000
00000000
00000000
00000000
00000000
00000000
00000000
00000000
00000000
00000000
00000000
00000000
00000000
00000000
00000000
00000000
00000000
00000000
00000000
00000000
00000000
00000000
00000000
00000000
00000000
00000000
00000000
00000000
00000000
00000000
00000000
00000000
00000000
00000000
00000000
00000000
00000000
00000000
00000000
00000000
00000000
00000000
00000000
00000000
00000000
00000000
00000000
00000000
00000000
00000000
00000000
00000000
00000000
00000000
00000000
00000000
00000000
00000000
00000000
00000000
00000000
00000000
00000000
00000000
00000000
00000000
00000000
00000000
00000000
00000000
00000000
00000000
00000000
00000000
00000000
00000000
00000000
00000000
00000000
00000000
00000000
00000000
00000000
00000000
00000000
00000000
00000000
00000000
00000000
00000000
00000000
00000000
00000000
00000000
00000000
00000000
00000000
00000000
00000000
00000000
00000000
00000000
00000000
00000000
00000000
00000000
00000000
00000000
00000000
00000000
00000000
00000000
00000000
00000000
00000000
00000000
00000000
00000000
00000000
00000000
00000000
00000000
00000000
00000000
00000000
00000000
00000000
00000000
00000000
00000000
00000000
00000000
00000000
00000000
00000000
00000000
00000000
00000000
00000000
00000000
00000000
00000000
00000000
00000000
00000000
00000000
00000000
00000000
00000000
00000000
00000000
00000000
00000000
00000000
00000000
00000000
00000000
00000000
00000000
00000000
00000000
00000000
00000000
00000000
00000000
00000000
00000000
00000000
00000000
00000000
00000000
00000000
00000000
00000000
00000000
00000000
00000000
00000000
00000000
00000000
00000000
00000000
00000000
00000000
00000000
00000000
00000000
00000000
00000000
00000000
00000000
00000000
00000000
00000000
00000000
00000000
00000000
00000000
00000000
00000000
00000000
00000000
00000000
00000000
00000000
00000000
00000000
00000000
00000000
00000000
00000000
00000000
00000000
00000000
00000000
00000000
00000000
00000000
00000000
00000000
00000000
00000000
00000000
00000000
00000000
00000000
00000000
00000000
00000000
00000000
00000000
00000000
00000000
00000000
00000000
00000000
00000000
00000000
00000000
00000000
00000000
00000000
00000000
00000000
00000000
00000000
00000000
00000000
00000000
00000000
00000000
00000000
00000000
00000000
00000000
00000000
00000000
00000000
00000000
00000000
00000000
00000000
00000000
00000000
00000000
00000000
00000000
00000000
00000000
00000000
00000000
00000000
00000000
00000000
00000000
00000000
00000000
00000000
00000000
00000000
00000000
00000000
00000000
00000000
00000000
00000000
00000000
00000000
00000000
00000000
00000000
00000000
00000000
00000000
00000000
00000000
00000000
00000000
00000000
00000000
00000000
00000000
00000000
00000000
00000000
00000000
00000000
00000000
00000000
00000000
00000000
00000000
00000000
00000000
00000000
00000000
00000000
00000000
00000000
00000000
00000000
00000000
00000000
00000000
00000000
00000000
00000000
00000000
00000000
00000000
00000000
00000000
00000000
00000000
00000000
00000000
00000000
00000000
00000000
00000000
00000000
00000000
00000000
00000000
00000000
00000000
00000000
00000000
00000000
00000000
00000000
00000000
00000000
00000000
00000000
00000000
00000000
00000000
00000000
00000000
00000000
00000000
00000000
00000000
00000000
00000000
00000000
00000000
00000000
00000000
00000000
00000000
00000000
00000000
00000000
00000000
00000000
00000000
00000000
00000000
00000000
00000000
00000000
00000000
00000000
00000000
00000000
00000000
00000000
00000000
00000000
00000000
00000000
00000000
00000000
00000000
00000000
00000000
00000000
00000000
00000000
00000000
00000000
00000000
00000000
00000000
00000000
00000000
00000000
00000000
00000000
00000000
00000000
00000000
00000000
00000000
00000000
00000000
00000000
00000000
00000000
00000000
00000000
00000000
00000000
00000000
00000000
00000000
00000000
00000000
00000000
00000000
00000000
00000000
00000000
00000000
00000000
00000000
00000000
00000000
00000000
00000000
00000000
00000000
00000000
00000000
00000000
00000000
00000000
00000000
00000000
00000000
00000000
00000000
00000000
00000000
00000000
00000000
00000000
00000000
00000000
00000000
00000000
00000000
00000000
00000000
00000000
00000000
00000000
00000000
00000000
00000000
00000000
00000000
00000000
00000000
00000000
00000000
00000000
00000000
00000000
00000000
00000000
00000000
00000000
00000000
00000000
00000000
00000000
00000000
00000000
00000000
00000000
00000000
00000000
00000000
00000000
00000000
00000000
00000000
00000000
00000000
00000000
00000000
00000000
00000000
00000000
00000000
00000000
00000000
00000000
00000000
00000000
00000000
00000000
00000000
00000000
00000000
00000000
00000000
00000000
00000000
00000000
00000000
00000000
00000000
00000000
00000000
00000000
00000000
00000000
00000000
00000000
00000000
00000000
00000000
00000000
00000000
00000000
00000000
00000000
00000000
00000000
00000000
00000000
00000000
00000000
00000000
00000000
00000000
00000000
00000000
00000000
00000000
00000000
00000000
00000000
00000000
00000000
00000000
00000000
00000000
00000000
00000000
00000000
00000000
00000000
00000000
00000000
00000000
00000000
00000000
00000000
00000000
00000000
00000000
00000000
00000000
00000000
00000000
00000000
00000000
00000000
00000000
00000000
00000000
00000000
00000000
00000000
00000000
00000000
00000000
00000000
00000000
00000000
00000000
00000000
00000000
00000000
00000000
00000000
00000000
00000000
00000000
00000000
00000000
00000000
00000000
00000000
00000000
00000000
00000000
00000000
00000000
00000000
00000000
00000000
00000000
00000000
00000000
00000000
00000000
00000000
00000000
00000000
00000000
00000000
00000000
00000000
00000000
00000000
00000000
00000000
00000000
00000000
00000000
00000000
00000000
00000000
00000000
00000000
00000000
00000000
00000000
00000000
00000000
00000000
00000000
00000000
00000000
00000000
00000000
00000000
00000000
00000000
00000000
00000000
00000000
00000000
00000000
00000000
00000000
00000000
00000000
00000000
00000000
00000000
00000000
00000000
00000000
00000000
00000000
00000000
00000000
00000000
00000000
00000000
00000000
00000000
00000000
00000000
00000000
00000000
00000000
00000000
00000000
00000000
00000000
00000000
00000000
00000000
00000000
00000000
00000000
00000000
00000000
00000000
00000000
00000000
00000000
00000000
00000000
00000000
00000000
00000000
00000000
00000000
00000000
00000000
00000000
00000000
00000000
00000000
00000000
00000000
00000000
00000000
00000000
00000000
00000000
00000000
00000000
00000000
00000000
00000000
00000000
00000000
00000000
00000000
00000000
00000000
00000000
00000000
00000000
00000000
00000000
00000000
00000000
00000000
00000000
00000000
00000000
00000000
00000000
00000000
00000000
00000000
00000000
00000000
00000000
00000000
00000000
00000000
00000000
00000000
00000000
00000000
00000000
00000000
00000000
00000000
00000000
00000000
00000000
00000000
00000000
00000000
00000000
00000000
00000000
00000000
00000000
00000000
00000000
00000000
00000000
00000000
00000000
00000000
00000000
00000000
00000000
00000000
00000000
00000000
00000000
00000000
00000000
00000000
00000000
00000000
00000000
00000000
00000000
00000000
00000000
00000000
00000000
00000000
00000000
00000000
00000000
00000000
00000000
00000000
00000000
00000000
00000000
00000000
00000000
00000000
00000000
00000000
00000000
00000000
00000000
00000000
00000000
00000000
00000000
00000000
00000000
00000000
00000000
00000000
00000000
00000000
00000000
00000000
00000000
00000000
00000000
00000000
00000000
00000000
00000000
00000000
00000000
00000000
00000000
00000000
00000000
00000000
00000000
00000000
00000000
00000000
00000000
00000000
00000000
00000000
00000000
00000000
00000000
00000000
00000000
00000000
00000000
00000000
00000000
00000000
00000000
00000000
00000000
00000000
00000000
00000000
00000000
00000000
00000000
00000000
00000000
00000000
00000000
00000000
00000000
00000000
00000000
00000000
00000000
00000000
00000000
00000000
00000000
00000000
00000000
00000000
00000000
00000000
00000000
00000000
00000000
00000000
00000000
00000000
00000000
00000000
00000000
00000000
00000000
00000000
00000000
00000000
00000000
00000000
00000000
00000000
00000000
00000000
00000000
00000000
00000000
00000000
00000000
00000000
00000000
00000000
00000000
00000000
00000000
00000000
00000000
00000000
00000000
00000000
00000000
00000000
00000000
00000000
00000000
00000000
00000000
00000000
00000000
00000000
00000000
00000000
00000000
00000000
00000000
00000000
00000000
00000000
00000000
00000000
00000000
00000000
00000000
00000000
00000000
00000000
00000000
00000000
00000000
00000000
00000000
00000000
00000000
00000000
00000000
00000000
00000000
00000000
00000000
00000000
00000000
00000000
00000000
00000000
00000000
00000000
00000000
00000000
00000000
00000000
00000000
00000000
00000000
00000000
00000000
00000000
00000000
00000000
00000000
00000000
00000000
00000000
00000000
00000000
00000000
00000000
00000000
00000000
00000000
00000000
00000000
00000000
00000000
00000000
00000000
00000000
00000000
00000000
00000000
00000000
00000000
00000000
00000000
00000000
00000000
00000000
00000000
00000000
00000000
00000000
00000000
00000000
00000000
00000000
00000000
00000000
00000000
00000000
00000000
00000000
00000000
00000000
00000000
00000000
00000000
00000000
00000000
00000000
00000000
00000000
00000000
00000000
00000000
00000000
00000000
00000000
00000000
00000000
00000000
00000000
00000000
00000000
00000000
00000000
00000000
00000000
00000000
00000000
00000000
00000000
00000000
00000000
00000000
00000000
00000000
00000000
00000000
00000000
00000000
00000000
00000000
00000000
00000000
00000000
00000000
00000000
00000000
00000000
00000000
00000000
00000000
00000000
00000000
00000000
00000000
00000000
00000000
00000000
00000000
00000000
00000000
00000000
00000000
00000000
00000000
00000000
00000000
00000000
00000000
00000000
00000000
00000000
00000000
00000000
00000000
00000000
00000000
00000000
00000000
00000000
00000000
00000000
00000000
00000000
00000000
00000000
00000000
00000000
00000000
00000000
00000000
00000000
00000000
00000000
00000000
00000000
00000000
00000000
00000000
00000000
00000000
00000000
00000000
00000000
00000000
00000000
00000000
00000000
00000000
00000000
00000000
00000000
00000000
00000000
00000000
00000000
00000000
00000000
00000000
00000000
00000000
00000000
00000000
00000000
00000000
00000000
00000000
00000000
00000000
00000000
00000000
00000000
00000000
00000000
00000000
00000000
00000000
00000000
00000000
00000000
00000000
00000000
00000000
00000000
00000000
00000000
00000000
00000000
00000000
00000000
00000000
00000000
00000000
00000000
00000000
00000000
00000000
00000000
00000000
00000000
00000000
00000000
00000000
00000000
00000000
00000000
00000000
00000000
00000000
00000000
00000000
00000000
00000000
00000000
00000000
00000000
00000000
00000000
00000000
00000000
00000000
00000000
00000000
00000000
00000000
00000000
00000000
00000000
00000000
00000000
00000000
00000000
00000000
00000000
00000000
00000000
00000000
00000000
00000000
00000000
00000000
00000000
00000000
00000000
00000000
00000000
00000000
00000000
00000000
00000000
00000000
00000000
00000000
00000000
00000000
00000000
00000000
00000000
00000000
00000000
00000000
00000000
00000000
00000000
00000000
00000000
00000000
00000000
00000000
00000000
00000000
00000000
00000000
00000000
00000000
00000000
00000000
00000000
00000000
00000000
00000000
00000000
00000000
00000000
00000000
00000000
00000000
00000000
00000000
00000000
00000000
00000000
00000000
00000000
00000000
00000000
00000000
00000000
00000000
00000000
00000000
00000000
00000000
00000000
00000000
00000000
00000000
00000000
00000000
00000000
00000000
00000000
00000000
00000000
00000000
00000000
00000000
00000000
00000000
00000000
00000000
00000000
00000000
00000000
00000000
00000000
00000000
00000000
00000000
00000000
00000000
00000000
00000000
00000000
00000000
00000000
00000000
00000000
00000000
00000000
00000000
00000000
00000000
00000000
00000000
00000000
00000000
00000000
00000000
00000000
00000000
00000000
00000000
00000000
00000000
00000000
00000000
00000000
00000000
00000000
00000000
00000000
00000000
00000000
00000000
00000000
00000000
00000000
00000000
00000000
00000000
00000000
00000000
00000000
00000000
00000000
00000000
00000000
00000000
00000000
00000000
00000000
00000000
00000000
00000000
00000000
00000000
00000000
00000000
00000000
00000000
00000000
00000000
00000000
00000000
00000000
00000000
00000000
00000000
00000000
00000000
00000000
00000000
00000000
00000000
00000000
00000000
00000000
00000000
00000000
00000000
00000000
00000000
00000000
00000000
00000000
00000000
00000000
00000000
00000000
00000000
00000000
00000000
00000000
00000000
00000000
00000000
00000000
00000000
00000000
00000000
00000000
00000000
00000000
00000000
00000000
00000000
00000000
00000000
00000000
00000000
00000000
00000000
00000000
00000000
00000000
00000000
00000000
00000000
00000000
00000000
00000000
00000000
00000000
00000000
00000000
00000000
00000000
00000000
00000000
00000000
00000000
00000000
00000000
00000000
00000000
00000000
00000000
00000000
00000000
00000000
00000000
00000000
00000000
00000000
00000000
00000000
00000000
00000000
00000000
00000000
00000000
00000000
00000000
00000000
00000000
00000000
00000000
00000000
00000000
00000000
00000000
00000000
00000000
00000000
00000000
00000000
00000000
00000000
00000000
00000000
00000000
00000000
00000000
00000000
00000000
00000000
00000000
00000000
00000000
00000000
00000000
00000000
00000000
00000000
00000000
00000000
00000000
00000000
00000000
00000000
00000000
00000000
00000000
00000000
00000000
00000000
00000000
00000000
00000000
00000000
00000000
00000000
00000000
00000000
00000000
00000000
00000000
00000000
00000000
00000000
00000000
00000000
00000000
00000000
00000000
00000000
00000000
00000000
00000000
00000000
00000000
00000000
00000000
00000000
00000000
00000000
00000000
00000000
00000000
00000000
00000000
00000000
00000000
00000000
00000000
00000000
00000000
00000000
00000000
00000000
00000000
00000000
00000000
00000000
00000000
00000000
00000000
00000000
00000000
00000000
00000000
00000000
00000000
00000000
00000000
00000000
00000000
00000000
00000000
00000000
00000000
00000000
00000000
00000000
00000000
00000000
00000000
00000000
00000000
00000000
00000000
00000000
00000000
00000000
00000000
00000000
00000000
00000000
00000000
00000000
00000000
00000000
00000000
00000000
00000000
00000000
00000000
00000000
00000000
00000000
00000000
00000000
00000000
00000000
00000000
00000000
00000000
00000000
00000000
00000000
00000000
00000000
00000000
00000000
00000000
00000000
00000000
00000000
00000000
00000000
00000000
00000000
00000000
00000000
00000000
00000000
00000000
00000000
00000000
00000000
00000000
00000000
00000000
00000000
00000000
00000000
00000000
00000000
00000000
00000000
00000000
00000000
00000000
00000000
00000000
00000000
00000000
00000000
00000000
00000000
00000000
00000000
00000000
00000000
00000000
00000000
00000000
00000000
00000000
00000000
00000000
00000000
00000000
00000000
00000000
00000000
00000000
00000000
00000000
00000000
00000000
00000000
00000000
00000000
00000000
00000000
00000000
00000000
00000000
00000000
00000000
00000000
00000000
00000000
00000000
00000000
00000000
00000000
00000000
00000000
00000000
00000000
00000000
00000000
00000000
00000000
00000000
00000000
00000000
00000000
00000000
00000000
00000000
00000000
00000000
00000000
00000000
00000000
00000000
00000000
00000000
00000000
00000000
00000000
00000000
00000000
00000000
00000000
00000000
00000000
00000000
00000000
00000000
00000000
00000000
00000000
00000000
00000000
00000000
00000000
00000000
00000000
00000000
00000000
00000000
00000000
00000000
00000000
00000000
00000000
00000000
00000000
00000000
00000000
00000000
00000000
00000000
00000000
00000000
00000000
00000000
00000000
00000000
00000000
00000000
00000000
00000000
00000000
00000000
00000000
00000000
00000000
00000000
00000000
00000000
00000000
00000000
00000000
00000000
00000000
00000000
00000000
00000000
00000000
00000000
00000000
00000000
00000000
00000000
00000000
00000000
00000000
00000000
00000000
00000000
00000000
00000000
00000000
00000000
00000000
00000000
00000000
00000000
00000000
00000000
00000000
00000000
00000000
00000000
00000000
00000000
00000000
00000000
00000000
00000000
00000000
00000000
00000000
00000000
00000000
00000000
00000000
00000000
00000000
00000000
00000000
00000000
00000000
00000000
00000000
00000000
00000000
00000000
00000000
00000000
00000000
00000000
00000000
00000000
00000000
00000000
00000000
00000000
00000000
00000000
00000000
00000000
00000000
00000000
00000000
00000000
00000000
00000000
00000000
00000000
00000000
00000000
00000000
00000000
00000000
00000000
00000000
00000000
00000000
00000000
00000000
00000000
00000000
00000000
00000000
00000000
00000000
00000000
00000000
00000000
00000000
00000000
00000000
00000000
00000000
00000000
00000000
00000000
00000000
00000000
00000000
00000000
00000000
00000000
00000000
00000000
00000000
00000000
00000000
00000000
00000000
00000000
00000000
00000000
00000000
00000000
00000000
00000000
00000000
00000000
00000000
00000000
00000000
00000000
00000000
00000000
00000000
00000000
00000000
00000000
00000000
00000000
00000000
00000000
00000000
00000000
00000000
00000000
00000000
00000000
00000000
00000000
00000000
00000000
00000000
00000000
00000000
00000000
00000000
00000000
00000000
00000000
00000000
00000000
00000000
00000000
00000000
00000000
00000000
00000000
00000000
00000000
00000000
00000000
00000000
00000000
00000000
00000000
00000000
00000000
00000000
00000000
00000000
00000000
00000000
00000000
00000000
00000000
00000000
00000000
00000000
00000000
00000000
00000000
00000000
00000000
00000000
00000000
00000000
00000000
00000000
00000000
00000000
00000000
00000000
00000000
00000000
00000000
00000000
00000000
00000000
00000000
00000000
00000000
00000000
00000000
00000000
00000000
00000000
00000000
00000000
00000000
00000000
00000000
00000000
00000000
00000000
00000000
00000000
00000000
00000000
00000000
00000000
00000000
00000000
00000000
00000000
00000000
00000000
00000000
00000000
00000000
00000000
00000000
00000000
00000000
00000000
00000000
00000000
00000000
00000000
00000000
00000000
00000000
00000000
00000000
00000000
00000000
00000000
00000000
00000000
00000000
00000000
00000000
00000000
00000000
00000000
00000000
00000000
00000000
00000000
00000000
00000000
00000000
00000000
00000000
00000000
00000000
00000000
00000000
00000000
00000000
00000000
00000000
00000000
00000000
00000000
00000000
00000000
00000000
00000000
00000000
00000000
00000000
00000000
00000000
00000000
00000000
00000000
00000000
00000000
00000000
00000000
00000000
00000000
00000000
00000000
00000000
00000000
00000000
00000000
00000000
00000000
00000000
00000000
00000000
00000000
00000000
00000000
00000000
00000000
00000000
00000000
00000000
00000000
00000000
00000000
00000000
00000000
00000000
00000000
00000000
00000000
00000000
00000000
00000000
00000000
00000000
00000000
00000000
00000000
00000000
00000000
00000000
00000000
00000000
00000000
00000000
00000000
00000000
00000000
00000000
00000000
00000000
00000000
00000000
00000000
00000000
00000000
00000000
00000000
00000000
00000000
00000000
00000000
00000000
00000000
00000000
00000000
00000000
00000000
00000000
00000000
00000000
00000000
00000000
00000000
00000000
00000000
00000000
00000000
00000000
00000000
00000000
00000000
00000000
00000000
00000000
00000000
00000000
00000000
00000000
00000000
00000000
00000000
00000000
00000000
00000000
00000000
00000000
00000000
00000000
00000000
00000000
00000000
00000000
00000000
00000000
00000000
00000000
00000000
00000000
00000000
00000000
00000000
00000000
00000000
00000000
00000000
00000000
00000000
00000000
00000000
00000000
00000000
00000000
00000000
00000000
00000000
00000000
00000000
00000000
00000000
00000000
00000000
00000000
00000000
00000000
00000000
00000000
00000000
00000000
00000000
00000000
00000000
00000000
00000000
00000000
00000000
00000000
00000000
00000000
00000000
00000000
00000000
00000000
00000000
00000000
00000000
00000000
00000000
00000000
00000000
00000000
00000000
00000000
00000000
00000000
00000000
00000000
00000000
00000000
00000000
00000000
00000000
00000000
00000000
00000000
00000000
00000000
00000000
00000000
00000000
00000000
00000000
00000000
00000000
00000000
00000000
00000000
00000000
00000000
00000000
00000000
00000000
00000000
00000000
00000000
00000000
00000000
00000000
00000000
00000000
00000000
00000000
00000000
00000000
00000000
00000000
00000000
00000000
00000000
00000000
00000000
00000000
00000000
00000000
00000000
00000000
00000000
00000000
00000000
00000000
00000000
00000000
00000000
00000000
00000000
00000000
00000000
00000000
00000000
00000000
00000000
00000000
00000000
00000000
00000000
00000000
00000000
00000000
00000000
00000000
00000000
00000000
00000000
00000000
00000000
00000000
00000000
00000000
00000000
00000000
00000000
00000000
00000000
00000000
00000000
00000000
00000000
00000000
00000000
00000000
00000000
00000000
00000000
00000000
00000000
00000000
00000000
00000000
00000000
00000000
00000000
00000000
00000000
00000000
00000000
00000000
00000000
00000000
00000000
00000000
00000000
00000000
00000000
00000000
00000000
00000000
00000000
00000000
00000000
00000000
00000000
00000000
00000000
00000000
00000000
00000000
00000000
00000000
00000000
00000000
00000000
00000000
00000000
00000000
00000000
00000000
00000000
00000000
00000000
00000000
00000000
00000000
00000000
00000000
00000000
00000000
00000000
00000000
00000000
00000000
00000000
00000000
00000000
00000000
00000000
00000000
00000000
00000000
00000000
00000000
00000000
00000000
00000000
00000000
00000000
00000000
00000000
00000000
00000000
00000000
00000000
00000000
00000000
00000000
00000000
00000000
00000000
00000000
00000000
00000000
00000000
00000000
00000000
00000000
00000000
00000000
00000000
00000000
00000000
00000000
00000000
00000000
00000000
00000000
00000000
00000000
00000000
00000000
00000000
00000000
00000000
00000000
00000000
00000000
00000000
00000000
00000000
00000000
00000000
00000000
00000000
00000000
00000000
00000000
00000000
00000000
00000000
00000000
00000000
00000000
00000000
00000000
00000000
00000000
00000000
00000000
00000000
00000000
00000000
00000000
00000000
00000000
00000000
00000000
00000000
00000000
00000000
00000000
00000000
00000000
00000000
00000000
00000000
00000000
00000000
00000000
00000000
00000000
00000000
00000000
00000000
00000000
00000000
00000000
00000000
00000000
00000000
00000000
00000000
00000000
00000000
00000000
00000000
00000000
00000000
00000000
00000000
00000000
00000000
00000000
00000000
00000000
00000000
00000000
00000000
00000000
00000000
00000000
00000000
00000000
00000000
00000000
00000000
00000000
00000000
00000000
00000000
00000000
00000000
00000000
00000000
00000000
00000000
00000000
00000000
00000000
00000000
00000000
00000000
00000000
00000000
00000000
00000000
00000000
00000000
00000000
00000000
00000000
00000000
00000000
00000000
00000000
00000000
00000000
00000000
00000000
00000000
00000000
00000000
00000000
00000000
00000000
00000000
00000000
00000000
00000000
00000000
00000000
00000000
00000000
00000000
00000000
00000000
00000000
00000000
00000000
00000000
00000000
00000000
00000000
00000000
00000000
00000000
00000000
00000000
00000000
00000000
00000000
00000000
00000000
00000000
00000000
00000000
00000000
00000000
00000000
00000000
00000000
00000000
00000000
00000000
00000000
00000000
00000000
00000000
00000000
00000000
00000000
00000000
00000000
00000000
00000000
00000000
00000000
00000000
00000000
00000000
00000000
00000000
00000000
00000000
00000000
00000000
00000000
00000000
00000000
00000000
00000000
00000000
00000000
00000000
00000000
00000000
00000000
00000000
00000000
00000000
00000000
00000000
00000000
00000000
00000000
00000000
00000000
00000000
00000000
00000000
00000000
00000000
00000000
00000000
00000000
00000000
00000000
00000000
00000000
00000000
00000000
00000000
00000000
00000000
00000000
00000000
00000000
00000000
00000000
00000000
00000000
00000000
00000000
00000000
00000000
00000000
00000000
00000000
00000000
00000000
00000000
00000000
00000000
00000000
00000000
00000000
00000000
00000000
00000000
00000000
00000000
00000000
00000000
00000000
00000000
00000000
00000000
00000000
00000000
00000000
00000000
00000000
00000000
00000000
00000000
00000000
00000000
00000000
00000000
00000000
00000000
00000000
00000000
00000000
00000000
00000000
00000000
00000000
00000000
00000000
00000000
00000000
00000000
00000000
00000000
00000000
00000000
00000000
00000000
00000000
00000000
00000000
00000000
00000000
00000000
00000000
00000000
00000000
00000000
00000000
00000000
00000000
00000000
00000000
00000000
00000000
00000000
00000000
00000000
00000000
00000000
00000000
00000000
00000000
00000000
00000000
00000000
00000000
00000000
00000000
00000000
00000000
00000000
00000000
00000000
00000000
00000000
00000000
00000000
00000000
00000000
00000000
00000000
00000000
00000000
00000000
00000000
00000000
00000000
00000000
00000000
00000000
00000000
00000000
00000000
00000000
00000000
00000000
00000000
00000000
00000000
00000000
00000000
00000000
00000000
00000000
00000000
00000000
00000000
00000000
00000000
00000000
00000000
00000000
00000000
00000000
00000000
00000000
00000000
00000000
00000000
00000000
00000000
00000000
00000000
00000000
00000000
00000000
00000000
00000000
00000000
00000000
00000000
00000000
00000000
00000000
00000000
00000000
00000000
00000000
00000000
00000000
00000000
00000000
00000000
00000000
00000000
00000000
00000000
00000000
00000000
00000000
00000000
00000000
00000000
00000000
00000000
00000000
00000000
00000000
00000000
00000000
00000000
00000000
00000000
00000000
00000000
00000000
00000000
00000000
00000000
00000000
00000000
00000000
00000000
00000000
00000000
00000000
00000000
00000000
00000000
00000000
00000000
00000000
00000000
00000000
00000000
00000000
00000000
00000000
00000000
00000000
00000000
00000000
00000000
00000000
00000000
00000000
00000000
00000000
00000000
00000000
00000000
00000000
00000000
00000000
00000000
00000000
00000000
00000000
00000000
00000000
00000000
00000000
00000000
00000000
00000000
00000000
00000000
00000000
00000000
00000000
00000000
00000000
00000000
00000000
00000000
00000000
00000000
00000000
00000000
00000000
00000000
00000000
00000000
00000000
00000000
00000000
00000000
00000000
00000000
00000000
00000000
00000000
00000000
00000000
00000000
00000000
00000000
00000000
00000000
00000000
00000000
00000000
00000000
00000000
00000000
00000000
00000000
00000000
00000000
00000000
00000000
00000000
00000000
00000000
00000000
00000000
00000000
00000000
00000000
00000000
00000000
00000000
00000000
00000000
00000000
00000000
00000000
00000000
00000000
00000000
00000000
00000000
00000000
00000000
00000000
00000000
00000000
00000000
00000000
00000000
00000000
00000000
00000000
00000000
00000000
00000000
00000000
00000000
00000000
00000000
00000000
00000000
00000000
00000000
00000000
00000000
00000000
00000000
00000000
00000000
00000000
00000000
00000000
00000000
00000000
00000000
00000000
00000000
00000000
00000000
00000000
00000000
00000000
00000000
00000000
00000000
00000000
00000000
00000000
00000000
00000000
00000000
00000000
00000000
00000000
00000000
00000000
00000000
00000000
00000000
00000000
00000000
00000000
00000000
00000000
00000000
00000000
00000000
00000000
00000000
00000000
00000000
00000000
00000000
00000000
00000000
00000000
00000000
00000000
00000000
00000000
00000000
00000000
00000000
00000000
00000000
00000000
00000000
00000000
00000000
00000000
00000000
00000000
00000000
00000000
00000000
00000000
00000000
00000000
00000000
00000000
00000000
00000000
00000000
00000000
00000000
00000000
00000000
00000000
00000000
00000000
00000000
00000000
00000000
00000000
00000000
00000000
00000000
00000000
00000000
00000000
00000000
00000000
00000000
00000000
00000000
00000000
00000000
00000000
00000000
00000000
00000000
00000000
00000000
00000000
00000000
00000000
00000000
00000000
00000000
00000000
00000000
00000000
00000000
00000000
00000000
00000000
00000000
00000000
00000000
00000000
00000000
00000000
00000000
00000000
00000000
00000000
00000000
00000000
00000000
00000000
00000000
00000000
00000000
00000000
00000000
00000000
00000000
00000000
00000000
00000000
00000000
00000000
00000000
00000000
00000000
00000000
00000000
00000000
00000000
00000000
00000000
00000000
00000000
00000000
00000000
00000000
00000000
00000000
00000000
00000000
00000000
00000000
00000000
00000000
00000000
00000000
00000000
00000000
00000000
00000000
00000000
00000000
00000000
00000000
00000000
00000000
00000000
00000000
00000000
00000000
00000000
00000000
00000000
00000000
00000000
00000000
00000000
00000000
00000000
00000000
00000000
00000000
00000000
00000000
00000000
00000000
00000000
00000000
00000000
00000000
00000000
00000000
00000000
00000000
00000000
00000000
00000000
00000000
00000000
00000000
00000000
00000000
00000000
00000000
00000000
00000000
00000000
00000000
00000000
00000000
00000000
00000000
00000000
00000000
00000000
00000000
00000000
00000000
00000000
00000000
00000000
00000000
00000000
00000000
00000000
00000000
00000000
00000000
00000000
00000000
00000000
00000000
00000000
00000000
00000000
00000000
00000000
00000000
00000000
00000000
00000000
00000000
00000000
00000000
00000000
00000000
00000000
00000000
00000000
00000000
00000000
00000000
00000000
00000000
00000000
00000000
00000000
00000000
00000000
00000000
00000000
00000000
00000000
00000000
00000000
00000000
00000000
00000000
00000000
00000000
00000000
00000000
00000000
00000000
00000000
00000000
00000000
00000000
00000000
00000000
00000000
00000000
00000000
00000000
00000000
00000000
00000000
00000000
00000000
00000000
00000000
00000000
00000000
00000000
00000000
00000000
00000000
00000000
00000000
00000000
00000000
00000000
00000000
00000000
00000000
00000000
00000000
00000000
00000000
00000000
00000000
00000000
00000000
00000000
00000000
00000000
00000000
00000000
00000000
00000000
00000000
00000000
00000000
00000000
00000000
00000000
00000000
00000000
00000000
00000000
00000000
00000000
00000000
00000000
00000000
00000000
00000000
00000000
00000000
00000000
00000000
00000000
00000000
00000000
00000000
00000000
00000000
00000000
00000000
00000000
00000000
00000000
00000000
00000000
00000000
00000000
00000000
00000000
00000000
00000000
00000000
00000000
00000000
00000000
00000000
00000000
00000000
00000000
00000000
00000000
00000000
00000000
00000000
00000000
00000000
00000000
00000000
00000000
00000000
00000000
00000000
00000000
00000000
00000000
00000000
00000000
00000000
00000000
00000000
00000000
00000000
00000000
00000000
00000000
00000000
00000000
00000000
00000000
00000000
00000000
00000000
00000000
00000000
00000000
00000000
00000000
00000000
00000000
00000000
00000000
00000000
00000000
00000000
00000000
00000000
00000000
00000000
00000000
00000000
00000000
00000000
00000000
00000000
00000000
00000000
00000000
00000000
00000000
00000000
00000000
00000000
00000000
00000000
00000000
00000000
00000000
00000000
00000000
00000000
00000000
00000000
00000000
00000000
00000000
00000000
00000000
00000000
00000000
00000000
00000000
00000000
00000000
00000000
00000000
00000000
00000000
00000000
00000000
00000000
00000000
00000000
00000000
00000000
00000000
00000000
00000000
00000000
00000000
00000000
00000000
00000000
00000000
00000000
00000000
00000000
00000000
00000000
00000000
00000000
00000000
00000000
00000000
00000000
00000000
00000000
00000000
00000000
00000000
00000000
00000000
00000000
00000000
00000000
00000000
00000000
00000000
00000000
00000000
00000000
00000000
00000000
00000000
00000000
00000000
00000000
00000000
00000000
00000000
00000000
00000000
00000000
00000000
00000000
00000000
00000000
00000000
00000000
00000000
00000000
00000000
00000000
00000000
00000000
00000000
00000000
00000000
00000000
00000000
00000000
00000000
00000000
00000000
00000000
00000000
00000000
00000000
00000000
00000000
00000000
00000000
00000000
00000000
00000000
00000000
00000000
00000000
00000000
00000000
00000000
00000000
00000000
00000000
00000000
00000000
00000000
00000000
00000000
00000000
00000000
00000000
00000000
00000000
00000000
00000000
00000000
00000000
00000000
00000000
00000000
00000000
00000000
00000000
00000000
00000000
00000000
00000000
00000000
00000000
00000000
00000000
00000000
00000000
00000000
00000000
00000000
00000000
00000000
00000000
00000000
00000000
00000000
00000000
00000000
00000000
00000000
00000000
00000000
00000000
00000000
00000000
00000000
00000000
00000000
00000000
00000000
00000000
00000000
00000000
00000000
00000000
00000000
00000000
00000000
00000000
00000000
00000000
00000000
00000000
00000000
00000000
00000000
00000000
00000000
00000000
00000000
00000000
00000000
00000000
00000000
00000000
00000000
00000000
00000000
00000000
00000000
00000000
00000000
00000000
00000000
00000000
00000000
00000000
00000000
00000000
00000000
00000000
00000000
00000000
00000000
00000000
00000000
00000000
00000000
00000000
00000000
00000000
00000000
00000000
00000000
00000000
00000000
00000000
00000000
00000000
00000000
00000000
00000000
00000000
00000000
00000000
00000000
00000000
00000000
00000000
00000000
00000000
00000000
00000000
00000000
00000000
00000000
00000000
00000000
00000000
00000000
00000000
00000000
00000000
00000000
00000000
00000000
00000000
00000000
00000000
00000000
00000000
00000000
00000000
00000000
00000000
00000000
00000000
00000000
00000000
00000000
00000000
00000000
00000000
00000000
00000000
00000000
00000000
00000000
00000000
00000000
00000000
00000000
00000000
00000000
00000000
00000000
00000000
00000000
00000000
00000000
00000000
00000000
00000000
00000000
00000000
00000000
00000000
00000000
00000000
00000000
00000000
00000000
00000000
00000000
00000000
00000000
00000000
00000000
00000000
00000000
00000000
00000000
00000000
00000000
00000000
00000000
00000000
00000000
00000000
00000000
00000000
00000000
00000000
00000000
00000000
00000000
00000000
00000000
00000000
00000000
00000000
00000000
00000000
00000000
00000000
00000000
00000000
00000000
00000000
00000000
00000000
00000000
00000000
00000000
00000000
00000000
00000000
00000000
00000000
00000000
00000000
00000000
00000000
00000000
00000000
00000000
00000000
00000000
00000000
00000000
00000000
00000000
00000000
00000000
00000000
00000000
00000000
00000000
00000000
00000000
00000000
00000000
00000000
00000000
00000000
00000000
00000000
00000000
00000000
00000000
00000000
00000000
00000000
00000000
00000000
00000000
00000000
00000000
00000000
00000000
00000000
00000000
00000000
00000000
00000000
00000000
00000000
00000000
00000000
00000000
00000000
00000000
00000000
00000000
00000000
00000000
00000000
00000000
00000000
00000000
00000000
00000000
00000000
00000000
00000000
00000000
00000000
00000000
00000000
00000000
00000000
00000000
00000000
00000000
00000000
00000000
00000000
00000000
00000000
00000000
00000000
00000000
00000000
00000000
00000000
00000000
00000000
00000000
00000000
00000000
00000000
00000000
00000000
00000000
00000000
00000000
00000000
00000000
00000000
00000000
00000000
00000000
00000000
00000000
00000000
00000000
00000000
00000000
00000000
00000000
00000000
00000000
00000000
00000000
00000000
00000000
00000000
00000000
00000000
00000000
00000000
00000000
00000000
00000000
00000000
00000000
00000000
00000000
00000000
00000000
00000000
00000000
00000000
00000000
00000000
00000000
00000000
00000000
00000000
00000000
00000000
00000000
00000000
00000000
00000000
00000000
00000000
00000000
00000000
00000000
00000000
00000000
00000000
00000000
00000000
00000000
00000000
00000000
00000000
00000000
00000000
00000000
00000000
00000000
00000000
00000000
00000000
00000000
00000000
00000000
00000000
00000000
00000000
00000000
00000000
00000000
00000000
00000000
00000000
00000000
00000000
00000000
00000000
00000000
00000000
00000000
00000000
00000000
00000000
00000000
00000000
00000000
00000000
00000000
00000000
00000000
00000000
00000000
00000000
00000000
00000000
00000000
00000000
00000000
00000000
00000000
00000000
00000000
00000000
00000000
00000000
00000000
00000000
00000000
00000000
00000000
00000000
00000000
00000000
00000000
00000000
00000000
00000000
00000000
00000000
00000000
00000000
00000000
00000000
00000000
00000000
00000000
00000000
00000000
00000000
00000000
00000000
00000000
00000000
00000000
00000000
00000000
00000000
00000000
00000000
00000000
00000000
00000000
00000000
00000000
00000000
00000000
00000000
00000000
00000000
00000000
00000000
00000000
00000000
00000000
00000000
00000000
00000000
00000000
00000000
00000000
00000000
00000000
00000000
00000000
00000000
00000000
00000000
00000000
00000000
00000000
00000000
00000000
00000000
00000000
00000000
00000000
00000000
00000000
00000000
00000000
00000000
00000000
00000000
00000000
00000000
00000000
00000000
00000000
00000000
00000000
00000000
00000000
00000000
00000000
00000000
00000000
00000000
00000000
00000000
00000000
00000000
00000000
00000000
00000000
00000000
00000000
00000000
00000000
00000000
00000000
00000000
00000000
00000000
00000000
00000000
00000000
00000000
00000000
00000000
00000000
00000000
00000000
00000000
00000000
00000000
00000000
00000000
00000000
00000000
00000000
00000000
00000000
00000000
00000000
00000000
00000000
00000000
00000000
00000000
00000000
00000000
00000000
00000000
00000000
00000000
00000000
00000000
00000000
00000000
00000000
00000000
00000000
00000000
00000000
00000000
00000000
00000000
00000000
00000000
00000000
00000000
00000000
00000000
00000000
00000000
00000000
00000000
00000000
00000000
00000000
00000000
00000000
00000000
00000000
00000000
00000000
00000000
00000000
00000000
00000000
00000000
00000000
00000000
00000000
00000000
00000000
00000000
00000000
00000000
00000000
00000000
00000000
00000000
00000000
00000000
00000000
00000000
00000000
00000000
00000000
00000000
00000000
00000000
00000000
00000000
00000000
00000000
00000000
00000000
00000000
00000000
00000000
00000000
00000000
00000000
00000000
00000000
00000000
00000000
00000000
00000000
00000000
00000000
00000000
00000000
00000000
00000000
00000000
00000000
00000000
00000000
00000000
00000000
00000000
00000000
00000000
00000000
00000000
00000000
00000000
00000000
00000000
00000000
00000000
00000000
00000000
00000000
00000000
00000000
00000000
00000000
00000000
00000000
00000000
00000000
00000000
00000000
00000000
00000000
00000000
00000000
00000000
00000000
00000000
00000000
00000000
00000000
00000000
00000000
00000000
00000000
00000000
00000000
00000000
00000000
00000000
00000000
00000000
00000000
00000000
00000000
00000000
00000000
00000000
00000000
00000000
00000000
00000000
00000000
00000000
00000000
00000000
00000000
00000000
00000000
00000000
00000000
00000000
00000000
00000000
00000000
00000000
00000000
00000000
00000000
00000000
00000000
00000000
00000000
00000000
00000000
00000000
00000000
00000000
00000000
00000000
00000000
00000000
00000000
00000000
00000000
00000000
00000000
00000000
00000000
00000000
00000000
00000000
00000000
00000000
00000000
00000000
00000000
00000000
00000000
00000000
00000000
00000000
00000000
00000000
00000000
00000000
00000000
00000000
00000000
00000000
00000000
00000000
00000000
00000000
00000000
00000000
00000000
00000000
00000000
00000000
00000000
00000000
00000000
00000000
00000000
00000000
00000000
00000000
00000000
00000000
00000000
00000000
00000000
00000000
00000000
00000000
00000000
00000000
00000000
00000000
00000000
00000000
00000000
00000000
00000000
00000000
00000000
00000000
00000000
00000000
00000000
00000000
00000000
00000000
00000000
00000000
00000000
00000000
00000000
00000000
00000000
00000000
00000000
00000000
00000000
00000000
00000000
00000000
00000000
00000000
00000000
00000000
00000000
00000000
00000000
00000000
00000000
00000000
00000000
00000000
00000000
00000000
00000000
00000000
00000000
00000000
00000000
00000000
00000000
00000000
00000000
00000000
00000000
00000000
00000000
00000000
00000000
00000000
00000000
00000000
00000000
00000000
00000000
00000000
00000000
00000000
00000000
00000000
00000000
00000000
00000000
00000000
00000000
00000000
00000000
00000000
00000000
00000000
00000000
00000000
00000000
00000000
00000000
00000000
00000000
00000000
00000000
00000000
00000000
00000000
00000000
00000000
00000000
00000000
00000000
00000000
00000000
00000000
00000000
00000000
00000000
00000000
00000000
00000000
00000000
00000000
00000000
00000000
00000000
00000000
00000000
00000000
00000000
00000000
00000000
00000000
00000000
00000000
00000000
00000000
00000000
00000000
00000000
00000000
00000000
00000000
00000000
00000000
00000000
00000000
00000000
00000000
00000000
00000000
00000000
00000000
00000000
00000000
00000000
00000000
00000000
00000000
00000000
00000000
00000000
00000000
00000000
00000000
00000000
00000000
00000000
00000000
00000000
00000000
00000000
00000000
00000000
00000000
00000000
00000000
00000000
00000000
00000000
00000000
00000000
00000000
00000000
00000000
00000000
00000000
00000000
00000000
00000000
00000000
00000000
00000000
00000000
00000000
00000000
00000000
00000000
00000000
00000000
00000000
00000000
00000000
00000000
00000000
00000000
00000000
00000000
00000000
00000000
00000000
00000000
00000000
00000000
00000000
00000000
00000000
00000000
00000000
00000000
00000000
00000000
00000000
00000000
00000000
00000000
00000000
00000000
00000000
00000000
00000000
00000000
00000000
00000000
00000000
00000000
00000000
00000000
00000000
00000000
00000000
00000000
00000000
00000000
00000000
00000000
00000000
00000000
00000000
00000000
00000000
00000000
00000000
00000000
00000000
00000000
00000000
00000000
00000000
00000000
00000000
00000000
00000000
00000000
00000000
00000000
00000000
00000000
00000000
00000000
00000000
00000000
00000000
00000000
00000000
00000000
00000000
00000000
00000000
00000000
00000000
00000000
00000000
00000000
00000000
00000000
00000000
00000000
00000000
00000000
00000000
00000000
00000000
00000000
00000000
00000000
00000000
00000000
00000000
00000000
00000000
00000000
00000000
00000000
00000000
00000000
00000000
00000000
00000000
00000000
00000000
00000000
00000000
00000000
00000000
00000000
00000000
00000000
00000000
00000000
00000000
00000000
00000000
00000000
00000000
00000000
00000000
00000000
00000000
00000000
00000000
00000000
00000000
00000000
00000000
00000000
00000000
00000000
00000000
00000000
00000000
00000000
00000000
00000000
00000000
00000000
00000000
00000000
00000000
00000000
00000000
00000000
00000000
00000000
00000000
00000000
00000000
00000000
00000000
00000000
00000000
00000000
00000000
00000000
00000000
00000000
00000000
00000000
00000000
00000000
00000000
00000000
00000000
00000000
00000000
00000000
00000000
00000000
00000000
00000000
00000000
00000000
00000000
00000000
00000000
00000000
00000000
00000000
00000000
00000000
00000000
00000000
00000000
00000000
00000000
00000000
00000000
00000000
00000000
00000000
00000000
00000000
00000000
00000000
00000000
00000000
00000000
00000000
00000000
00000000
00000000
00000000
00000000
00000000
00000000
00000000
00000000
00000000
00000000
00000000
00000000
00000000
00000000
00000000
00000000
00000000
00000000
00000000
00000000
00000000
00000000
00000000
00000000
00000000
00000000
00000000
00000000
00000000
00000000
00000000
00000000
00000000
00000000
00000000
00000000
00000000
00000000
00000000
00000000
00000000
00000000
00000000
00000000
00000000
00000000
00000000
00000000
00000000
00000000
00000000
00000000
00000000
00000000
00000000
00000000
00000000
00000000
00000000
00000000
00000000
00000000
00000000
00000000
00000000
00000000
00000000
00000000
00000000
00000000
00000000
00000000
00000000
00000000
00000000
00000000
00000000
00000000
00000000
00000000
00000000
00000000
00000000
00000000
00000000
00000000
00000000
00000000
00000000
00000000
00000000
00000000
00000000
00000000
00000000
00000000
00000000
00000000
00000000
00000000
00000000
00000000
00000000
00000000
00000000
00000000
00000000
00000000
00000000
00000000
00000000
00000000
00000000
00000000
00000000
00000000
00000000
00000000
00000000
00000000
00000000
00000000
00000000
00000000
00000000
00000000
00000000
00000000
00000000
00000000
00000000
00000000
00000000
00000000
00000000
00000000
00000000
00000000
00000000
00000000
00000000
00000000
00000000
00000000
00000000
00000000
00000000
00000000
00000000
00000000
00000000
00000000
00000000
00000000
00000000
00000000
00000000
00000000
00000000
00000000
00000000
00000000
00000000
00000000
00000000
00000000
00000000
00000000
00000000
00000000
00000000
00000000
00000000
00000000
00000000
00000000
00000000
00000000
00000000
00000000
00000000
00000000
00000000
00000000
00000000
00000000
00000000
00000000
00000000
00000000
00000000
00000000
00000000
00000000
00000000
00000000
00000000
00000000
00000000
00000000
00000000
00000000
00000000
00000000
00000000
00000000
00000000
00000000
00000000
00000000
00000000
00000000
00000000
00000000
00000000
00000000
00000000
00000000
00000000
00000000
00000000
00000000
00000000
00000000
00000000
00000000
00000000
00000000
00000000
00000000
00000000
00000000
00000000
00000000
00000000
00000000
00000000
00000000
00000000
00000000
00000000
00000000
00000000
00000000
00000000
00000000
00000000
00000000
00000000
00000000
00000000
00000000
00000000
00000000
00000000
00000000
00000000
00000000
00000000
00000000
00000000
00000000
00000000
00000000
00000000
00000000
00000000
00000000
00000000
00000000
00000000
00000000
00000000
00000000
00000000
00000000
00000000
00000000
00000000
00000000
00000000
00000000
00000000
00000000
00000000
00000000
00000000
00000000
00000000
00000000
00000000
00000000
00000000
00000000
00000000
00000000
00000000
00000000
00000000
00000000
00000000
00000000
00000000
00000000
00000000
00000000
00000000
00000000
00000000
00000000
00000000
00000000
00000000
00000000
00000000
00000000
00000000
00000000
00000000
00000000
00000000
00000000
00000000
00000000
00000000
00000000
00000000
00000000
00000000
00000000
00000000
00000000
00000000
00000000
00000000
00000000
00000000
00000000
00000000
00000000
00000000
00000000
00000000
00000000
00000000
00000000
00000000
00000000
00000000
00000000
00000000
00000000
00000000
00000000
00000000
00000000
00000000
00000000
00000000
00000000
00000000
00000000
00000000
00000000
00000000
00000000
00000000
00000000
00000000
00000000
00000000
00000000
00000000
00000000
00000000
00000000
00000000
00000000
00000000
00000000
00000000
00000000
00000000
00000000
00000000
00000000
00000000
00000000
00000000
00000000
00000000
00000000
00000000
00000000
00000000
00000000
00000000
00000000
00000000
00000000
00000000
00000000
00000000
00000000
00000000
00000000
00000000
00000000
00000000
00000000
00000000
00000000
00000000
00000000
00000000
00000000
00000000
00000000
00000000
00000000
00000000
00000000
00000000
00000000
00000000
00000000
00000000
00000000
00000000
00000000
00000000
00000000
00000000
00000000
00000000
00000000
00000000
00000000
00000000
00000000
00000000
00000000
00000000
00000000
00000000
00000000
00000000
00000000
00000000
00000000
00000000
00000000
00000000
00000000
00000000
00000000
00000000
00000000
00000000
00000000
00000000
00000000
00000000
00000000
00000000
00000000
00000000
00000000
00000000
00000000
00000000
00000000
00000000
00000000
00000000
00000000
00000000
00000000
00000000
00000000
00000000
00000000
00000000
00000000
00000000
00000000
00000000
00000000
00000000
00000000
00000000
00000000
00000000
00000000
00000000
00000000
00000000
00000000
00000000
00000000
00000000
00000000
00000000
00000000
00000000
00000000
00000000
00000000
00000000
00000000
00000000
00000000
00000000
00000000
00000000
00000000
00000000
00000000
00000000
00000000
00000000
00000000
00000000
00000000
00000000
00000000
00000000
00000000
00000000
00000000
00000000
00000000
00000000
00000000
00000000
00000000
00000000
00000000
00000000
00000000
00000000
00000000
00000000
00000000
00000000
00000000
00000000
00000000
00000000
00000000
00000000
00000000
00000000
00000000
00000000
00000000
00000000
00000000
00000000
00000000
00000000
00000000
00000000
00000000
00000000
00000000
00000000
00000000
00000000
00000000
00000000
00000000
00000000
00000000
00000000
00000000
00000000
00000000
00000000
00000000
00000000
00000000
00000000
00000000
00000000
00000000
00000000
00000000
00000000
00000000
00000000
00000000
00000000
00000000
00000000
00000000
00000000
00000000
00000000
00000000
00000000
00000000
00000000
00000000
00000000
00000000
00000000
00000000
00000000
00000000
00000000
00000000
00000000
00000000
00000000
00000000
00000000
00000000
00000000
00000000
00000000
00000000
00000000
00000000
00000000
00000000
00000000
00000000
00000000
00000000
00000000
00000000
00000000
00000000
00000000
00000000
00000000
00000000
00000000
00000000
00000000
00000000
00000000
00000000
00000000
00000000
00000000
00000000
00000000
00000000
00000000
00000000
00000000
00000000
00000000
00000000
00000000
00000000
00000000
00000000
00000000
00000000
00000000
00000000
00000000
00000000
00000000
00000000
00000000
00000000
00000000
00000000
00000000
00000000
00000000
00000000
00000000
00000000
00000000
00000000
00000000
00000000
00000000
00000000
00000000
00000000
00000000
00000000
00000000
00000000
00000000
00000000
00000000
00000000
00000000
00000000
00000000
00000000
00000000
00000000
00000000
00000000
00000000
00000000
00000000
00000000
00000000
00000000
00000000
00000000
00000000
00000000
00000000
00000000
00000000
00000000
00000000
00000000
00000000
00000000
00000000
00000000
00000000
00000000
00000000
00000000
00000000
00000000
00000000
00000000
00000000
00000000
00000000
00000000
00000000
00000000
00000000
00000000
00000000
00000000
00000000
00000000
00000000
00000000
00000000
00000000
00000000
00000000
00000000
00000000
00000000
00000000
00000000
00000000
00000000
00000000
00000000
00000000
00000000
00000000
00000000
00000000
00000000
00000000
00000000
00000000
00000000
00000000
00000000
00000000
00000000
00000000
00000000
00000000
00000000
00000000
00000000
00000000
00000000
00000000
00000000
00000000
00000000
00000000
00000000
00000000
00000000
00000000
00000000
00000000
00000000
00000000
00000000
00000000
00000000
00000000
00000000
00000000
00000000
00000000
00000000
00000000
00000000
00000000
00000000
00000000
00000000
00000000
00000000
00000000
00000000
00000000
00000000
00000000
00000000
00000000
00000000
00000000
00000000
00000000
00000000
00000000
00000000
00000000
00000000
00000000
00000000
00000000
00000000
00000000
00000000
00000000
00000000
00000000
00000000
00000000
00000000
00000000
00000000
00000000
00000000
00000000
00000000
00000000
00000000
00000000
00000000
00000000
00000000
00000000
00000000
00000000
00000000
00000000
00000000
00000000
00000000
00000000
00000000
00000000
00000000
00000000
00000000
00000000
00000000
00000000
00000000
00000000
00000000
00000000
00000000
00000000
00000000
00000000
00000000
00000000
00000000
00000000
00000000
00000000
00000000
00000000
00000000
00000000
00000000
00000000
00000000
00000000
00000000
00000000
00000000
00000000
00000000
00000000
00000000
00000000
00000000
00000000
00000000
00000000
00000000
00000000
00000000
00000000
00000000
00000000
00000000
00000000
00000000
00000000
00000000
00000000
00000000
00000000
00000000
00000000
00000000
00000000
00000000
00000000
00000000
00000000
00000000
00000000
00000000
00000000
00000000
00000000
00000000
00000000
00000000
00000000
00000000
00000000
00000000
00000000
00000000
00000000
00000000
00000000
00000000
00000000
00000000
00000000
00000000
00000000
00000000
00000000
00000000
00000000
00000000
00000000
00000000
00000000
00000000
00000000
00000000
00000000
00000000
00000000
00000000
00000000
00000000
00000000
00000000
00000000
00000000
00000000
00000000
00000000
00000000
00000000
00000000
00000000
00000000
00000000
00000000
00000000
00000000
00000000
00000000
00000000
00000000
00000000
00000000
00000000
00000000
00000000
00000000
00000000
00000000
00000000
00000000
00000000
00000000
00000000
00000000
00000000
00000000
00000000
00000000
00000000
00000000
00000000
00000000
00000000
00000000
00000000
00000000
00000000
00000000
00000000
00000000
00000000
00000000
00000000
00000000
00000000
00000000
00000000
00000000
00000000
00000000
00000000
00000000
00000000
00000000
00000000
00000000
00000000
00000000
00000000
00000000
00000000
00000000
00000000
00000000
00000000
00000000
00000000
00000000
00000000
00000000
00000000
00000000
00000000
00000000
00000000
00000000
00000000
00000000
00000000
00000000
00000000
00000000
00000000
00000000
00000000
00000000
00000000
00000000
00000000
00000000
00000000
00000000
00000000
00000000
00000000
00000000
00000000
00000000
00000000
00000000
00000000
00000000
00000000
00000000
00000000
00000000
00000000
00000000
00000000
00000000
00000000
00000000
00000000
00000000
00000000
00000000
00000000
00000000
00000000
00000000
00000000
00000000
00000000
00000000
00000000
00000000
00000000
00000000
00000000
00000000
00000000
00000000
00000000
00000000
00000000
00000000
00000000
00000000
00000000
00000000
00000000
00000000
00000000
00000000
00000000
00000000
00000000
00000000
00000000
00000000
00000000
00000000
00000000
00000000
00000000
00000000
00000000
00000000
00000000
00000000
00000000
00000000
00000000
00000000
00000000
00000000
00000000
00000000
00000000
00000000
00000000
00000000
00000000
00000000
00000000
00000000
00000000
00000000
00000000
00000000
00000000
00000000
00000000
00000000
00000000
00000000
00000000
00000000
00000000
00000000
00000000
00000000
00000000
00000000
00000000
00000000
00000000
00000000
00000000
00000000
00000000
00000000
00000000
00000000
00000000
00000000
00000000
00000000
00000000
00000000
00000000
00000000
00000000
00000000
00000000
00000000
00000000
00000000
00000000
00000000
00000000
00000000
00000000
00000000
00000000
00000000
00000000
00000000
00000000
00000000
00000000
00000000
00000000
00000000
00000000
00000000
00000000
00000000
00000000
00000000
00000000
00000000
00000000
00000000
00000000
00000000
00000000
00000000
00000000
00000000
00000000
00000000
00000000
00000000
00000000
00000000
00000000
00000000
00000000
00000000
00000000
00000000
00000000
00000000
00000000
00000000
00000000
00000000
00000000
00000000
00000000
00000000
00000000
00000000
00000000
00000000
00000000
00000000
00000000
00000000
00000000
00000000
00000000
00000000
00000000
00000000
00000000
00000000
00000000
00000000
00000000
00000000
00000000
00000000
00000000
00000000
00000000
00000000
00000000
00000000
00000000
00000000
00000000
00000000
00000000
00000000
00000000
00000000
00000000
00000000
00000000
00000000
00000000
00000000
00000000
00000000
00000000
00000000
00000000
00000000
00000000
00000000
00000000
00000000
00000000
00000000
00000000
00000000
00000000
00000000
00000000
00000000
00000000
00000000
00000000
00000000
00000000
00000000
00000000
00000000
00000000
00000000
00000000
00000000
00000000
00000000
00000000
00000000
00000000
00000000
00000000
00000000
00000000
00000000
00000000
00000000
00000000
00000000
00000000
00000000
00000000
00000000
00000000
00000000
00000000
00000000
00000000
00000000
00000000
00000000
00000000
00000000
00000000
00000000
00000000
00000000
00000000
00000000
00000000
00000000
00000000
00000000
00000000
00000000
00000000
00000000
00000000
00000000
00000000
00000000
00000000
00000000
00000000
00000000
00000000
00000000
00000000
00000000
00000000
00000000
00000000
00000000
00000000
00000000
00000000
00000000
00000000
00000000
00000000
00000000
00000000
00000000
00000000
00000000
00000000
00000000
00000000
00000000
00000000
00000000
00000000
00000000
00000000
00000000
00000000
00000000
00000000
00000000
00000000
00000000
00000000
00000000
00000000
00000000
00000000
00000000
00000000
00000000
00000000
00000000
00000000
00000000
00000000
00000000
00000000
00000000
00000000
00000000
00000000
00000000
00000000
00000000
00000000
00000000
00000000
00000000
00000000
00000000
00000000
00000000
00000000
00000000
00000000
00000000
00000000
00000000
00000000
00000000
00000000
00000000
00000000
00000000
00000000
00000000
00000000
00000000
00000000
00000000
00000000
00000000
00000000
00000000
00000000
00000000
00000000
00000000
00000000
00000000
00000000
00000000
00000000
00000000
00000000
00000000
00000000
00000000
00000000
00000000
00000000
00000000
00000000
00000000
00000000
00000000
00000000
00000000
00000000
00000000
00000000
00000000
00000000
00000000
00000000
00000000
00000000
00000000
00000000
00000000
00000000
00000000
00000000
00000000
00000000
00000000
00000000
00000000
00000000
00000000
00000000
00000000
00000000
00000000
00000000
00000000
00000000
00000000
00000000
00000000
00000000
00000000
00000000
00000000
00000000
00000000
00000000
00000000
00000000
00000000
00000000
00000000
00000000
00000000
00000000
00000000
00000000
00000000
00000000
00000000
00000000
00000000
00000000
00000000
00000000
00000000
00000000
00000000
00000000
00000000
00000000
00000000
00000000
00000000
00000000
00000000
00000000
00000000
00000000
00000000
00000000
00000000
00000000
00000000
00000000
00000000
00000000
00000000
00000000
00000000
00000000
00000000
00000000
00000000
00000000
00000000
00000000
00000000
00000000
00000000
00000000
00000000
00000000
00000000
00000000
00000000
00000000
00000000
00000000
00000000
00000000
00000000
00000000
00000000
00000000
00000000
00000000
00000000
00000000
00000000
00000000
00000000
00000000
00000000
00000000
00000000
00000000
00000000
00000000
00000000
00000000
00000000
00000000
00000000
00000000
00000000
00000000
00000000
00000000
00000000
00000000
00000000
00000000
00000000
00000000
00000000
00000000
00000000
00000000
00000000
00000000
00000000
00000000
00000000
00000000
00000000
00000000
00000000
00000000
00000000
00000000
00000000
00000000
00000000
00000000
00000000
00000000
00000000
00000000
00000000
00000000
00000000
00000000
00000000
00000000
00000000
00000000
00000000
00000000
00000000
00000000
00000000
00000000
00000000
00000000
00000000
00000000
00000000
00000000
00000000
00000000
00000000
00000000
00000000
00000000
00000000
00000000
00000000
00000000
00000000
00000000
00000000
00000000
00000000
00000000
00000000
00000000
00000000
00000000
00000000
00000000
00000000
00000000
00000000
00000000
00000000
00000000
00000000
00000000
00000000
00000000
00000000
00000000
00000000
00000000
00000000
00000000
00000000
00000000
00000000
00000000
00000000
00000000
00000000
00000000
00000000
00000000
00000000
00000000
00000000
00000000
00000000
00000000
00000000
00000000
00000000
00000000
00000000
00000000
00000000
00000000
00000000
00000000
00000000
00000000
00000000
00000000
00000000
00000000
00000000
00000000
00000000
00000000
00000000
00000000
00000000
00000000
00000000
00000000
00000000
00000000
00000000
00000000
00000000
00000000
00000000
00000000
00000000
00000000
00000000
00000000
00000000
00000000
00000000
00000000
00000000
00000000
00000000
00000000
00000000
00000000
00000000
00000000
00000000
00000000
00000000
00000000
00000000
00000000
00000000
00000000
00000000
00000000
00000000
00000000
00000000
00000000
00000000
00000000
00000000
00000000
00000000
00000000
00000000
00000000
00000000
00000000
00000000
00000000
00000000
00000000
00000000
00000000
00000000
00000000
00000000
00000000
00000000
00000000
00000000
00000000
00000000
00000000
00000000
00000000
00000000
00000000
00000000
00000000
00000000
00000000
00000000
00000000
00000000
00000000
00000000
00000000
00000000
00000000
00000000
00000000
00000000
00000000
00000000
00000000
00000000
00000000
00000000
00000000
00000000
00000000
00000000
00000000
00000000
00000000
00000000
00000000
00000000
00000000
00000000
00000000
00000000
00000000
00000000
00000000
00000000
00000000
00000000
00000000
00000000
00000000
00000000
00000000
00000000
00000000
00000000
00000000
00000000
00000000
00000000
00000000
00000000
00000000
00000000
00000000
00000000
00000000
00000000
00000000
00000000
00000000
00000000
00000000
00000000
00000000
00000000
00000000
00000000
00000000
00000000
00000000
00000000
00000000
00000000
00000000
00000000
00000000
00000000
00000000
00000000
00000000
00000000
00000000
00000000
00000000
00000000
00000000
00000000
00000000
00000000
00000000
00000000
00000000
00000000
00000000
00000000
00000000
00000000
00000000
00000000
00000000
00000000
00000000
00000000
00000000
00000000
00000000
00000000
00000000
00000000
00000000
00000000
00000000
00000000
00000000
00000000
00000000
00000000
00000000
00000000
00000000
00000000
00000000
00000000
00000000
00000000
00000000
00000000
00000000
00000000
00000000
00000000
00000000
00000000
00000000
00000000
00000000
00000000
00000000
00000000
00000000
00000000
00000000
00000000
00000000
00000000
00000000
00000000
00000000
00000000
00000000
00000000
00000000
00000000
00000000
00000000
00000000
00000000
00000000
00000000
00000000
00000000
00000000
00000000
00000000
00000000
00000000
00000000
00000000
00000000
00000000
00000000
00000000
00000000
00000000
00000000
00000000
00000000
00000000
00000000
00000000
00000000
00000000
00000000
00000000
00000000
00000000
00000000
00000000
00000000
00000000
00000000
00000000
00000000
00000000
00000000
00000000
00000000
00000000
00000000
00000000
00000000
00000000
00000000
00000000
00000000
00000000
00000000
00000000
00000000
00000000
00000000
00000000
00000000
00000000
00000000
00000000
00000000
00000000
00000000
00000000
00000000
00000000
00000000
00000000
00000000
00000000
00000000
00000000
00000000
00000000
00000000
00000000
00000000
00000000
00000000
00000000
00000000
00000000
00000000
00000000
00000000
00000000
00000000
00000000
00000000
00000000
00000000
00000000
00000000
00000000
00000000
00000000
00000000
00000000
00000000
00000000
00000000
00000000
00000000
00000000
00000000
00000000
00000000
00000000
00000000
00000000
00000000
00000000
00000000
00000000
00000000
00000000
00000000
00000000
00000000
00000000
00000000
00000000
00000000
00000000
00000000
00000000
00000000
00000000
00000000
00000000
00000000
00000000
00000000
00000000
00000000
00000000
00000000
00000000
00000000
00000000
00000000
00000000
00000000
00000000
00000000
00000000
00000000
00000000
00000000
00000000
00000000
00000000
00000000
00000000
00000000
00000000
00000000
00000000
00000000
00000000
00000000
00000000
00000000
00000000
00000000
00000000
00000000
00000000
00000000
00000000
00000000
00000000
00000000
00000000
00000000
00000000
00000000
00000000
00000000
00000000
00000000
00000000
00000000
00000000
00000000
00000000
00000000
00000000
00000000
00000000
00000000
00000000
00000000
00000000
00000000
00000000
00000000
00000000
00000000
00000000
00000000
00000000
00000000
00000000
00000000
00000000
00000000
00000000
00000000
00000000
00000000
00000000
00000000
00000000
00000000
00000000
00000000
00000000
00000000
00000000
00000000
00000000
00000000
00000000
00000000
00000000
00000000
00000000
00000000
00000000
00000000
00000000
00000000
00000000
00000000
00000000
00000000
00000000
00000000
00000000
00000000
00000000
00000000
00000000
00000000
00000000
00000000
00000000
00000000
00000000
00000000
00000000
00000000
00000000
00000000
00000000
00000000
00000000
00000000
00000000
00000000
00000000
00000000
00000000
00000000
00000000
00000000
00000000
00000000
00000000
00000000
00000000
00000000
00000000
00000000
00000000
00000000
00000000
00000000
00000000
00000000
00000000
00000000
00000000
00000000
00000000
00000000
00000000
00000000
00000000
00000000
00000000
00000000
00000000
00000000
00000000
00000000
00000000
00000000
00000000
00000000
00000000
00000000
00000000
00000000
00000000
00000000
00000000
00000000
00000000
00000000
00000000
00000000
00000000
00000000
00000000
00000000
00000000
00000000
00000000
00000000
00000000
00000000
00000000
00000000
00000000
00000000
00000000
00000000
00000000
00000000
00000000
00000000
00000000
00000000
00000000
00000000
00000000
00000000
00000000
00000000
00000000
00000000
00000000
00000000
00000000
00000000
00000000
00000000
00000000
00000000
00000000
00000000
00000000
00000000
00000000
00000000
00000000
00000000
00000000
00000000
00000000
00000000
00000000
00000000
00000000
00000000
00000000
00000000
00000000
00000000
00000000
00000000
00000000
00000000
00000000
00000000
00000000
00000000
00000000
00000000
00000000
00000000
00000000
00000000
00000000
00000000
00000000
00000000
00000000
00000000
00000000
00000000
00000000
00000000
00000000
00000000
00000000
00000000
00000000
00000000
00000000
00000000
00000000
00000000
00000000
00000000
00000000
00000000
00000000
00000000
00000000
00000000
00000000
00000000
00000000
00000000
00000000
00000000
00000000
00000000
00000000
00000000
00000000
00000000
00000000
00000000
00000000
00000000
00000000
00000000
00000000
00000000
00000000
00000000
00000000
00000000
00000000
00000000
00000000
00000000
00000000
00000000
00000000
00000000
00000000
00000000
00000000
00000000
00000000
00000000
00000000
00000000
00000000
00000000
00000000
00000000
00000000
00000000
00000000
00000000
00000000
00000000
00000000
00000000
00000000
00000000
00000000
00000000
00000000
00000000
00000000
00000000
00000000
00000000
00000000
00000000
00000000
00000000
00000000
00000000
00000000
00000000
00000000
00000000
00000000
00000000
00000000
00000000
00000000
00000000
00000000
00000000
00000000
00000000
00000000
00000000
00000000
00000000
00000000
00000000
00000000
00000000
00000000
00000000
00000000
00000000
00000000
00000000
00000000
00000000
00000000
00000000
00000000
00000000
00000000
00000000
00000000
00000000
00000000
00000000
00000000
00000000
00000000
00000000
00000000
00000000
00000000
00000000
00000000
00000000
00000000
00000000
00000000
00000000
00000000
00000000
00000000
00000000
00000000
00000000
00000000
00000000
00000000
00000000
00000000
00000000
00000000
00000000
00000000
00000000
00000000
00000000
00000000
00000000
00000000
00000000
00000000
00000000
00000000
00000000
00000000
00000000
00000000
00000000
00000000
00000000
00000000
00000000
00000000
00000000
00000000
00000000
00000000
00000000
00000000
00000000
00000000
00000000
00000000
00000000
00000000
00000000
00000000
00000000
00000000
00000000
00000000
00000000
00000000
00000000
00000000
00000000
00000000
00000000
00000000
00000000
00000000
00000000
00000000
00000000
00000000
00000000
00000000
00000000
00000000
00000000
00000000
00000000
00000000
00000000
00000000
00000000
00000000
00000000
00000000
00000000
00000000
00000000
00000000
00000000
00000000
00000000
00000000
00000000
00000000
00000000
00000000
00000000
00000000
00000000
00000000
00000000
00000000
00000000
00000000
00000000
00000000
00000000
00000000
00000000
00000000
00000000
00000000
00000000
00000000
00000000
00000000
00000000
00000000
00000000
00000000
00000000
00000000
00000000
00000000
00000000
00000000
00000000
00000000
00000000
00000000
00000000
00000000
00000000
00000000
00000000
00000000
00000000
00000000
00000000
00000000
00000000
00000000
00000000
00000000
00000000
00000000
00000000
00000000
00000000
00000000
00000000
00000000
00000000
00000000
00000000
00000000
00000000
00000000
00000000
00000000
00000000
00000000
00000000
00000000
00000000
00000000
00000000
00000000
00000000
00000000
00000000
00000000
00000000
00000000
00000000
00000000
00000000
00000000
00000000
00000000
00000000
00000000
00000000
00000000
00000000
00000000
00000000
00000000
00000000
00000000
00000000
00000000
00000000
00000000
00000000
00000000
00000000
00000000
00000000
00000000
00000000
00000000
00000000
00000000
00000000
00000000
00000000
00000000
00000000
00000000
00000000
00000000
00000000
00000000
00000000
00000000
00000000
00000000
00000000
00000000
00000000
00000000
00000000
00000000
00000000
00000000
00000000
00000000
00000000
00000000
00000000
00000000
00000000
00000000
00000000
00000000
00000000
00000000
00000000
00000000
00000000
00000000
00000000
00000000
00000000
00000000
00000000
00000000
00000000
00000000
00000000
00000000
00000000
00000000
00000000
00000000
00000000
00000000
00000000
00000000
00000000
00000000
00000000
00000000
00000000
00000000
00000000
00000000
00000000
00000000
00000000
00000000
00000000
00000000
00000000
00000000
00000000
00000000
00000000
00000000
00000000
00000000
00000000
00000000
00000000
00000000
00000000
00000000
00000000
00000000
00000000
00000000
00000000
00000000
00000000
00000000
00000000
00000000
00000000
00000000
00000000
00000000
00000000
00000000
00000000
00000000
00000000
00000000
00000000
00000000
00000000
00000000
00000000
00000000
00000000
00000000
00000000
00000000
00000000
00000000
00000000
00000000
00000000
00000000
00000000
00000000
00000000
00000000
00000000
00000000
00000000
00000000
00000000
00000000
00000000
00000000
00000000
00000000
00000000
00000000
00000000
00000000
00000000
00000000
00000000
00000000
00000000
00000000
00000000
00000000
00000000
00000000
00000000
00000000
00000000
00000000
00000000
00000000
00000000
00000000
00000000
00000000
00000000
00000000
00000000
00000000
00000000
00000000
00000000
00000000
00000000
00000000
00000000
00000000
00000000
00000000
00000000
00000000
00000000
00000000
00000000
00000000
00000000
00000000
00000000
00000000
00000000
00000000
00000000
00000000
00000000
00000000
00000000
00000000
00000000
00000000
00000000
00000000
00000000
00000000
00000000
00000000
00000000
00000000
00000000
00000000
00000000
00000000
00000000
00000000
00000000
00000000
00000000
00000000
00000000
00000000
00000000
00000000
00000000
00000000
00000000
00000000
00000000
00000000
00000000
00000000
00000000
00000000
00000000
00000000
00000000
00000000
00000000
00000000
00000000
00000000
00000000
00000000
00000000
00000000
00000000
00000000
00000000
00000000
00000000
00000000
00000000
00000000
00000000
00000000
00000000
00000000
00000000
00000000
00000000
00000000
00000000
00000000
00000000
00000000
00000000
00000000
00000000
00000000
00000000
00000000
00000000
00000000
00000000
00000000
00000000
00000000
00000000
00000000
00000000
00000000
00000000
00000000
00000000
00000000
00000000
00000000
00000000
00000000
00000000
00000000
00000000
00000000
00000000
00000000
00000000
00000000
00000000
00000000
00000000
00000000
00000000
00000000
00000000
00000000
00000000
00000000
00000000
00000000
00000000
00000000
00000000
00000000
00000000
00000000
00000000
00000000
00000000
00000000
00000000
00000000
00000000
00000000
00000000
00000000
00000000
00000000
00000000
00000000
00000000
00000000
00000000
00000000
00000000
00000000
00000000
00000000
00000000
00000000
00000000
00000000
00000000
00000000
00000000
00000000
00000000
00000000
00000000
00000000
00000000
00000000
00000000
00000000
00000000
00000000
00000000
00000000
00000000
00000000
00000000
00000000
00000000
00000000
00000000
00000000
00000000
00000000
00000000
00000000
00000000
00000000
00000000
00000000
00000000
00000000
00000000
00000000
00000000
00000000
00000000
00000000
00000000
00000000
00000000
00000000
00000000
00000000
00000000
00000000
00000000
00000000
00000000
00000000
00000000
00000000
00000000
00000000
00000000
00000000
00000000
00000000
00000000
00000000
00000000
00000000
00000000
00000000
00000000
00000000
00000000
00000000
00000000
00000000
00000000
00000000
00000000
00000000
00000000
00000000
00000000
00000000
00000000
00000000
00000000
00000000
00000000
00000000
00000000
00000000
00000000
00000000
00000000
00000000
00000000
00000000
00000000
00000000
00000000
00000000
00000000
00000000
00000000
00000000
00000000
00000000
00000000
00000000
00000000
00000000
00000000
00000000
00000000
00000000
00000000
00000000
00000000
00000000
00000000
00000000
00000000
00000000
00000000
00000000
00000000
00000000
00000000
00000000
00000000
00000000
00000000
00000000
00000000
00000000
00000000
00000000
00000000
00000000
00000000
00000000
00000000
00000000
00000000
00000000
00000000
00000000
00000000
00000000
00000000
00000000
00000000
00000000
00000000
00000000
00000000
00000000
00000000
00000000
00000000
00000000
00000000
00000000
00000000
00000000
00000000
00000000
00000000
00000000
00000000
00000000
00000000
00000000
00000000
00000000
00000000
00000000
00000000
00000000
00000000
00000000
00000000
00000000
00000000
00000000
00000000
00000000
00000000
00000000
00000000
00000000
00000000
00000000
00000000
00000000
00000000
00000000
00000000
00000000
00000000
00000000
00000000
00000000
00000000
00000000
00000000
00000000
00000000
00000000
00000000
00000000
00000000
00000000
00000000
00000000
00000000
00000000
00000000
00000000
00000000
00000000
00000000
00000000
00000000
00000000
00000000
00000000
00000000
00000000
00000000
00000000
00000000
00000000
00000000
00000000
00000000
00000000
00000000
00000000
00000000
00000000
00000000
00000000
00000000
00000000
00000000
00000000
00000000
00000000
00000000
00000000
00000000
00000000
00000000
00000000
00000000
00000000
00000000
00000000
00000000
00000000
00000000
00000000
00000000
00000000
00000000
00000000
00000000
00000000
00000000
00000000
00000000
00000000
00000000
00000000
00000000
00000000
00000000
00000000
00000000
00000000
00000000
00000000
00000000
00000000
00000000
00000000
00000000
00000000
00000000
00000000
00000000
00000000
00000000
00000000
00000000
00000000
00000000
00000000
00000000
00000000
00000000
00000000
00000000
00000000
00000000
00000000
00000000
00000000
00000000
00000000
00000000
00000000
00000000
00000000
00000000
00000000
00000000
00000000
00000000
00000000
00000000
00000000
00000000
00000000
00000000
00000000
00000000
00000000
00000000
00000000
00000000
00000000
00000000
00000000
00000000
00000000
00000000
00000000
00000000
00000000
00000000
00000000
00000000
00000000
00000000
00000000
00000000
00000000
00000000
00000000
00000000
00000000
00000000
00000000
00000000
00000000
00000000
00000000
00000000
00000000
00000000
00000000
00000000
00000000
00000000
00000000
00000000
00000000
00000000
00000000
00000000
00000000
00000000
00000000
00000000
00000000
00000000
00000000
00000000
00000000
00000000
00000000
00000000
00000000
00000000
00000000
00000000
00000000
00000000
00000000
00000000
00000000
00000000
00000000
00000000
00000000
00000000
00000000
00000000
00000000
00000000
00000000
00000000
00000000
00000000
00000000
00000000
00000000
00000000
00000000
00000000
00000000
00000000
00000000
00000000
00000000
00000000
00000000
00000000
00000000
00000000
00000000
00000000
00000000
00000000
00000000
00000000
00000000
00000000
00000000
00000000
00000000
00000000
00000000
00000000
00000000
00000000
00000000
00000000
00000000
00000000
00000000
00000000
00000000
00000000
00000000
00000000
00000000
00000000
00000000
00000000
00000000
00000000
00000000
00000000
00000000
00000000
00000000
00000000
00000000
00000000
00000000
00000000
00000000
00000000
00000000
00000000
00000000
00000000
00000000
00000000
00000000
00000000
00000000
00000000
00000000
00000000
00000000
00000000
00000000
00000000
00000000
00000000
00000000
00000000
00000000
00000000
00000000
00000000
00000000
00000000
00000000
00000000
00000000
00000000
00000000
00000000
00000000
00000000
00000000
00000000
00000000
00000000
00000000
00000000
00000000
00000000
00000000
00000000
00000000
00000000
00000000
00000000
00000000
00000000
00000000
00000000
00000000
00000000
00000000
00000000
00000000
00000000
00000000
00000000
00000000
00000000
00000000
00000000
00000000
00000000
00000000
00000000
00000000
00000000
00000000
00000000
00000000
00000000
00000000
00000000
00000000
00000000
00000000
00000000
00000000
00000000
00000000
00000000
00000000
00000000
00000000
00000000
00000000
00000000
00000000
00000000
00000000
00000000
00000000
00000000
00000000
00000000
00000000
00000000
00000000
00000000
00000000
00000000
00000000
00000000
00000000
00000000
00000000
00000000
00000000
00000000
00000000
00000000
00000000
00000000
00000000
00000000
00000000
00000000
00000000
00000000
00000000
00000000
00000000
00000000
00000000
00000000
00000000
00000000
00000000
00000000
00000000
00000000
00000000
00000000
00000000
00000000
00000000
00000000
00000000
00000000
00000000
00000000
00000000
00000000
00000000
00000000
00000000
00000000
00000000
00000000
00000000
00000000
00000000
00000000
00000000
00000000
00000000
00000000
00000000
00000000
00000000
00000000
00000000
00000000
00000000
00000000
00000000
00000000
00000000
00000000
00000000
00000000
00000000
00000000
00000000
00000000
00000000
00000000
00000000
00000000
00000000
00000000
00000000
00000000
00000000
00000000
00000000
00000000
00000000
00000000
00000000
00000000
00000000
00000000
00000000
00000000
00000000
00000000
00000000
00000000
00000000
00000000
00000000
00000000
00000000
00000000
00000000
00000000
00000000
00000000
00000000
00000000
00000000
00000000
00000000
00000000
00000000
00000000
00000000
00000000
00000000
00000000
00000000
00000000
00000000
00000000
00000000
00000000
00000000
00000000
00000000
00000000
00000000
00000000
00000000
00000000
00000000
00000000
00000000
00000000
00000000
00000000
00000000
00000000
00000000
00000000
00000000
00000000
00000000
00000000
00000000
00000000
00000000
00000000
00000000
00000000
00000000
00000000
00000000
00000000
00000000
00000000
00000000
00000000
00000000
00000000
00000000
00000000
00000000
00000000
00000000
00000000
00000000
00000000
00000000
00000000
00000000
00000000
00000000
00000000
00000000
00000000
00000000
00000000
00000000
00000000
00000000
00000000
00000000
00000000
00000000
00000000
00000000
00000000
00000000
00000000
00000000
00000000
00000000
00000000
00000000
00000000
00000000
00000000
00000000
00000000
00000000
00000000
00000000
00000000
00000000
00000000
00000000
00000000
00000000
00000000
00000000
00000000
00000000
00000000
00000000
00000000
00000000
00000000
00000000
00000000
00000000
00000000
00000000
00000000
00000000
00000000
00000000
00000000
00000000
00000000
00000000
00000000
00000000
00000000
00000000
00000000
00000000
00000000
00000000
00000000
00000000
00000000
00000000
00000000
00000000
00000000
00000000
00000000
00000000
00000000
00000000
00000000
00000000
00000000
00000000
00000000
00000000
00000000
00000000
00000000
00000000
00000000
00000000
00000000
00000000
00000000
00000000
00000000
00000000
00000000
00000000
00000000
00000000
00000000
00000000
00000000
00000000
00000000
00000000
00000000
00000000
00000000
00000000
00000000
00000000
00000000
00000000
00000000
00000000
00000000
00000000
00000000
00000000
00000000
00000000
00000000
00000000
00000000
00000000
00000000
00000000
00000000
00000000
00000000
00000000
00000000
00000000
00000000
00000000
00000000
00000000
00000000
00000000
00000000
00000000
00000000
00000000
00000000
00000000
00000000
00000000
00000000
00000000
00000000
00000000
00000000
00000000
00000000
00000000
00000000
00000000
00000000
00000000
00000000
00000000
00000000
00000000
00000000
00000000
00000000
00000000
00000000
00000000
00000000
00000000
00000000
00000000
00000000
00000000
00000000
00000000
00000000
00000000
00000000
00000000
00000000
00000000
00000000
00000000
00000000
00000000
00000000
00000000
00000000
00000000
00000000
00000000
00000000
00000000
00000000
00000000
00000000
00000000
00000000
00000000
00000000
00000000
00000000
00000000
00000000
00000000
00000000
00000000
00000000
00000000
00000000
00000000
00000000
00000000
00000000
00000000
00000000
00000000
00000000
00000000
00000000
00000000
00000000
00000000
00000000
00000000
00000000
00000000
00000000
00000000
00000000
00000000
00000000
00000000
00000000
00000000
00000000
00000000
00000000
00000000
00000000
00000000
00000000
00000000
00000000
00000000
00000000
00000000
00000000
00000000
00000000
00000000
00000000
00000000
00000000
00000000
00000000
00000000
00000000
00000000
00000000
00000000
00000000
00000000
00000000
00000000
00000000
00000000
00000000
00000000
00000000
00000000
00000000
00000000
00000000
00000000
00000000
00000000
00000000
00000000
00000000
00000000
00000000
00000000
00000000
00000000
00000000
00000000
00000000
00000000
00000000
00000000
00000000
00000000
00000000
00000000
00000000
00000000
00000000
00000000
00000000
00000000
00000000
00000000
00000000
00000000
00000000
00000000
00000000
00000000
00000000
00000000
00000000
00000000
00000000
00000000
00000000
00000000
00000000
00000000
00000000
00000000
00000000
00000000
00000000
00000000
00000000
00000000
00000000
00000000
00000000
00000000
00000000
00000000
00000000
00000000
00000000
00000000
00000000
00000000
00000000
00000000
00000000
00000000
00000000
00000000
00000000
00000000
00000000
00000000
00000000
00000000
00000000
00000000
00000000
00000000
00000000
00000000
00000000
00000000
00000000
00000000
00000000
00000000
00000000
00000000
00000000
00000000
00000000
00000000
00000000
00000000
00000000
00000000
00000000
00000000
00000000
00000000
00000000
00000000
00000000
00000000
00000000
00000000
00000000
00000000
00000000
00000000
00000000
00000000
00000000
00000000
00000000
00000000
00000000
00000000
00000000
00000000
00000000
00000000
00000000
00000000
00000000
00000000
00000000
00000000
00000000
00000000
00000000
00000000
00000000
00000000
00000000
00000000
00000000
00000000
00000000
00000000
00000000
00000000
00000000
00000000
00000000
00000000
00000000
00000000
00000000
00000000
00000000
00000000
00000000
00000000
00000000
00000000
00000000
00000000
00000000
00000000
00000000
00000000
00000000
00000000
00000000
00000000
00000000
00000000
00000000
00000000
00000000
00000000
00000000
00000000
00000000
00000000
00000000
00000000
00000000
00000000
00000000
00000000
00000000
00000000
00000000
00000000
00000000
00000000
00000000
00000000
00000000
00000000
00000000
00000000
00000000
00000000
00000000
00000000
00000000
00000000
00000000
00000000
00000000
00000000
00000000
00000000
00000000
00000000
00000000
00000000
00000000
00000000
00000000
00000000
00000000
00000000
00000000
00000000
00000000
00000000
00000000
00000000
00000000
00000000
00000000
00000000
00000000
00000000
00000000
00000000
00000000
00000000
00000000
00000000
00000000
00000000
00000000
00000000
00000000
00000000
00000000
00000000
00000000
00000000
00000000
00000000
00000000
00000000
00000000
00000001
00000001
00000001
00000001
00000001
00000001
00000001
00000001
00000001
00000001
00000001
00000001
00000001
00000001
00000001
00000001
00000001
00000001
00000001
00000001
00000001
00000001
00000001
00000001
00000001
00000001
00000001
00000001
00000001
00000001
00000001
00000001
00000001
00000001
00000001
00000001
00000001
00000001
00000001
00000001
00000001
00000001
00000001
00000001
00000001
00000001
00000001
00000001
00000001
00000001
00000001
00000001
00000001
00000001
00000001
00000001
00000001
00000001
00000001
00000001
00000001
00000001
00000001
00000001
00000001
00000001
00000001
00000001
00000001
00000001
00000001
00000001
00000001
00000001
00000001
00000001
00000001
00000001
00000001
00000001
00000001
00000001
00000001
00000001
00000001
00000001
00000001
00000001
00000001
00000001
00000001
00000001
00000001
00000001
00000001
00000001
00000001
00000001
00000001
00000001
00000001
00000001
00000001
00000001
00000001
00000001
00000001
00000001
00000001
00000001
00000001
00000001
00000001
00000001
00000001
00000001
00000001
00000001
00000001
00000001
00000001
00000001
00000001
00000001
00000001
00000001
00000001
00000001
00000001
00000001
00000001
00000001
00000001
00000001
00000001
00000001
00000001
00000001
00000001
00000001
00000001
00000001
00000001
00000001
00000001
00000001
00000001
00000001
00000001
00000001
00000001
00000001
00000001
00000001
00000001
00000001
00000001
00000001
00000001
00000001
00000001
00000001
00000001
00000001
00000001
00000001
00000001
00000001
00000001
00000001
00000001
00000001
00000001
00000001
00000001
00000001
00000001
00000001
00000001
00000001
00000001
00000001
00000001
00000001
00000001
00000001
00000001
00000001
00000001
00000001
00000001
00000001
00000001
00000001
00000001
00000001
00000001
00000001
00000001
00000001
00000001
00000001
00000001
00000001
00000001
00000001
00000001
00000001
00000001
00000001
00000001
00000001
00000001
00000001
00000001
00000001
00000001
00000001
00000001
00000001
00000001
00000001
00000001
00000001
00000001
00000001
00000001
00000001
00000001
00000001
00000001
00000001
00000001
00000001
00000001
00000001
00000001
00000001
00000001
00000001
00000001
00000001
00000001
00000001
00000001
00000001
00000001
00000001
00000001
00000001
00000001
00000001
00000001
00000001
00000001
00000001
00000001
00000001
00000001
00000001
00000001
00000001
00000001
00000001
00000001
00000001
00000001
00000001
00000001
00000001
00000001
00000001
00000001
00000001
00000001
00000001
00000001
00000001
00000001
00000001
00000001
00000001
00000001
00000001
00000001
00000001
00000001
00000001
00000001
00000001
00000001
00000001
00000001
00000001
00000001
00000001
00000001
00000001
00000001
00000001
00000001
00000001
00000001
00000001
00000001
00000001
00000001
00000001
00000001
00000001
00000001
00000001
00000001
00000001
00000001
00000001
00000001
00000001
00000001
00000001
00000001
00000001
00000001
00000001
00000001
00000001
00000001
00000001
00000001
00000001
00000001
00000001
00000001
00000001
00000001
00000001
00000001
00000001
00000001
00000001
00000001
00000001
00000001
00000001
00000001
00000001
00000001
00000001
00000001
00000001
00000001
00000001
00000001
00000001
00000001
00000001
00000001
00000001
00000001
00000001
00000001
00000001
00000001
00000001
00000001
00000001
00000001
00000001
00000001
00000001
00000001
00000001
00000001
00000001
00000001
00000001
00000001
00000001
00000001
00000001
00000001
00000001
00000001
00000001
00000001
00000001
00000001
00000001
00000001
00000001
00000001
00000001
00000001
00000001
00000001
00000001
00000001
00000001
00000001
00000001
00000001
00000001
00000001
00000001
00000001
00000001
00000001
00000001
00000001
00000001
00000001
00000001
00000001
00000001
00000001
00000001
00000001
00000001
00000001
00000001
00000001
00000001
00000001
00000001
00000001
00000001
00000001
00000001
00000001
00000001
00000001
00000001
00000001
00000001
00000001
00000001
00000001
00000001
00000001
00000001
00000001
00000001
00000001
00000001
00000001
00000001
00000001
00000001
00000001
00000001
00000001
00000001
00000001
00000001
00000001
00000001
00000001
00000001
00000001
00000001
00000001
00000001
00000001
00000001
00000001
00000001
00000001
00000001
00000001
00000001
00000001
00000001
00000001
00000001
00000001
00000001
00000001
00000001
00000001
00000001
00000001
00000001
00000001
00000001
00000001
00000001
00000001
00000001
00000001
00000001
00000001
00000001
00000001
00000001
00000001
00000001
00000001
00000001
00000001
00000001
00000001
00000001
00000001
00000001
00000001
00000001
00000001
00000001
00000001
00000001
00000001
00000001
00000001
00000001
00000001
00000001
00000001
00000001
00000001
00000001
00000001
00000001
00000001
00000001
00000001
00000001
00000001
00000001
00000001
00000001
00000001
00000001
00000001
00000001
00000001
00000001
00000001
00000001
00000001
00000001
00000001
00000001
00000001
00000001
00000001
00000001
00000001
00000001
00000001
00000001
00000001
00000001
00000001
00000001
00000001
00000001
00000001
00000001
00000001
00000001
00000001
00000001
00000001
00000001
00000001
00000001
00000001
00000001
00000001
00000001
00000001
00000001
00000001
00000001
00000001
00000001
00000001
00000001
00000001
00000001
00000001
00000001
00000001
00000001
00000001
00000001
00000001
00000001
00000001
00000001
00000001
00000001
00000001
00000001
00000001
00000001
00000001
00000001
00000001
00000001
00000001
00000001
00000001
00000001
00000001
00000001
00000001
00000001
00000001
00000001
00000001
00000001
00000001
00000001
00000001
00000001
00000001
00000001
00000001
00000001
00000001
00000001
00000001
00000001
00000001
00000001
00000001
00000001
00000001
00000001
00000001
00000001
00000001
00000001
00000001
00000001
00000001
00000001
00000001
00000001
00000001
00000001
00000001
00000001
00000001
00000001
00000001
00000001
00000001
00000001
00000001
00000001
00000001
00000001
00000001
00000001
00000001
00000001
00000001
00000001
00000001
00000001
00000001
00000001
00000001
00000001
00000001
00000001
00000001
00000001
00000001
00000001
00000001
00000001
00000001
00000001
00000001
00000001
00000001
00000001
00000001
00000001
00000001
00000001
00000001
00000001
00000001
00000001
00000001
00000001
00000001
00000001
00000001
00000001
00000001
00000001
00000001
00000001
00000001
00000001
00000001
00000001
00000001
00000001
00000001
00000001
00000001
00000001
00000001
00000001
00000001
00000001
00000001
00000001
00000001
00000001
00000001
00000001
00000001
00000001
00000001
00000001
00000001
00000001
00000001
00000001
00000001
00000001
00000001
00000001
00000001
00000001
00000001
00000001
00000001
00000001
00000001
00000001
00000001
00000001
00000001
00000001
00000001
00000001
00000001
00000001
00000001
00000001
00000001
00000001
00000001
00000001
00000001
00000001
00000001
00000001
00000001
00000001
00000001
00000001
00000001
00000001
00000001
00000001
00000001
00000001
00000001
00000001
00000001
00000001
00000001
00000001
00000001
00000001
00000001
00000001
00000001
00000001
00000001
00000001
00000001
00000001
00000001
00000001
00000001
00000001
00000001
00000001
00000001
00000001
00000001
00000001
00000001
00000001
00000001
00000001
00000001
00000001
00000001
00000001
00000001
00000001
00000001
00000001
00000001
00000001
00000001
00000001
00000001
00000001
00000001
00000001
00000001
00000001
00000001
00000001
00000001
00000001
00000001
00000001
00000001
00000001
00000001
00000001
00000001
00000001
00000001
00000001
00000001
00000001
00000001
00000001
00000001
00000001
00000001
00000001
00000001
00000001
00000001
00000001
00000001
00000001
00000001
00000001
00000001
00000001
00000001
00000001
00000001
00000001
00000001
00000001
00000001
00000001
00000001
00000001
00000001
00000001
00000001
00000001
00000001
00000001
00000001
00000001
00000001
00000001
00000001
00000001
00000001
00000001
00000001
00000001
00000001
00000001
00000001
00000001
00000001
00000001
00000001
00000001
00000001
00000001
00000001
00000001
00000001
00000001
00000001
00000001
00000001
00000001
00000001
00000001
00000001
00000001
00000001
00000001
00000001
00000001
00000001
00000001
00000001
00000001
00000001
00000001
00000001
00000001
00000001
00000001
00000001
00000001
00000001
00000001
00000001
00000001
00000001
00000001
00000001
00000001
00000001
00000001
00000001
00000001
00000001
00000001
00000001
00000001
00000001
00000001
00000001
00000001
00000001
00000001
00000001
00000001
00000001
00000001
00000001
00000001
00000001
00000001
00000001
00000001
00000001
00000001
00000001
00000001
00000001
00000001
00000001
00000001
00000001
00000001
00000001
00000001
00000001
00000001
00000001
00000001
00000001
00000001
00000001
00000001
00000001
00000001
00000001
00000001
00000001
00000001
00000001
00000001
00000001
00000001
00000001
00000001
00000001
00000001
00000001
00000001
00000001
00000001
00000001
00000001
00000001
00000001
00000001
00000001
00000001
00000001
00000001
00000001
00000001
00000001
00000001
00000001
00000001
00000001
00000001
00000001
00000001
00000001
00000001
00000001
00000001
00000001
00000001
00000001
00000001
00000001
00000001
00000001
00000001
00000001
00000001
00000001
00000001
00000001
00000001
00000001
00000001
00000001
00000001
00000001
00000001
00000001
00000001
00000001
00000001
00000001
00000001
00000001
00000001
00000001
00000001
00000001
00000001
00000001
00000001
00000001
00000001
00000001
00000001
00000001
00000001
00000001
00000001
00000001
00000001
00000001
00000001
00000001
00000001
00000001
00000001
00000001
00000001
00000001
00000001
00000001
00000001
00000001
00000001
00000001
00000001
00000001
00000001
00000001
00000001
00000001
00000001
00000001
00000001
00000001
00000001
00000001
00000001
00000001
00000001
00000001
00000001
00000001
00000001
00000001
00000001
00000001
00000001
00000001
00000001
00000001
00000001
00000001
00000001
00000001
00000001
00000001
00000001
00000001
00000001
00000001
00000001
00000001
00000001
00000001
00000001
00000001
00000001
00000001
00000001
00000001
00000001
00000001
00000001
00000001
00000001
00000001
00000001
00000001
00000001
00000001
00000001
00000001
00000001
00000001
00000001
00000001
00000001
00000002
00000002
00000002
00000002
00000002
00000002
00000002
00000002
00000002
00000002
00000002
00000002
00000002
00000002
00000002
00000002
00000002
00000002
00000002
00000002
00000002
00000002
00000002
00000002
00000002
00000002
00000002
00000002
00000002
00000002
00000002
00000002
00000002
00000002
00000002
00000002
00000002
00000002
00000002
00000002
00000002
00000002
00000002
00000002
00000002
00000002
00000002
00000002
00000002
00000002
00000002
00000002
00000002
00000002
00000002
00000002
00000002
00000002
00000002
00000002
00000002
00000002
00000002
00000002
00000002
00000002
00000002
00000002
00000002
00000002
00000002
00000002
00000002
00000002
00000002
00000002
00000002
00000002
00000002
00000002
00000002
00000002
00000002
00000002
00000002
00000002
00000002
00000002
00000002
00000002
00000002
00000002
00000002
00000002
00000002
00000002
00000002
00000002
00000002
00000002
00000002
00000002
00000002
00000002
00000002
00000002
00000002
00000002
00000002
00000002
00000002
00000002
00000002
00000002
00000002
00000002
00000002
00000002
00000002
00000002
00000002
00000002
00000002
00000002
00000002
00000002
00000002
00000002
00000002
00000002
00000002
00000002
00000002
00000002
00000002
00000002
00000002
00000002
00000002
00000002
00000002
00000002
00000002
00000002
00000002
00000002
00000002
00000002
00000002
00000002
00000002
00000002
00000002
00000002
00000002
00000002
00000002
00000002
00000002
00000002
00000002
00000002
00000002
00000002
00000002
00000002
00000002
00000002
00000002
00000002
00000002
00000002
00000002
00000002
00000002
00000002
00000002
00000002
00000002
00000002
00000002
00000002
00000002
00000002
00000002
00000002
00000002
00000002
00000002
00000002
00000002
00000002
00000002
00000002
00000002
00000002
00000002
00000002
00000002
00000002
00000002
00000002
00000002
00000002
00000002
00000002
00000002
00000002
00000002
00000002
00000002
00000002
00000002
00000002
00000002
00000002
00000002
00000002
00000002
00000002
00000002
00000002
00000002
00000002
00000002
00000002
00000002
00000002
00000002
00000002
00000002
00000002
00000002
00000002
00000002
00000002
00000002
00000002
00000002
00000002
00000002
00000002
00000002
00000002
00000002
00000002
00000002
00000002
00000002
00000002
00000002
00000002
00000002
00000002
00000002
00000002
00000002
00000002
00000002
00000002
00000002
00000002
00000002
00000002
00000002
00000002
00000002
00000002
00000002
00000002
00000002
00000002
00000002
00000002
00000002
00000002
00000002
00000002
00000002
00000002
00000002
00000002
00000002
00000002
00000002
00000002
00000002
00000002
00000002
00000002
00000002
00000002
00000002
00000002
00000002
00000002
00000002
00000002
00000002
00000002
00000002
00000002
00000002
00000002
00000002
00000002
00000002
00000002
00000002
00000002
00000002
00000002
00000002
00000002
00000002
00000002
00000002
00000002
00000002
00000002
00000002
00000002
00000002
00000002
00000002
00000002
00000002
00000002
00000002
00000002
00000002
00000002
00000002
00000002
00000002
00000002
00000002
00000002
00000002
00000002
00000002
00000002
00000002
00000002
00000002
00000002
00000002
00000002
00000002
00000002
00000002
00000002
00000002
00000002
00000002
00000002
00000002
00000002
00000002
00000002
00000002
00000002
00000002
00000002
00000002
00000002
00000002
00000002
00000002
00000002
00000002
00000002
00000002
00000002
00000002
00000002
00000002
00000002
00000002
00000002
00000002
00000002
00000002
00000002
00000002
00000002
00000002
00000002
00000002
00000002
00000002
00000002
00000002
00000002
00000002
00000002
00000002
00000002
00000002
00000002
00000002
00000002
00000002
00000002
00000002
00000002
00000002
00000002
00000002
00000002
00000002
00000002
00000002
00000002
00000002
00000002
00000002
00000002
00000002
00000002
00000002
00000002
00000002
00000002
00000002
00000002
00000002
00000002
00000002
00000002
00000002
00000002
00000002
00000002
00000002
00000002
00000002
00000002
00000002
00000002
00000002
00000002
00000002
00000002
00000002
00000002
00000002
00000002
00000002
00000002
00000002
00000002
00000002
00000002
00000002
00000002
00000002
00000002
00000002
00000002
00000002
00000002
00000002
00000002
00000002
00000002
00000002
00000002
00000002
00000002
00000002
00000002
00000002
00000002
00000002
00000002
00000002
00000002
00000002
00000002
00000002
00000002
00000002
00000002
00000002
00000002
00000002
00000002
00000002
00000002
00000002
00000002
00000002
00000002
00000002
00000002
00000002
00000002
00000002
00000002
00000002
00000002
00000002
00000002
00000002
00000002
00000002
00000002
00000002
00000002
00000002
00000002
00000002
00000002
00000002
00000002
00000002
00000002
00000002
00000002
00000002
00000002
00000002
00000002
00000003
00000003
00000003
00000003
00000003
00000003
00000003
00000003
00000003
00000003
00000003
00000003
00000003
00000003
00000003
00000003
00000003
00000003
00000003
00000003
00000003
00000003
00000003
00000003
00000003
00000003
00000003
00000003
00000003
00000003
00000003
00000003
00000003
00000003
00000003
00000003
00000003
00000003
00000003
00000003
00000003
00000003
00000003
00000003
00000003
00000003
00000003
00000003
00000003
00000003
00000003
00000003
00000003
00000003
00000003
00000003
00000003
00000003
00000003
00000003
00000003
00000003
00000003
00000003
00000003
00000003
00000003
00000003
00000003
00000003
00000003
00000003
00000003
00000003
00000003
00000003
00000003
00000003
00000003
00000003
00000003
00000003
00000003
00000003
00000003
00000003
00000003
00000003
00000003
00000003
00000003
00000003
00000003
00000003
00000003
00000003
00000003
00000003
00000003
00000003
00000003
00000003
00000003
00000003
00000003
00000003
00000003
00000003
00000003
00000003
00000003
00000003
00000003
00000003
00000003
00000003
00000003
00000003
00000003
00000003
00000003
00000003
00000003
00000003
00000003
00000003
00000003
00000003
00000003
00000003
00000003
00000003
00000003
00000003
00000003
00000003
00000003
00000003
00000003
00000003
00000003
00000003
00000003
00000003
00000003
00000003
00000003
00000003
00000003
00000003
00000003
00000003
00000003
00000003
00000003
00000003
00000003
00000003
00000003
00000003
00000003
00000003
00000003
00000003
00000003
00000003
00000003
00000003
00000003
00000003
00000003
00000003
00000003
00000003
00000003
00000003
00000003
00000003
00000003
00000003
00000003
00000003
00000003
00000003
00000003
00000003
00000003
00000003
00000003
00000003
00000003
00000003
00000003
00000003
00000003
00000003
00000003
00000003
00000003
00000003
00000003
00000003
00000003
00000003
00000003
00000003
00000003
00000003
00000003
00000003
00000003
00000003
00000003
00000003
00000003
00000003
00000003
00000003
00000003
00000003
00000003
00000003
00000003
00000003
00000003
00000003
00000003
00000003
00000003
00000003
00000003
00000003
00000003
00000003
00000003
00000003
00000003
00000003
00000003
00000003
00000003
00000003
00000003
00000003
00000003
00000003
00000003
00000003
00000003
00000003
00000003
00000003
00000003
00000003
00000003
00000003
00000003
00000003
00000003
00000003
00000003
00000003
00000003
00000003
00000003
00000003
00000003
00000003
00000003
00000003
00000003
00000003
00000003
00000003
00000003
00000003
00000003
00000003
00000003
00000003
00000003
00000003
00000003
00000003
00000003
00000003
00000003
00000003
00000003
00000003
00000003
00000003
00000003
00000003
00000003
00000003
00000003
00000003
00000003
00000003
00000003
00000003
00000003
00000003
00000003
00000003
00000003
00000003
00000003
00000003
00000003
00000003
00000003
00000003
00000003
00000003
00000003
00000003
00000003
00000003
00000003
00000003
00000003
00000003
00000003
00000003
00000003
00000003
00000003
00000003
00000003
00000003
00000003
00000003
00000003
00000003
00000003
00000003
00000003
00000003
00000003
00000003
00000003
00000003
00000004
00000004
00000004
00000004
00000004
00000004
00000004
00000004
00000004
00000004
00000004
00000004
00000004
00000004
00000004
00000004
00000004
00000004
00000004
00000004
00000004
00000004
00000004
00000004
00000004
00000004
00000004
00000004
00000004
00000004
00000004
00000004
00000004
00000004
00000004
00000004
00000004
00000004
00000004
00000004
00000004
00000004
00000004
00000004
00000004
00000004
00000004
00000004
00000004
00000004
00000004
00000004
00000004
00000004
00000004
00000004
00000004
00000004
00000004
00000004
00000004
00000004
00000004
00000004
00000004
00000004
00000004
00000004
00000004
00000004
00000004
00000004
00000004
00000004
00000004
00000004
00000004
00000004
00000004
00000004
00000004
00000004
00000004
00000004
00000004
00000004
00000004
00000004
00000004
00000004
00000004
00000004
00000004
00000004
00000004
00000004
00000004
00000004
00000004
00000004
00000004
00000004
00000004
00000004
00000004
00000004
00000004
00000004
00000004
00000004
00000004
00000004
00000004
00000004
00000004
00000004
00000004
00000004
00000004
00000004
00000004
00000004
00000004
00000004
00000004
00000004
00000004
00000004
00000004
00000004
00000004
00000004
00000004
00000004
00000004
00000004
00000004
00000004
00000004
00000004
00000004
00000004
00000004
00000004
00000004
00000004
00000004
00000004
00000004
00000004
00000004
00000004
00000004
00000004
00000004
00000004
00000004
00000004
00000004
00000004
00000004
00000004
00000004
00000004
00000004
00000004
00000004
00000004
00000004
00000004
00000004
00000004
00000004
00000004
00000004
00000004
00000004
00000004
00000004
00000004
00000004
00000004
00000004
00000004
00000004
00000004
00000004
00000004
00000004
00000004
00000004
00000004
00000004
00000004
00000004
00000004
00000004
00000004
00000004
00000004
00000004
00000004
00000004
00000004
00000004
00000004
00000004
00000004
00000004
00000004
00000004
00000004
00000004
00000004
00000004
00000004
00000004
00000004
00000004
00000004
00000004
00000004
00000004
00000004
00000004
00000004
00000004
00000004
00000004
00000004
00000004
00000004
00000004
00000004
00000004
00000004
00000004
00000004
00000004
00000004
00000004
00000004
00000004
00000004
00000004
00000004
00000004
00000004
00000004
00000004
00000004
00000004
00000004
00000004
00000004
00000004
00000004
00000005
00000005
00000005
00000005
00000005
00000005
00000005
00000005
00000005
00000005
00000005
00000005
00000005
00000005
00000005
00000005
00000005
00000005
00000005
00000005
00000005
00000005
00000005
00000005
00000005
00000005
00000005
00000005
00000005
00000005
00000005
00000005
00000005
00000005
00000005
00000005
00000005
00000005
00000005
00000005
00000005
00000005
00000005
00000005
00000005
00000005
00000005
00000005
00000005
00000005
00000005
00000005
00000005
00000005
00000005
00000005
00000005
00000005
00000005
00000005
00000005
00000005
00000005
00000005
00000005
00000005
00000005
00000005
00000005
00000005
00000005
00000005
00000005
00000005
00000005
00000005
00000005
00000005
00000005
00000005
00000005
00000005
00000005
00000005
00000005
00000005
00000005
00000005
00000005
00000005
00000005
00000005
00000005
00000005
00000005
00000005
00000005
00000005
00000005
00000005
00000005
00000005
00000005
00000005
00000005
00000005
00000005
00000005
00000005
00000005
00000005
00000005
00000005
00000005
00000005
00000005
00000005
00000005
00000005
00000005
00000005
00000005
00000005
00000005
00000005
00000005
00000005
00000005
00000005
00000005
00000005
00000005
00000005
00000005
00000005
00000005
00000005
00000005
00000005
00000005
00000005
00000005
00000005
00000005
00000005
00000005
00000005
00000005
00000005
00000005
00000005
00000005
00000005
00000005
00000005
00000005
00000005
00000005
00000005
00000005
00000005
00000005
00000005
00000005
00000005
00000005
00000005
00000005
00000005
00000005
00000005
00000005
00000005
00000005
00000005
00000005
00000005
00000005
00000005
00000005
00000005
00000005
00000005
00000005
00000005
00000005
00000005
00000005
00000005
00000005
00000005
00000005
00000005
00000005
00000005
00000005
00000005
00000005
00000005
00000005
00000005
00000005
00000005
00000005
00000005
00000005
00000006
00000006
00000006
00000006
00000006
00000006
00000006
00000006
00000006
00000006
00000006
00000006
00000006
00000006
00000006
00000006
00000006
00000006
00000006
00000006
00000006
00000006
00000006
00000006
00000006
00000006
00000006
00000006
00000006
00000006
00000006
00000006
00000006
00000006
00000006
00000006
00000006
00000006
00000006
00000006
00000006
00000006
00000006
00000006
00000006
00000006
00000006
00000006
00000006
00000006
00000006
00000006
00000006
00000006
00000006
00000006
00000006
00000006
00000006
00000006
00000006
00000006
00000006
00000006
00000006
00000006
00000006
00000006
00000006
00000006
00000006
00000006
00000006
00000006
00000006
00000006
00000006
00000006
00000006
00000006
00000006
00000006
00000006
00000006
00000006
00000006
00000006
00000006
00000006
00000006
00000006
00000006
00000006
00000006
00000006
00000006
00000006
00000006
00000006
00000006
00000006
00000006
00000006
00000006
00000006
00000006
00000006
00000006
00000006
00000006
00000006
00000006
00000006
00000006
00000006
00000006
00000006
00000006
00000006
00000006
00000006
00000006
00000006
00000006
00000006
00000006
00000006
00000006
00000006
00000006
00000006
00000006
00000006
00000006
00000006
00000006
00000006
00000006
00000006
00000006
00000006
00000006
00000006
00000006
00000006
00000006
00000006
00000006
00000006
00000006
00000006
00000006
00000006
00000006
00000006
00000006
00000006
00000006
00000006
00000006
00000006
00000006
00000006
00000006
00000006
00000006
00000006
00000006
00000006
00000006
00000006
00000007
00000007
00000007
00000007
00000007
00000007
00000007
00000007
00000007
00000007
00000007
00000007
00000007
00000007
00000007
00000007
00000007
00000007
00000007
00000007
00000007
00000007
00000007
00000007
00000007
00000007
00000007
00000007
00000007
00000007
00000007
00000007
00000007
00000007
00000007
00000007
00000007
00000007
00000007
00000007
00000007
00000007
00000007
00000007
00000007
00000007
00000007
00000007
00000007
00000007
00000007
00000007
00000007
00000007
00000007
00000007
00000007
00000007
00000007
00000007
00000007
00000007
00000007
00000007
00000007
00000007
00000007
00000007
00000007
00000007
00000007
00000007
00000007
00000007
00000007
00000007
00000007
00000007
00000007
00000007
00000007
00000007
00000007
00000007
00000007
00000007
00000007
00000007
00000007
00000007
00000007
00000007
00000007
00000007
00000007
00000007
00000007
00000007
00000007
00000007
00000007
00000007
00000007
00000007
00000007
00000007
00000007
00000007
00000007
00000007
00000007
00000007
00000007
00000007
00000007
00000007
00000007
00000007
00000007
00000007
00000007
00000007
00000007
00000007
00000007
00000007
00000007
00000007
00000007
00000007
00000007
00000007
00000007
00000007
00000007
00000007
00000007
00000007
00000007
00000007
00000007
00000007
00000007
00000007
00000007
00000007
00000008
00000008
00000008
00000008
00000008
00000008
00000008
00000008
00000008
00000008
00000008
00000008
00000008
00000008
00000008
00000008
00000008
00000008
00000008
00000008
00000008
00000008
00000008
00000008
00000008
00000008
00000008
00000008
00000008
00000008
00000008
00000008
00000008
00000008
00000008
00000008
00000008
00000008
00000008
00000008
00000008
00000008
00000008
00000008
00000008
00000008
00000008
00000008
00000008
00000008
00000008
00000008
00000008
00000008
00000008
00000008
00000008
00000008
00000008
00000008
00000008
00000008
00000008
00000008
00000008
00000008
00000008
00000008
00000008
00000008
00000008
00000008
00000008
00000008
00000008
00000008
00000008
00000008
00000008
00000008
00000008
00000008
00000008
00000008
00000008
00000008
00000008
00000008
00000008
00000008
00000008
00000008
00000008
00000008
00000008
00000008
00000008
00000008
00000008
00000008
00000008
00000008
00000008
00000008
00000008
00000008
00000008
00000008
00000008
00000008
00000008
00000008
00000008
00000008
00000008
00000008
00000008
00000008
00000008
00000008
00000008
00000008
00000008
00000008
00000008
00000008
00000008
00000008
00000008
00000009
00000009
00000009
00000009
00000009
00000009
00000009
00000009
00000009
00000009
00000009
00000009
00000009
00000009
00000009
00000009
00000009
00000009
00000009
00000009
00000009
00000009
00000009
00000009
00000009
00000009
00000009
00000009
00000009
00000009
00000009
00000009
00000009
00000009
00000009
00000009
00000009
00000009
00000009
00000009
00000009
00000009
00000009
00000009
00000009
00000009
00000009
00000009
00000009
00000009
00000009
00000009
00000009
00000009
00000009
00000009
00000009
00000009
00000009
00000009
00000009
00000009
00000009
00000009
00000009
00000009
00000009
00000009
00000009
00000009
00000009
00000009
00000009
00000009
00000009
00000009
00000009
00000009
00000009
00000009
00000009
00000009
00000009
00000009
00000009
00000009
00000009
00000009
00000009
00000009
00000009
00000009
00000009
00000009
00000009
00000009
00000009
00000009
00000009
00000009
00000009
00000009
00000009
00000009
00000009
00000009
00000009
00000009
00000009
00000009
00000009
00000009
00000009
00000009
0000000a
0000000a
0000000a
0000000a
0000000a
0000000a
0000000a
0000000a
0000000a
0000000a
0000000a
0000000a
0000000a
0000000a
0000000a
0000000a
0000000a
0000000a
0000000a
0000000a
0000000a
0000000a
0000000a
0000000a
0000000a
0000000a
0000000a
0000000a
0000000a
0000000a
0000000a
0000000a
0000000a
0000000a
0000000a
0000000a
0000000a
0000000a
0000000a
0000000a
0000000a
0000000a
0000000a
0000000a
0000000a
0000000a
0000000a
0000000a
0000000a
0000000a
0000000a
0000000a
0000000a
0000000a
0000000a
0000000a
0000000a
0000000a
0000000a
0000000a
0000000a
0000000a
0000000a
0000000a
0000000a
0000000a
0000000a
0000000a
0000000a
0000000a
0000000a
0000000a
0000000a
0000000a
0000000a
0000000a
0000000a
0000000a
0000000a
0000000a
0000000a
0000000a
0000000a
0000000a
0000000a
0000000a
0000000a
0000000a
0000000a
0000000a
0000000a
0000000a
0000000a
0000000a
0000000a
0000000a
0000000a
0000000a
0000000a
0000000a
0000000a
0000000a
0000000b
0000000b
0000000b
0000000b
0000000b
0000000b
0000000b
0000000b
0000000b
0000000b
0000000b
0000000b
0000000b
0000000b
0000000b
0000000b
0000000b
0000000b
0000000b
0000000b
0000000b
0000000b
0000000b
0000000b
0000000b
0000000b
0000000b
0000000b
0000000b
0000000b
0000000b
0000000b
0000000b
0000000b
0000000b
0000000b
0000000b
0000000b
0000000b
0000000b
0000000b
0000000b
0000000b
0000000b
0000000b
0000000b
0000000b
0000000b
0000000b
0000000b
0000000b
0000000b
0000000b
0000000b
0000000b
0000000b
0000000b
0000000b
0000000b
0000000b
0000000b
0000000b
0000000b
0000000b
0000000b
0000000b
0000000b
0000000b
0000000b
0000000b
0000000b
0000000b
0000000b
0000000b
0000000b
0000000b
0000000b
0000000b
0000000b
0000000b
0000000b
0000000b
0000000b
0000000b
0000000b
0000000b
0000000b
0000000b
0000000b
0000000b
0000000b
0000000b
0000000b
0000000c
0000000c
0000000c
0000000c
0000000c
0000000c
0000000c
0000000c
0000000c
0000000c
0000000c
0000000c
0000000c
0000000c
0000000c
0000000c
0000000c
0000000c
0000000c
0000000c
0000000c
0000000c
0000000c
0000000c
0000000c
0000000c
0000000c
0000000c
0000000c
0000000c
0000000c
0000000c
0000000c
0000000c
0000000c
0000000c
0000000c
0000000c
0000000c
0000000c
0000000c
0000000c
0000000c
0000000c
0000000c
0000000c
0000000c
0000000c
0000000c
0000000c
0000000c
0000000c
0000000c
0000000c
0000000c
0000000c
0000000c
0000000c
0000000c
0000000c
0000000c
0000000c
0000000c
0000000c
0000000c
0000000c
0000000c
0000000c
0000000c
0000000c
0000000c
0000000c
0000000c
0000000c
0000000c
0000000c
0000000c
0000000c
0000000c
0000000c
0000000c
0000000c
0000000c
0000000c
0000000c
0000000c
0000000d
0000000d
0000000d
0000000d
0000000d
0000000d
0000000d
0000000d
0000000d
0000000d
0000000d
0000000d
0000000d
0000000d
0000000d
0000000d
0000000d
0000000d
0000000d
0000000d
0000000d
0000000d
0000000d
0000000d
0000000d
0000000d
0000000d
0000000d
0000000d
0000000d
0000000d
0000000d
0000000d
0000000d
0000000d
0000000d
0000000d
0000000d
0000000d
0000000d
0000000d
0000000d
0000000d
0000000d
0000000d
0000000d
0000000d
0000000d
0000000d
0000000d
0000000d
0000000d
0000000d
0000000d
0000000d
0000000d
0000000d
0000000d
0000000d
0000000d
0000000d
0000000d
0000000d
0000000d
0000000d
0000000d
0000000d
0000000d
0000000d
0000000d
0000000d
0000000d
0000000d
0000000d
0000000d
0000000d
0000000d
0000000d
0000000e
0000000e
0000000e
0000000e
0000000e
0000000e
0000000e
0000000e
0000000e
0000000e
0000000e
0000000e
0000000e
0000000e
0000000e
0000000e
0000000e
0000000e
0000000e
0000000e
0000000e
0000000e
0000000e
0000000e
0000000e
0000000e
0000000e
0000000e
0000000e
0000000e
0000000e
0000000e
0000000e
0000000e
0000000e
0000000e
0000000e
0000000e
0000000e
0000000e
0000000e
0000000e
0000000e
0000000e
0000000e
0000000e
0000000e
0000000e
0000000e
0000000e
0000000e
0000000e
0000000e
0000000e
0000000e
0000000e
0000000e
0000000e
0000000e
0000000e
0000000e
0000000e
0000000e
0000000e
0000000e
0000000e
0000000e
0000000e
0000000e
0000000e
0000000e
0000000e
0000000e
0000000e
0000000f
0000000f
0000000f
0000000f
0000000f
0000000f
0000000f
0000000f
0000000f
0000000f
0000000f
0000000f
0000000f
0000000f
0000000f
0000000f
0000000f
0000000f
0000000f
0000000f
0000000f
0000000f
0000000f
0000000f
0000000f
0000000f
0000000f
0000000f
0000000f
0000000f
0000000f
0000000f
0000000f
0000000f
0000000f
0000000f
0000000f
0000000f
0000000f
0000000f
0000000f
0000000f
0000000f
0000000f
0000000f
0000000f
0000000f
0000000f
0000000f
0000000f
0000000f
0000000f
0000000f
0000000f
0000000f
0000000f
0000000f
0000000f
0000000f
0000000f
0000000f
0000000f
0000000f
0000000f
0000000f
0000000f
0000000f
0000000f
00000010
00000010
00000010
00000010
00000010
00000010
00000010
00000010
00000010
00000010
00000010
00000010
00000010
00000010
00000010
00000010
00000010
00000010
00000010
00000010
00000010
00000010
00000010
00000010
00000010
00000010
00000010
00000010
00000010
00000010
00000010
00000010
00000010
00000010
00000010
00000010
00000010
00000010
00000010
00000010
00000010
00000010
00000010
00000010
00000010
00000010
00000010
00000010
00000010
00000010
00000010
00000010
00000010
00000010
00000010
00000010
00000010
00000010
00000010
00000010
00000010
00000010
00000010
00000010
00000011
00000011
00000011
00000011
00000011
00000011
00000011
00000011
00000011
00000011
00000011
00000011
00000011
00000011
00000011
00000011
00000011
00000011
00000011
00000011
00000011
00000011
00000011
00000011
00000011
00000011
00000011
00000011
00000011
00000011
00000011
00000011
00000011
00000011
00000011
00000011
00000011
00000011
00000011
00000011
00000011
00000011
00000011
00000011
00000011
00000011
00000011
00000011
00000011
00000011
00000011
00000011
00000011
00000011
00000011
00000011
00000011
00000011
00000011
00000011
00000012
00000012
00000012
00000012
00000012
00000012
00000012
00000012
00000012
00000012
00000012
00000012
00000012
00000012
00000012
00000012
00000012
00000012
00000012
00000012
00000012
00000012
00000012
00000012
00000012
00000012
00000012
00000012
00000012
00000012
00000012
00000012
00000012
00000012
00000012
00000012
00000012
00000012
00000012
00000012
00000012
00000012
00000012
00000012
00000012
00000012
00000012
00000012
00000012
00000012
00000012
00000012
00000012
00000012
00000012
00000012
00000012
00000013
00000013
00000013
00000013
00000013
00000013
00000013
00000013
00000013
00000013
00000013
00000013
00000013
00000013
00000013
00000013
00000013
00000013
00000013
00000013
00000013
00000013
00000013
00000013
00000013
00000013
00000013
00000013
00000013
00000013
00000013
00000013
00000013
00000013
00000013
00000013
00000013
00000013
00000013
00000013
00000013
00000013
00000013
00000013
00000013
00000013
00000013
00000013
00000013
00000013
00000013
00000013
00000013
00000013
00000014
00000014
00000014
00000014
00000014
00000014
00000014
00000014
00000014
00000014
00000014
00000014
00000014
00000014
00000014
00000014
00000014
00000014
00000014
00000014
00000014
00000014
00000014
00000014
00000014
00000014
00000014
00000014
00000014
00000014
00000014
00000014
00000014
00000014
00000014
00000014
00000014
00000014
00000014
00000014
00000014
00000014
00000014
00000014
00000014
00000014
00000014
00000014
00000014
00000014
00000014
00000015
00000015
00000015
00000015
00000015
00000015
00000015
00000015
00000015
00000015
00000015
00000015
00000015
00000015
00000015
00000015
00000015
00000015
00000015
00000015
00000015
00000015
00000015
00000015
00000015
00000015
00000015
00000015
00000015
00000015
00000015
00000015
00000015
00000015
00000015
00000015
00000015
00000015
00000015
00000015
00000015
00000015
00000015
00000015
00000015
00000015
00000015
00000015
00000015
00000016
00000016
00000016
00000016
00000016
00000016
00000016
00000016
00000016
00000016
00000016
00000016
00000016
00000016
00000016
00000016
00000016
00000016
00000016
00000016
00000016
00000016
00000016
00000016
00000016
00000016
00000016
00000016
00000016
00000016
00000016
00000016
00000016
00000016
00000016
00000016
00000016
00000016
00000016
00000016
00000016
00000016
00000016
00000016
00000016
00000016
00000017
00000017
00000017
00000017
00000017
00000017
00000017
00000017
00000017
00000017
00000017
00000017
00000017
00000017
00000017
00000017
00000017
00000017
00000017
00000017
00000017
00000017
00000017
00000017
00000017
00000017
00000017
00000017
00000017
00000017
00000017
00000017
00000017
00000017
00000017
00000017
00000017
00000017
00000017
00000017
00000017
00000017
00000017
00000017
00000017
00000018
00000018
00000018
00000018
00000018
00000018
00000018
00000018
00000018
00000018
00000018
00000018
00000018
00000018
00000018
00000018
00000018
00000018
00000018
00000018
00000018
00000018
00000018
00000018
00000018
00000018
00000018
00000018
00000018
00000018
00000018
00000018
00000018
00000018
00000018
00000018
00000018
00000018
00000018
00000018
00000018
00000018
00000018
00000019
00000019
00000019
00000019
00000019
00000019
00000019
00000019
00000019
00000019
00000019
00000019
00000019
00000019
00000019
00000019
00000019
00000019
00000019
00000019
00000019
00000019
00000019
00000019
00000019
00000019
00000019
00000019
00000019
00000019
00000019
00000019
00000019
00000019
00000019
00000019
00000019
00000019
00000019
00000019
00000019
0000001a
0000001a
0000001a
0000001a
0000001a
0000001a
0000001a
0000001a
0000001a
0000001a
0000001a
0000001a
0000001a
0000001a
0000001a
0000001a
0000001a
0000001a
0000001a
0000001a
0000001a
0000001a
0000001a
0000001a
0000001a
0000001a
0000001a
0000001a
0000001a
0000001a
0000001a
0000001a
0000001a
0000001a
0000001a
0000001a
0000001a
0000001a
0000001a
0000001b
0000001b
0000001b
0000001b
0000001b
0000001b
0000001b
0000001b
0000001b
0000001b
0000001b
0000001b
0000001b
0000001b
0000001b
0000001b
0000001b
0000001b
0000001b
0000001b
0000001b
0000001b
0000001b
0000001b
0000001b
0000001b
0000001b
0000001b
0000001b
0000001b
0000001b
0000001b
0000001b
0000001b
0000001b
0000001b
0000001b
0000001b
0000001c
0000001c
0000001c
0000001c
0000001c
0000001c
0000001c
0000001c
0000001c
0000001c
0000001c
0000001c
0000001c
0000001c
0000001c
0000001c
0000001c
0000001c
0000001c
0000001c
0000001c
0000001c
0000001c
0000001c
0000001c
0000001c
0000001c
0000001c
0000001c
0000001c
0000001c
0000001c
0000001c
0000001c
0000001c
0000001c
0000001c
0000001d
0000001d
0000001d
0000001d
0000001d
0000001d
0000001d
0000001d
0000001d
0000001d
0000001d
0000001d
0000001d
0000001d
0000001d
0000001d
0000001d
0000001d
0000001d
0000001d
0000001d
0000001d
0000001d
0000001d
0000001d
0000001d
0000001d
0000001d
0000001d
0000001d
0000001d
0000001d
0000001d
0000001d
0000001d
0000001e
0000001e
0000001e
0000001e
0000001e
0000001e
0000001e
0000001e
0000001e
0000001e
0000001e
0000001e
0000001e
0000001e
0000001e
0000001e
0000001e
0000001e
0000001e
0000001e
0000001e
0000001e
0000001e
0000001e
0000001e
0000001e
0000001e
0000001e
0000001e
0000001e
0000001e
0000001e
0000001e
0000001e
0000001f
0000001f
0000001f
0000001f
0000001f
0000001f
0000001f
0000001f
0000001f
0000001f
0000001f
0000001f
0000001f
0000001f
0000001f
0000001f
0000001f
0000001f
0000001f
0000001f
0000001f
0000001f
0000001f
0000001f
0000001f
0000001f
0000001f
0000001f
0000001f
0000001f
0000001f
0000001f
0000001f
00000020
00000020
00000020
00000020
00000020
00000020
00000020
00000020
00000020
00000020
00000020
00000020
00000020
00000020
00000020
00000020
00000020
00000020
00000020
00000020
00000020
00000020
00000020
00000020
00000020
00000020
00000020
00000020
00000020
00000020
00000020
00000020
00000021
00000021
00000021
00000021
00000021
00000021
00000021
00000021
00000021
00000021
00000021
00000021
00000021
00000021
00000021
00000021
00000021
00000021
00000021
00000021
00000021
00000021
00000021
00000021
00000021
00000021
00000021
00000021
00000021
00000021
00000021
00000022
00000022
00000022
00000022
00000022
00000022
00000022
00000022
00000022
00000022
00000022
00000022
00000022
00000022
00000022
00000022
00000022
00000022
00000022
00000022
00000022
00000022
00000022
00000022
00000022
00000022
00000022
00000022
00000022
00000022
00000023
00000023
00000023
00000023
00000023
00000023
00000023
00000023
00000023
00000023
00000023
00000023
00000023
00000023
00000023
00000023
00000023
00000023
00000023
00000023
00000023
00000023
00000023
00000023
00000023
00000023
00000023
00000023
00000023
00000024
00000024
00000024
00000024
00000024
00000024
00000024
00000024
00000024
00000024
00000024
00000024
00000024
00000024
00000024
00000024
00000024
00000024
00000024
00000024
00000024
00000024
00000024
00000024
00000024
00000024
00000024
00000024
00000024
00000025
00000025
00000025
00000025
00000025
00000025
00000025
00000025
00000025
00000025
00000025
00000025
00000025
00000025
00000025
00000025
00000025
00000025
00000025
00000025
00000025
00000025
00000025
00000025
00000025
00000025
00000025
00000025
00000026
00000026
00000026
00000026
00000026
00000026
00000026
00000026
00000026
00000026
00000026
00000026
00000026
00000026
00000026
00000026
00000026
00000026
00000026
00000026
00000026
00000026
00000026
00000026
00000026
00000026
00000026
00000027
00000027
00000027
00000027
00000027
00000027
00000027
00000027
00000027
00000027
00000027
00000027
00000027
00000027
00000027
00000027
00000027
00000027
00000027
00000027
00000027
00000027
00000027
00000027
00000027
00000027
00000028
00000028
00000028
00000028
00000028
00000028
00000028
00000028
00000028
00000028
00000028
00000028
00000028
00000028
00000028
00000028
00000028
00000028
00000028
00000028
00000028
00000028
00000028
00000028
00000028
00000029
00000029
00000029
00000029
00000029
00000029
00000029
00000029
00000029
00000029
00000029
00000029
00000029
00000029
00000029
00000029
00000029
00000029
00000029
00000029
00000029
00000029
00000029
00000029
00000029
0000002a
0000002a
0000002a
0000002a
0000002a
0000002a
0000002a
0000002a
0000002a
0000002a
0000002a
0000002a
0000002a
0000002a
0000002a
0000002a
0000002a
0000002a
0000002a
0000002a
0000002a
0000002a
0000002a
0000002a
0000002a
0000002b
0000002b
0000002b
0000002b
0000002b
0000002b
0000002b
0000002b
0000002b
0000002b
0000002b
0000002b
0000002b
0000002b
0000002b
0000002b
0000002b
0000002b
0000002b
0000002b
0000002b
0000002b
0000002b
0000002b
0000002c
0000002c
0000002c
0000002c
0000002c
0000002c
0000002c
0000002c
0000002c
0000002c
0000002c
0000002c
0000002c
0000002c
0000002c
0000002c
0000002c
0000002c
0000002c
0000002c
0000002c
0000002c
0000002c
0000002d
0000002d
0000002d
0000002d
0000002d
0000002d
0000002d
0000002d
0000002d
0000002d
0000002d
0000002d
0000002d
0000002d
0000002d
0000002d
0000002d
0000002d
0000002d
0000002d
0000002d
0000002d
0000002d
0000002e
0000002e
0000002e
0000002e
0000002e
0000002e
0000002e
0000002e
0000002e
0000002e
0000002e
0000002e
0000002e
0000002e
0000002e
0000002e
0000002e
0000002e
0000002e
0000002e
0000002e
0000002e
0000002f
0000002f
0000002f
0000002f
0000002f
0000002f
0000002f
0000002f
0000002f
0000002f
0000002f
0000002f
0000002f
0000002f
0000002f
0000002f
0000002f
0000002f
0000002f
0000002f
0000002f
0000002f
00000030
00000030
00000030
00000030
00000030
00000030
00000030
00000030
00000030
00000030
00000030
00000030
00000030
00000030
00000030
00000030
00000030
00000030
00000030
00000030
00000030
00000031
00000031
00000031
00000031
00000031
00000031
00000031
00000031
00000031
00000031
00000031
00000031
00000031
00000031
00000031
00000031
00000031
00000031
00000031
00000031
00000031
00000032
00000032
00000032
00000032
00000032
00000032
00000032
00000032
00000032
00000032
00000032
00000032
00000032
00000032
00000032
00000032
00000032
00000032
00000032
00000032
00000033
00000033
00000033
00000033
00000033
00000033
00000033
00000033
00000033
00000033
00000033
00000033
00000033
00000033
00000033
00000033
00000033
00000033
00000033
00000033
00000034
00000034
00000034
00000034
00000034
00000034
00000034
00000034
00000034
00000034
00000034
00000034
00000034
00000034
00000034
00000034
00000034
00000034
00000034
00000034
00000035
00000035
00000035
00000035
00000035
00000035
00000035
00000035
00000035
00000035
00000035
00000035
00000035
00000035
00000035
00000035
00000035
00000035
00000035
00000036
00000036
00000036
00000036
00000036
00000036
00000036
00000036
00000036
00000036
00000036
00000036
00000036
00000036
00000036
00000036
00000036
00000036
00000036
00000037
00000037
00000037
00000037
00000037
00000037
00000037
00000037
00000037
00000037
00000037
00000037
00000037
00000037
00000037
00000037
00000037
00000037
00000037
00000038
00000038
00000038
00000038
00000038
00000038
00000038
00000038
00000038
00000038
00000038
00000038
00000038
00000038
00000038
00000038
00000038
00000038
00000039
00000039
00000039
00000039
00000039
00000039
00000039
00000039
00000039
00000039
00000039
00000039
00000039
00000039
00000039
00000039
00000039
00000039
0000003a
0000003a
0000003a
0000003a
0000003a
0000003a
0000003a
0000003a
0000003a
0000003a
0000003a
0000003a
0000003a
0000003a
0000003a
0000003a
0000003a
0000003a
0000003b
0000003b
0000003b
0000003b
0000003b
0000003b
0000003b
0000003b
0000003b
0000003b
0000003b
0000003b
0000003b
0000003b
0000003b
0000003b
0000003b
0000003c
0000003c
0000003c
0000003c
0000003c
0000003c
0000003c
0000003c
0000003c
0000003c
0000003c
0000003c
0000003c
0000003c
0000003c
0000003c
0000003c
0000003d
0000003d
0000003d
0000003d
0000003d
0000003d
0000003d
0000003d
0000003d
0000003d
0000003d
0000003d
0000003d
0000003d
0000003d
0000003d
0000003d
0000003e
0000003e
0000003e
0000003e
0000003e
0000003e
0000003e
0000003e
0000003e
0000003e
0000003e
0000003e
0000003e
0000003e
0000003e
0000003e
0000003e
0000003f
0000003f
0000003f
0000003f
0000003f
0000003f
0000003f
0000003f
0000003f
0000003f
0000003f
0000003f
0000003f
0000003f
0000003f
0000003f
00000040
00000040
00000040
00000040
00000040
00000040
00000040
00000040
00000040
00000040
00000040
00000040
00000040
00000040
00000040
00000040
00000041
00000041
00000041
00000041
00000041
00000041
00000041
00000041
00000041
00000041
00000041
00000041
00000041
00000041
00000041
00000041
00000042
00000042
00000042
00000042
00000042
00000042
00000042
00000042
00000042
00000042
00000042
00000042
00000042
00000042
00000042
00000043
00000043
00000043
00000043
00000043
00000043
00000043
00000043
00000043
00000043
00000043
00000043
00000043
00000043
00000043
00000044
00000044
00000044
00000044
00000044
00000044
00000044
00000044
00000044
00000044
00000044
00000044
00000044
00000044
00000044
00000044
00000045
00000045
00000045
00000045
00000045
00000045
00000045
00000045
00000045
00000045
00000045
00000045
00000045
00000045
00000046
00000046
00000046
00000046
00000046
00000046
00000046
00000046
00000046
00000046
00000046
00000046
00000046
00000046
00000046
00000047
00000047
00000047
00000047
00000047
00000047
00000047
00000047
00000047
00000047
00000047
00000047
00000047
00000047
00000048
00000048
00000048
00000048
00000048
00000048
00000048
00000048
00000048
00000048
00000048
00000048
00000048
00000048
00000048
00000049
00000049
00000049
00000049
00000049
00000049
00000049
00000049
00000049
00000049
00000049
00000049
00000049
00000049
0000004a
0000004a
0000004a
0000004a
0000004a
0000004a
0000004a
0000004a
0000004a
0000004a
0000004a
0000004a
0000004a
0000004b
0000004b
0000004b
0000004b
0000004b
0000004b
0000004b
0000004b
0000004b
0000004b
0000004b
0000004b
0000004b
0000004b
0000004c
0000004c
0000004c
0000004c
0000004c
0000004c
0000004c
0000004c
0000004c
0000004c
0000004c
0000004c
0000004c
0000004c
0000004d
0000004d
0000004d
0000004d
0000004d
0000004d
0000004d
0000004d
0000004d
0000004d
0000004d
0000004d
0000004d
0000004e
0000004e
0000004e
0000004e
0000004e
0000004e
0000004e
0000004e
0000004e
0000004e
0000004e
0000004e
0000004e
0000004f
0000004f
0000004f
0000004f
0000004f
0000004f
0000004f
0000004f
0000004f
0000004f
0000004f
0000004f
0000004f
00000050
00000050
00000050
00000050
00000050
00000050
00000050
00000050
00000050
00000050
00000050
00000050
00000050
00000051
00000051
00000051
00000051
00000051
00000051
00000051
00000051
00000051
00000051
00000051
00000051
00000052
00000052
00000052
00000052
00000052
00000052
00000052
00000052
00000052
00000052
00000052
00000052
00000052
00000053
00000053
00000053
00000053
00000053
00000053
00000053
00000053
00000053
00000053
00000053
00000053
00000054
00000054
00000054
00000054
00000054
00000054
00000054
00000054
00000054
00000054
00000054
00000054
00000055
00000055
00000055
00000055
00000055
00000055
00000055
00000055
00000055
00000055
00000055
00000055
00000055
00000056
00000056
00000056
00000056
00000056
00000056
00000056
00000056
00000056
00000056
00000056
00000057
00000057
00000057
00000057
00000057
00000057
00000057
00000057
00000057
00000057
00000057
00000057
00000058
00000058
00000058
00000058
00000058
00000058
00000058
00000058
00000058
00000058
00000058
00000058
00000059
00000059
00000059
00000059
00000059
00000059
00000059
00000059
00000059
00000059
00000059
0000005a
0000005a
0000005a
0000005a
0000005a
0000005a
0000005a
0000005a
0000005a
0000005a
0000005a
0000005a
0000005b
0000005b
0000005b
0000005b
0000005b
0000005b
0000005b
0000005b
0000005b
0000005b
0000005b
0000005c
0000005c
0000005c
0000005c
0000005c
0000005c
0000005c
0000005c
0000005c
0000005c
0000005c
0000005d
0000005d
0000005d
0000005d
0000005d
0000005d
0000005d
0000005d
0000005d
0000005d
0000005d
0000005e
0000005e
0000005e
0000005e
0000005e
0000005e
0000005e
0000005e
0000005e
0000005e
0000005e
0000005f
0000005f
0000005f
0000005f
0000005f
0000005f
0000005f
0000005f
0000005f
0000005f
0000005f
00000060
00000060
00000060
00000060
00000060
00000060
00000060
00000060
00000060
00000060
00000061
00000061
00000061
00000061
00000061
00000061
00000061
00000061
00000061
00000061
00000061
00000062
00000062
00000062
00000062
00000062
00000062
00000062
00000062
00000062
00000062
00000063
00000063
00000063
00000063
00000063
00000063
00000063
00000063
00000063
00000063
00000063
00000064
00000064
00000064
00000064
00000064
00000064
00000064
00000064
00000064
00000064
00000065
00000065
00000065
00000065
00000065
00000065
00000065
00000065
00000065
00000065
00000066
00000066
00000066
00000066
00000066
00000066
00000066
00000066
00000066
00000066
00000067
00000067
00000067
00000067
00000067
00000067
00000067
00000067
00000067
00000067
00000068
00000068
00000068
00000068
00000068
00000068
00000068
00000068
00000068
00000068
00000069
00000069
00000069
00000069
00000069
00000069
00000069
00000069
00000069
00000069
0000006a
0000006a
0000006a
0000006a
0000006a
0000006a
0000006a
0000006a
0000006a
0000006b
0000006b
0000006b
0000006b
0000006b
0000006b
0000006b
0000006b
0000006b
0000006b
0000006c
0000006c
0000006c
0000006c
0000006c
0000006c
0000006c
0000006c
0000006c
0000006d
0000006d
0000006d
0000006d
0000006d
0000006d
0000006d
0000006d
0000006d
0000006d
0000006e
0000006e
0000006e
0000006e
0000006e
0000006e
0000006e
0000006e
0000006e
0000006f
0000006f
0000006f
0000006f
0000006f
0000006f
0000006f
0000006f
0000006f
00000070
00000070
00000070
00000070
00000070
00000070
00000070
00000070
00000070
00000070
00000071
00000071
00000071
00000071
00000071
00000071
00000071
00000071
00000071
00000072
00000072
00000072
00000072
00000072
00000072
00000072
00000072
00000072
00000073
00000073
00000073
00000073
00000073
00000073
00000073
00000073
00000074
00000074
00000074
00000074
00000074
00000074
00000074
00000074
00000074
00000075
00000075
00000075
00000075
00000075
00000075
00000075
00000075
00000075
00000076
00000076
00000076
00000076
00000076
00000076
00000076
00000076
00000076
00000077
00000077
00000077
00000077
00000077
00000077
00000077
00000077
00000078
00000078
00000078
00000078
00000078
00000078
00000078
00000078
00000078
00000079
00000079
00000079
00000079
00000079
00000079
00000079
00000079
0000007a
0000007a
0000007a
0000007a
0000007a
0000007a
0000007a
0000007a
0000007a
0000007b
0000007b
0000007b
0000007b
0000007b
0000007b
0000007b
0000007b
0000007c
0000007c
0000007c
0000007c
0000007c
0000007c
0000007c
0000007c
0000007d
0000007d
0000007d
0000007d
0000007d
0000007d
0000007d
0000007d
0000007d
0000007e
0000007e
0000007e
0000007e
0000007e
0000007e
0000007e
0000007e
0000007f
0000007f
0000007f
0000007f
0000007f
0000007f
0000007f
0000007f
00000080
00000080
00000080
00000080
00000080
00000080
00000080
00000080
00000081
00000081
00000081
00000081
00000081
00000081
00000081
00000081
00000082
00000082
00000082
00000082
00000082
00000082
00000082
00000082
00000083
00000083
00000083
00000083
00000083
00000083
00000083
00000084
00000084
00000084
00000084
00000084
00000084
00000084
00000084
00000085
00000085
00000085
00000085
00000085
00000085
00000085
00000085
00000086
00000086
00000086
00000086
00000086
00000086
00000086
00000087
00000087
00000087
00000087
00000087
00000087
00000087
00000087
00000088
00000088
00000088
00000088
00000088
00000088
00000088
00000088
00000089
00000089
00000089
00000089
00000089
00000089
00000089
0000008a
0000008a
0000008a
0000008a
0000008a
0000008a
0000008a
0000008b
0000008b
0000008b
0000008b
0000008b
0000008b
0000008b
0000008b
0000008c
0000008c
0000008c
0000008c
0000008c
0000008c
0000008c
0000008d
0000008d
0000008d
0000008d
0000008d
0000008d
0000008d
0000008e
0000008e
0000008e
0000008e
0000008e
0000008e
0000008e
0000008e
0000008f
0000008f
0000008f
0000008f
0000008f
0000008f
0000008f
00000090
00000090
00000090
00000090
00000090
00000090
00000090
00000091
00000091
00000091
00000091
00000091
00000091
00000091
00000092
00000092
00000092
00000092
00000092
00000092
00000092
00000093
00000093
00000093
00000093
00000093
00000093
00000093
00000094
00000094
00000094
00000094
00000094
00000094
00000094
00000095
00000095
00000095
00000095
00000095
00000095
00000095
00000096
00000096
00000096
00000096
00000096
00000096
00000096
00000097
00000097
00000097
00000097
00000097
00000097
00000098
00000098
00000098
00000098
00000098
00000098
00000098
00000099
00000099
00000099
00000099
00000099
00000099
00000099
0000009a
0000009a
0000009a
0000009a
0000009a
0000009a
0000009b
0000009b
0000009b
0000009b
0000009b
0000009b
0000009b
0000009c
0000009c
0000009c
0000009c
0000009c
0000009c
0000009c
0000009d
0000009d
0000009d
0000009d
0000009d
0000009d
0000009e
0000009e
0000009e
0000009e
0000009e
0000009e
0000009e
0000009f
0000009f
0000009f
0000009f
0000009f
0000009f
000000a0
000000a0
000000a0
000000a0
000000a0
000000a0
000000a1
000000a1
000000a1
000000a1
000000a1
000000a1
000000a1
000000a2
000000a2
000000a2
000000a2
000000a2
000000a2
000000a3
000000a3
000000a3
000000a3
000000a3
000000a3
000000a4
000000a4
000000a4
000000a4
000000a4
000000a4
000000a4
000000a5
000000a5
000000a5
000000a5
000000a5
000000a5
000000a6
000000a6
000000a6
000000a6
000000a6
000000a6
000000a7
000000a7
000000a7
000000a7
000000a7
000000a7
000000a8
000000a8
000000a8
000000a8
000000a8
000000a8
000000a9
000000a9
000000a9
000000a9
000000a9
000000a9
000000aa
000000aa
000000aa
000000aa
000000aa
000000aa
000000ab
000000ab
000000ab
000000ab
000000ab
000000ab
000000ac
000000ac
000000ac
000000ac
000000ac
000000ac
000000ad
000000ad
000000ad
000000ad
000000ad
000000ad
000000ae
000000ae
000000ae
000000ae
000000ae
000000ae
000000af
000000af
000000af
000000af
000000af
000000af
000000b0
000000b0
000000b0
000000b0
000000b0
000000b0
000000b1
000000b1
000000b1
000000b1
000000b1
000000b1
000000b2
000000b2
000000b2
000000b2
000000b2
000000b3
000000b3
000000b3
000000b3
000000b3
000000b3
000000b4
000000b4
000000b4
000000b4
000000b4
000000b4
000000b5
000000b5
000000b5
000000b5
000000b5
000000b6
000000b6
000000b6
000000b6
000000b6
000000b6
000000b7
000000b7
000000b7
000000b7
000000b7
000000b7
000000b8
000000b8
000000b8
000000b8
000000b8
000000b9
000000b9
000000b9
000000b9
000000b9
000000b9
000000ba
000000ba
000000ba
000000ba
000000ba
000000bb
000000bb
000000bb
000000bb
000000bb
000000bb
000000bc
000000bc
000000bc
000000bc
000000bc
000000bd
000000bd
000000bd
000000bd
000000bd
000000be
000000be
000000be
000000be
000000be
000000be
000000bf
000000bf
000000bf
000000bf
000000bf
000000c0
000000c0
000000c0
000000c0
000000c0
000000c0
000000c1
000000c1
000000c1
000000c1
000000c1
000000c2
000000c2
000000c2
000000c2
000000c2
000000c3
000000c3
000000c3
000000c3
000000c3
000000c4
000000c4
000000c4
000000c4
000000c4
000000c4
000000c5
000000c5
000000c5
000000c5
000000c5
000000c6
000000c6
000000c6
000000c6
000000c6
000000c7
000000c7
000000c7
000000c7
000000c7
000000c8
000000c8
000000c8
000000c8
000000c8
000000c9
000000c9
000000c9
000000c9
000000c9
000000ca
000000ca
000000ca
000000ca
000000ca
000000cb
000000cb
000000cb
000000cb
000000cb
000000cc
000000cc
000000cc
000000cc
000000cc
000000cd
000000cd
000000cd
000000cd
000000cd
000000ce
000000ce
000000ce
000000ce
000000ce
000000cf
000000cf
000000cf
000000cf
000000cf
000000d0
000000d0
000000d0
000000d0
000000d0
000000d1
000000d1
000000d1
000000d1
000000d1
000000d2
000000d2
000000d2
000000d2
000000d2
000000d3
000000d3
000000d3
000000d3
000000d3
000000d4
000000d4
000000d4
000000d4
000000d4
000000d5
000000d5
000000d5
000000d5
000000d5
000000d6
000000d6
000000d6
000000d6
000000d7
000000d7
000000d7
000000d7
000000d7
000000d8
000000d8
000000d8
000000d8
000000d8
000000d9
000000d9
000000d9
000000d9
000000d9
000000da
000000da
000000da
000000da
000000db
000000db
000000db
000000db
000000db
000000dc
000000dc
000000dc
000000dc
000000dc
000000dd
000000dd
000000dd
000000dd
000000de
000000de
000000de
000000de
000000de
000000df
000000df
000000df
000000df
000000e0
000000e0
000000e0
000000e0
000000e0
000000e1
000000e1
000000e1
000000e1
000000e1
000000e2
000000e2
000000e2
000000e2
000000e3
000000e3
000000e3
000000e3
000000e3
000000e4
000000e4
000000e4
000000e4
000000e5
000000e5
000000e5
000000e5
000000e5
000000e6
000000e6
000000e6
000000e6
000000e7
000000e7
000000e7
000000e7
000000e8
000000e8
000000e8
000000e8
000000e8
000000e9
000000e9
000000e9
000000e9
000000ea
000000ea
000000ea
000000ea
000000ea
000000eb
000000eb
000000eb
000000eb
000000ec
000000ec
000000ec
000000ec
000000ed
000000ed
000000ed
000000ed
000000ed
000000ee
000000ee
000000ee
000000ee
000000ef
000000ef
000000ef
000000ef
000000f0
000000f0
000000f0
000000f0
000000f0
000000f1
000000f1
000000f1
000000f1
000000f2
000000f2
000000f2
000000f2
000000f3
000000f3
000000f3
000000f3
000000f4
000000f4
000000f4
000000f4
000000f5
000000f5
000000f5
000000f5
000000f5
000000f6
000000f6
000000f6
000000f6
000000f7
000000f7
000000f7
000000f7
000000f8
000000f8
000000f8
000000f8
000000f9
000000f9
000000f9
000000f9
000000fa
000000fa
000000fa
000000fa
000000fb
000000fb
000000fb
000000fb
000000fc
000000fc
000000fc
000000fc
000000fd
000000fd
000000fd
000000fd
000000fe
000000fe
000000fe
000000fe
000000ff
000000ff
000000ff
000000ff
00000100
00000100
00000100
00000100
00000101
00000101
00000101
00000101
00000102
00000102
00000102
00000102
00000103
00000103
00000103
00000103
00000104
00000104
00000104
00000104
00000105
00000105
00000105
00000105
00000106
00000106
00000106
00000106
00000107
00000107
00000107
00000107
00000108
00000108
00000108
00000108
00000109
00000109
00000109
00000109
0000010a
0000010a
0000010a
0000010a
0000010b
0000010b
0000010b
0000010c
0000010c
0000010c
0000010c
0000010d
0000010d
0000010d
0000010d
0000010e
0000010e
0000010e
0000010e
0000010f
0000010f
0000010f
0000010f
00000110
00000110
00000110
00000111
00000111
00000111
00000111
00000112
00000112
00000112
00000112
00000113
00000113
00000113
00000113
00000114
00000114
00000114
00000115
00000115
00000115
00000115
00000116
00000116
00000116
00000116
00000117
00000117
00000117
00000118
00000118
00000118
00000118
00000119
00000119
00000119
00000119
0000011a
0000011a
0000011a
0000011b
0000011b
0000011b
0000011b
0000011c
0000011c
0000011c
0000011c
0000011d
0000011d
0000011d
0000011e
0000011e
0000011e
0000011e
0000011f
0000011f
0000011f
00000120
00000120
00000120
00000120
00000121
00000121
00000121
00000122
00000122
00000122
00000122
00000123
00000123
00000123
00000124
00000124
00000124
00000124
00000125
00000125
00000125
00000126
00000126
00000126
00000126
00000127
00000127
00000127
00000128
00000128
00000128
00000128
00000129
00000129
00000129
0000012a
0000012a
0000012a
0000012a
0000012b
0000012b
0000012b
0000012c
0000012c
0000012c
0000012c
0000012d
0000012d
0000012d
0000012e
0000012e
0000012e
0000012f
0000012f
0000012f
0000012f
00000130
00000130
00000130
00000131
00000131
00000131
00000131
00000132
00000132
00000132
00000133
00000133
00000133
00000134
00000134
00000134
00000134
00000135
00000135
00000135
00000136
00000136
00000136
00000137
00000137
00000137
00000138
00000138
00000138
00000138
00000139
00000139
00000139
0000013a
0000013a
0000013a
0000013b
0000013b
0000013b
0000013c
0000013c
0000013c
0000013c
0000013d
0000013d
0000013d
0000013e
0000013e
0000013e
0000013f
0000013f
0000013f
00000140
00000140
00000140
00000140
00000141
00000141
00000141
00000142
00000142
00000142
00000143
00000143
00000143
00000144
00000144
00000144
00000145
00000145
00000145
00000146
00000146
00000146
00000146
00000147
00000147
00000147
00000148
00000148
00000148
00000149
00000149
00000149
0000014a
0000014a
0000014a
0000014b
0000014b
0000014b
0000014c
0000014c
0000014c
0000014d
0000014d
0000014d
0000014e
0000014e
0000014e
0000014f
0000014f
0000014f
00000150
00000150
00000150
00000151
00000151
00000151
00000151
00000152
00000152
00000152
00000153
00000153
00000153
00000154
00000154
00000154
00000155
00000155
00000155
00000156
00000156
00000156
00000157
00000157
00000157
00000158
00000158
00000158
00000159
00000159
00000159
0000015a
0000015a
0000015b
0000015b
0000015b
0000015c
0000015c
0000015c
0000015d
0000015d
0000015d
0000015e
0000015e
0000015e
0000015f
0000015f
0000015f
00000160
00000160
00000160
00000161
00000161
00000161
00000162
00000162
00000162
00000163
00000163
00000163
00000164
00000164
00000164
00000165
00000165
00000166
00000166
00000166
00000167
00000167
00000167
00000168
00000168
00000168
00000169
00000169
00000169
0000016a
0000016a
0000016a
0000016b
0000016b
0000016b
0000016c
0000016c
0000016d
0000016d
0000016d
0000016e
0000016e
0000016e
0000016f
0000016f
0000016f
00000170
00000170
00000170
00000171
00000171
00000172
00000172
00000172
00000173
00000173
00000173
00000174
00000174
00000174
00000175
00000175
00000176
00000176
00000176
00000177
00000177
00000177
00000178
00000178
00000179
00000179
00000179
0000017a
0000017a
0000017a
0000017b
0000017b
0000017b
0000017c
0000017c
0000017d
0000017d
0000017d
0000017e
0000017e
0000017e
0000017f
0000017f
00000180
00000180
00000180
00000181
00000181
00000181
00000182
00000182
00000183
00000183
00000183
00000184
00000184
00000184
00000185
00000185
00000186
00000186
00000186
00000187
00000187
00000187
00000188
00000188
00000189
00000189
00000189
0000018a
0000018a
0000018b
0000018b
0000018b
0000018c
0000018c
0000018d
0000018d
0000018d
0000018e
0000018e
0000018e
0000018f
0000018f
00000190
00000190
00000190
00000191
00000191
00000192
00000192
00000192
00000193
00000193
00000194
00000194
00000194
00000195
00000195
00000196
00000196
00000196
00000197
00000197
00000197
00000198
00000198
00000199
00000199
00000199
0000019a
0000019a
0000019b
0000019b
0000019b
0000019c
0000019c
0000019d
0000019d
0000019e
0000019e
0000019e
0000019f
0000019f
000001a0
000001a0
000001a0
000001a1
000001a1
000001a2
000001a2
000001a2
000001a3
000001a3
000001a4
000001a4
000001a4
000001a5
000001a5
000001a6
000001a6
000001a6
000001a7
000001a7
000001a8
000001a8
000001a9
000001a9
000001a9
000001aa
000001aa
000001ab
000001ab
000001ab
000001ac
000001ac
000001ad
000001ad
000001ae
000001ae
000001ae
000001af
000001af
000001b0
000001b0
000001b1
000001b1
000001b1
000001b2
000001b2
000001b3
000001b3
000001b3
000001b4
000001b4
000001b5
000001b5
000001b6
000001b6
000001b6
000001b7
000001b7
000001b8
000001b8
000001b9
000001b9
000001b9
000001ba
000001ba
000001bb
000001bb
000001bc
000001bc
000001bc
000001bd
000001bd
000001be
000001be
000001bf
000001bf
000001c0
000001c0
000001c0
000001c1
000001c1
000001c2
000001c2
000001c3
000001c3
000001c3
000001c4
000001c4
000001c5
000001c5
000001c6
000001c6
000001c7
000001c7
000001c7
000001c8
000001c8
000001c9
000001c9
000001ca
000001ca
000001cb
000001cb
000001cc
000001cc
000001cc
000001cd
000001cd
000001ce
000001ce
000001cf
000001cf
000001d0
000001d0
000001d0
000001d1
000001d1
000001d2
000001d2
000001d3
000001d3
000001d4
000001d4
000001d5
000001d5
000001d5
000001d6
000001d6
000001d7
000001d7
000001d8
000001d8
000001d9
000001d9
000001da
000001da
000001db
000001db
000001db
000001dc
000001dc
000001dd
000001dd
000001de
000001de
000001df
000001df
000001e0
000001e0
000001e1
000001e1
000001e2
000001e2
000001e2
000001e3
000001e3
000001e4
000001e4
000001e5
000001e5
000001e6
000001e6
000001e7
000001e7
000001e8
000001e8
000001e9
000001e9
000001ea
000001ea
000001eb
000001eb
000001ec
000001ec
000001ec
000001ed
000001ed
000001ee
000001ee
000001ef
000001ef
000001f0
000001f0
000001f1
000001f1
000001f2
000001f2
000001f3
000001f3
000001f4
000001f4
000001f5
000001f5
000001f6
000001f6
000001f7
000001f7
000001f8
000001f8
000001f9
000001f9
000001fa
000001fa
000001fb
000001fb
000001fc
000001fc
000001fd
000001fd
000001fe
000001fe
000001ff
000001ff
00000200
00000200
00000201
00000201
00000202
00000202
00000203
00000203
00000204
00000204
00000205
00000205
00000206
00000206
00000207
00000207
00000208
00000208
00000209
00000209
0000020a
0000020a
0000020b
0000020b
0000020c
0000020c
0000020d
0000020d
0000020e
0000020e
0000020f
0000020f
00000210
00000210
00000211
00000211
00000212
00000212
00000213
00000213
00000214
00000215
00000215
00000216
00000216
00000217
00000217
00000218
00000218
00000219
00000219
0000021a
0000021a
0000021b
0000021b
0000021c
0000021c
0000021d
0000021d
0000021e
0000021e
0000021f
00000220
00000220
00000221
00000221
00000222
00000222
00000223
00000223
00000224
00000224
00000225
00000225
00000226
00000226
00000227
00000228
00000228
00000229
00000229
0000022a
0000022a
0000022b
0000022b
0000022c
0000022c
0000022d
0000022e
0000022e
0000022f
0000022f
00000230
00000230
00000231
00000231
00000232
00000232
00000233
00000234
00000234
00000235
00000235
00000236
00000236
00000237
00000237
00000238
00000239
00000239
0000023a
0000023a
0000023b
0000023b
0000023c
0000023c
0000023d
0000023e
0000023e
0000023f
0000023f
00000240
00000240
00000241
00000241
00000242
00000243
00000243
00000244
00000244
00000245
00000245
00000246
00000247
00000247
00000248
00000248
00000249
00000249
0000024a
0000024b
0000024b
0000024c
0000024c
0000024d
0000024d
0000024e
0000024f
0000024f
00000250
00000250
00000251
00000251
00000252
00000253
00000253
00000254
00000254
00000255
00000256
00000256
00000257
00000257
00000258
00000258
00000259
0000025a
0000025a
0000025b
0000025b
0000025c
0000025d
0000025d
0000025e
0000025e
0000025f
00000260
00000260
00000261
00000261
00000262
00000263
00000263
00000264
00000264
00000265
00000266
00000266
00000267
00000267
00000268
00000269
00000269
0000026a
0000026a
0000026b
0000026c
0000026c
0000026d
0000026d
0000026e
0000026f
0000026f
00000270
00000270
00000271
00000272
00000272
00000273
00000273
00000274
00000275
00000275
00000276
00000277
00000277
00000278
00000278
00000279
0000027a
0000027a
0000027b
0000027b
0000027c
0000027d
0000027d
0000027e
0000027f
0000027f
00000280
00000280
00000281
00000282
00000282
00000283
00000284
00000284
00000285
00000285
00000286
00000287
00000287
00000288
00000289
00000289
0000028a
0000028b
0000028b
0000028c
0000028c
0000028d
0000028e
0000028e
0000028f
00000290
00000290
00000291
00000292
00000292
00000293
00000293
00000294
00000295
00000295
00000296
00000297
00000297
00000298
00000299
00000299
0000029a
0000029b
0000029b
0000029c
0000029d
0000029d
0000029e
0000029f
0000029f
000002a0
000002a0
000002a1
000002a2
000002a2
000002a3
000002a4
000002a4
000002a5
000002a6
000002a6
000002a7
000002a8
000002a8
000002a9
000002aa
000002aa
000002ab
000002ac
000002ac
000002ad
000002ae
000002ae
000002af
000002b0
000002b0
000002b1
000002b2
000002b2
000002b3
000002b4
000002b4
000002b5
000002b6
000002b7
000002b7
000002b8
000002b9
000002b9
000002ba
000002bb
000002bb
000002bc
000002bd
000002bd
000002be
000002bf
000002bf
000002c0
000002c1
000002c1
000002c2
000002c3
000002c4
000002c4
000002c5
000002c6
000002c6
000002c7
000002c8
000002c8
000002c9
000002ca
000002ca
000002cb
000002cc
000002cd
000002cd
000002ce
000002cf
000002cf
000002d0
000002d1
000002d1
000002d2
000002d3
000002d4
000002d4
000002d5
000002d6
000002d6
000002d7
000002d8
000002d9
000002d9
000002da
000002db
000002db
000002dc
000002dd
000002de
000002de
000002df
000002e0
000002e0
000002e1
000002e2
000002e3
000002e3
000002e4
000002e5
000002e5
000002e6
000002e7
000002e8
000002e8
000002e9
000002ea
000002eb
000002eb
000002ec
000002ed
000002ed
000002ee
000002ef
000002f0
000002f0
000002f1
000002f2
000002f3
000002f3
000002f4
000002f5
000002f6
000002f6
000002f7
000002f8
000002f9
000002f9
000002fa
000002fb
000002fc
000002fc
000002fd
000002fe
000002ff
000002ff
00000300
00000301
00000302
00000302
00000303
00000304
00000305
00000305
00000306
00000307
00000308
00000308
00000309
0000030a
0000030b
0000030b
0000030c
0000030d
0000030e
0000030e
0000030f
00000310
00000311
00000311
00000312
00000313
00000314
00000315
00000315
00000316
00000317
00000318
00000318
00000319
0000031a
0000031b
0000031b
0000031c
0000031d
0000031e
0000031f
0000031f
00000320
00000321
00000322
00000323
00000323
00000324
00000325
00000326
00000326
00000327
00000328
00000329
0000032a
0000032a
0000032b
0000032c
0000032d
0000032e
0000032e
0000032f
00000330
00000331
00000332
00000332
00000333
00000334
00000335
00000336
00000336
00000337
00000338
00000339
0000033a
0000033a
0000033b
0000033c
0000033d
0000033e
0000033e
0000033f
00000340
00000341
00000342
00000342
00000343
00000344
00000345
00000346
00000347
00000347
00000348
00000349
0000034a
0000034b
0000034c
0000034c
0000034d
0000034e
0000034f
00000350
00000350
00000351
00000352
00000353
00000354
00000355
00000355
00000356
00000357
00000358
00000359
0000035a
0000035a
0000035b
0000035c
0000035d
0000035e
0000035f
00000360
00000360
00000361
00000362
00000363
00000364
00000365
00000365
00000366
00000367
00000368
00000369
0000036a
0000036b
0000036b
0000036c
0000036d
0000036e
0000036f
00000370
00000371
00000371
00000372
00000373
00000374
00000375
00000376
00000377
00000377
00000378
00000379
0000037a
0000037b
0000037c
0000037d
0000037e
0000037e
0000037f
00000380
00000381
00000382
00000383
00000384
00000385
00000385
00000386
00000387
00000388
00000389
0000038a
0000038b
0000038c
0000038c
0000038d
0000038e
0000038f
00000390
00000391
00000392
00000393
00000394
00000395
00000395
00000396
00000397
00000398
00000399
0000039a
0000039b
0000039c
0000039d
0000039e
0000039e
0000039f
000003a0
000003a1
000003a2
000003a3
000003a4
000003a5
000003a6
000003a7
000003a7
000003a8
000003a9
000003aa
000003ab
000003ac
000003ad
000003ae
000003af
000003b0
000003b1
000003b2
000003b3
000003b3
000003b4
000003b5
000003b6
000003b7
000003b8
000003b9
000003ba
000003bb
000003bc
000003bd
000003be
000003bf
000003c0
000003c0
000003c1
000003c2
000003c3
000003c4
000003c5
000003c6
000003c7
000003c8
000003c9
000003ca
000003cb
000003cc
000003cd
000003ce
000003cf
000003d0
000003d1
000003d2
000003d2
000003d3
000003d4
000003d5
000003d6
000003d7
000003d8
000003d9
000003da
000003db
000003dc
000003dd
000003de
000003df
000003e0
000003e1
000003e2
000003e3
000003e4
000003e5
000003e6
000003e7
000003e8
000003e9
000003ea
000003eb
000003ec
000003ed
000003ee
000003ef
000003f0
000003f1
000003f2
000003f3
000003f4
000003f5
000003f5
000003f6
000003f7
000003f8
000003f9
000003fa
000003fb
000003fc
000003fd
000003fe
000003ff
00000400
00000401
00000402
00000403
00000404
00000405
00000406
00000407
00000408
00000409
0000040a
0000040c
0000040d
0000040e
0000040f
00000410
00000411
00000412
00000413
00000414
00000415
00000416
00000417
00000418
00000419
0000041a
0000041b
0000041c
0000041d
0000041e
0000041f
00000420
00000421
00000422
00000423
00000424
00000425
00000426
00000427
00000428
00000429
0000042a
0000042b
0000042c
0000042d
0000042e
00000430
00000431
00000432
00000433
00000434
00000435
00000436
00000437
00000438
00000439
0000043a
0000043b
0000043c
0000043d
0000043e
0000043f
00000440
00000441
00000443
00000444
00000445
00000446
00000447
00000448
00000449
0000044a
0000044b
0000044c
0000044d
0000044e
0000044f
00000450
00000452
00000453
00000454
00000455
00000456
00000457
00000458
00000459
0000045a
0000045b
0000045c
0000045d
0000045f
00000460
00000461
00000462
00000463
00000464
00000465
00000466
00000467
00000468
0000046a
0000046b
0000046c
0000046d
0000046e
0000046f
00000470
00000471
00000472
00000473
00000475
00000476
00000477
00000478
00000479
0000047a
0000047b
0000047c
0000047e
0000047f
00000480
00000481
00000482
00000483
00000484
00000485
00000487
00000488
00000489
0000048a
0000048b
0000048c
0000048d
0000048f
00000490
00000491
00000492
00000493
00000494
00000495
00000497
00000498
00000499
0000049a
0000049b
0000049c
0000049d
0000049f
000004a0
000004a1
000004a2
000004a3
000004a4
000004a6
000004a7
000004a8
000004a9
000004aa
000004ab
000004ad
000004ae
000004af
000004b0
000004b1
000004b2
000004b4
000004b5
000004b6
000004b7
000004b8
000004b9
000004bb
000004bc
000004bd
000004be
000004bf
000004c1
000004c2
000004c3
000004c4
000004c5
000004c7
000004c8
000004c9
000004ca
000004cb
000004cc
000004ce
000004cf
000004d0
000004d1
000004d3
000004d4
000004d5
000004d6
000004d7
000004d9
000004da
000004db
000004dc
000004dd
000004df
000004e0
000004e1
000004e2
000004e3
000004e5
000004e6
000004e7
000004e8
000004ea
000004eb
000004ec
000004ed
000004ef
000004f0
000004f1
000004f2
000004f3
000004f5
000004f6
000004f7
000004f8
000004fa
000004fb
000004fc
000004fd
000004ff
00000500
00000501
00000502
00000504
00000505
00000506
00000507
00000509
0000050a
0000050b
0000050c
0000050e
0000050f
00000510
00000512
00000513
00000514
00000515
00000517
00000518
00000519
0000051a
0000051c
0000051d
0000051e
00000520
00000521
00000522
00000523
00000525
00000526
00000527
00000529
0000052a
0000052b
0000052c
0000052e
0000052f
00000530
00000532
00000533
00000534
00000536
00000537
00000538
00000539
0000053b
0000053c
0000053d
0000053f
00000540
00000541
00000543
00000544
00000545
00000547
00000548
00000549
0000054b
0000054c
0000054d
0000054e
00000550
00000551
00000552
00000554
00000555
00000556
00000558
00000559
0000055a
0000055c
0000055d
0000055e
00000560
00000561
00000563
00000564
00000565
00000567
00000568
00000569
0000056b
0000056c
0000056d
0000056f
00000570
00000571
00000573
00000574
00000576
00000577
00000578
0000057a
0000057b
0000057c
0000057e
0000057f
00000580
00000582
00000583
00000585
00000586
00000587
00000589
0000058a
0000058c
0000058d
0000058e
00000590
00000591
00000592
00000594
00000595
00000597
00000598
00000599
0000059b
0000059c
0000059e
0000059f
000005a0
000005a2
000005a3
000005a5
000005a6
000005a8
000005a9
000005aa
000005ac
000005ad
000005af
000005b0
000005b1
000005b3
000005b4
000005b6
000005b7
000005b9
000005ba
000005bb
000005bd
000005be
000005c0
000005c1
000005c3
000005c4
000005c6
000005c7
000005c8
000005ca
000005cb
000005cd
000005ce
000005d0
000005d1
000005d3
000005d4
000005d5
000005d7
000005d8
000005da
000005db
000005dd
000005de
000005e0
000005e1
000005e3
000005e4
000005e6
000005e7
000005e9
000005ea
000005eb
000005ed
000005ee
000005f0
000005f1
000005f3
000005f4
000005f6
000005f7
000005f9
000005fa
000005fc
000005fd
000005ff
00000600
00000602
00000603
00000605
00000606
00000608
00000609
0000060b
0000060c
0000060e
0000060f
00000611
00000612
00000614
00000616
00000617
00000619
0000061a
0000061c
0000061d
0000061f
00000620
00000622
00000623
00000625
00000626
00000628
00000629
0000062b
0000062c
0000062e
00000630
00000631
00000633
00000634
00000636
00000637
00000639
0000063a
0000063c
0000063e
0000063f
00000641
00000642
00000644
00000645
00000647
00000649
0000064a
0000064c
0000064d
0000064f
00000650
00000652
00000654
00000655
00000657
00000658
0000065a
0000065b
0000065d
0000065f
00000660
00000662
00000663
00000665
00000667
00000668
0000066a
0000066b
0000066d
0000066f
00000670
00000672
00000673
00000675
00000677
00000678
0000067a
0000067c
0000067d
0000067f
00000680
00000682
00000684
00000685
00000687
00000689
0000068a
0000068c
0000068e
0000068f
00000691
00000692
00000694
00000696
00000697
00000699
0000069b
0000069c
0000069e
000006a0
000006a1
000006a3
000006a5
000006a6
000006a8
000006aa
000006ab
000006ad
000006af
000006b0
000006b2
000006b4
000006b5
000006b7
000006b9
000006ba
000006bc
000006be
000006bf
000006c1
000006c3
000006c4
000006c6
000006c8
000006ca
000006cb
000006cd
000006cf
000006d0
000006d2
000006d4
000006d5
000006d7
000006d9
000006db
000006dc
000006de
000006e0
000006e1
000006e3
000006e5
000006e7
000006e8
000006ea
000006ec
000006ee
000006ef
000006f1
000006f3
000006f4
000006f6
000006f8
000006fa
000006fb
000006fd
000006ff
00000701
00000702
00000704
00000706
00000708
00000709
0000070b
0000070d
0000070f
00000711
00000712
00000714
00000716
00000718
00000719
0000071b
0000071d
0000071f
00000720
00000722
00000724
00000726
00000728
00000729
0000072b
0000072d
0000072f
00000731
00000732
00000734
00000736
00000738
0000073a
0000073b
0000073d
0000073f
00000741
00000743
00000744
00000746
00000748
0000074a
0000074c
0000074e
0000074f
00000751
00000753
00000755
00000757
00000759
0000075a
0000075c
0000075e
00000760
00000762
00000764
00000765
00000767
00000769
0000076b
0000076d
0000076f
00000771
00000772
00000774
00000776
00000778
0000077a
0000077c
0000077e
00000780
00000781
00000783
00000785
00000787
00000789
0000078b
0000078d
0000078f
00000790
00000792
00000794
00000796
00000798
0000079a
0000079c
0000079e
000007a0
000007a2
000007a3
000007a5
000007a7
000007a9
000007ab
000007ad
000007af
000007b1
000007b3
000007b5
000007b7
000007b9
000007bb
000007bc
000007be
000007c0
000007c2
000007c4
000007c6
000007c8
000007ca
000007cc
000007ce
000007d0
000007d2
000007d4
000007d6
000007d8
000007da
000007dc
000007de
000007e0
000007e2
000007e4
000007e5
000007e7
000007e9
000007eb
000007ed
000007ef
000007f1
000007f3
000007f5
000007f7
000007f9
000007fb
000007fd
000007ff
00000801
00000803
00000805
00000807
00000809
0000080b
0000080d
0000080f
00000811
00000813
00000815
00000817
00000819
0000081b
0000081e
00000820
00000822
00000824
00000826
00000828
0000082a
0000082c
0000082e
00000830
00000832
00000834
00000836
00000838
0000083a
0000083c
0000083e
00000840
00000842
00000844
00000846
00000849
0000084b
0000084d
0000084f
00000851
00000853
00000855
00000857
00000859
0000085b
0000085d
0000085f
00000862
00000864
00000866
00000868
0000086a
0000086c
0000086e
00000870
00000872
00000875
00000877
00000879
0000087b
0000087d
0000087f
00000881
00000883
00000885
00000888
0000088a
0000088c
0000088e
00000890
00000892
00000894
00000897
00000899
0000089b
0000089d
0000089f
000008a1
000008a4
000008a6
000008a8
000008aa
000008ac
000008ae
000008b1
000008b3
000008b5
000008b7
000008b9
000008bb
000008be
000008c0
000008c2
000008c4
000008c6
000008c9
000008cb
000008cd
000008cf
000008d1
000008d4
000008d6
000008d8
000008da
000008dc
000008df
000008e1
000008e3
000008e5
000008e7
000008ea
000008ec
000008ee
000008f0
000008f3
000008f5
000008f7
000008f9
000008fc
000008fe
00000900
00000902
00000905
00000907
00000909
0000090b
0000090e
00000910
00000912
00000914
00000917
00000919
0000091b
0000091e
00000920
00000922
00000924
00000927
00000929
0000092b
0000092e
00000930
00000932
00000934
00000937
00000939
0000093b
0000093e
00000940
00000942
00000945
00000947
00000949
0000094c
0000094e
00000950
00000953
00000955
00000957
0000095a
0000095c
0000095e
00000961
00000963
00000965
00000968
0000096a
0000096c
0000096f
00000971
00000973
00000976
00000978
0000097a
0000097d
0000097f
00000982
00000984
00000986
00000989
0000098b
0000098e
00000990
00000992
00000995
00000997
00000999
0000099c
0000099e
000009a1
000009a3
000009a6
000009a8
000009aa
000009ad
000009af
000009b2
000009b4
000009b6
000009b9
000009bb
000009be
000009c0
000009c3
000009c5
000009c8
000009ca
000009cc
000009cf
000009d1
000009d4
000009d6
000009d9
000009db
000009de
000009e0
000009e3
000009e5
000009e8
000009ea
000009ec
000009ef
000009f1
000009f4
000009f6
000009f9
000009fb
000009fe
00000a00
00000a03
00000a05
00000a08
00000a0a
00000a0d
00000a0f
00000a12
00000a14
00000a17
00000a1a
00000a1c
00000a1f
00000a21
00000a24
00000a26
00000a29
00000a2b
00000a2e
00000a30
00000a33
00000a35
00000a38
00000a3b
00000a3d
00000a40
00000a42
00000a45
00000a47
00000a4a
00000a4d
00000a4f
00000a52
00000a54
00000a57
00000a59
00000a5c
00000a5f
00000a61
00000a64
00000a66
00000a69
00000a6c
00000a6e
00000a71
00000a73
00000a76
00000a79
00000a7b
00000a7e
00000a81
00000a83
00000a86
00000a88
00000a8b
00000a8e
00000a90
00000a93
00000a96
00000a98
00000a9b
00000a9e
00000aa0
00000aa3
00000aa6
00000aa8
00000aab
00000aae
00000ab0
00000ab3
00000ab6
00000ab8
00000abb
00000abe
00000ac0
00000ac3
00000ac6
00000ac8
00000acb
00000ace
00000ad0
00000ad3
00000ad6
00000ad9
00000adb
00000ade
00000ae1
00000ae3
00000ae6
00000ae9
00000aec
00000aee
00000af1
00000af4
00000af7
00000af9
00000afc
00000aff
00000b02
00000b04
00000b07
00000b0a
00000b0d
00000b0f
00000b12
00000b15
00000b18
00000b1a
00000b1d
00000b20
00000b23
00000b26
00000b28
00000b2b
00000b2e
00000b31
00000b33
00000b36
00000b39
00000b3c
00000b3f
00000b42
00000b44
00000b47
00000b4a
00000b4d
00000b50
00000b52
00000b55
00000b58
00000b5b
00000b5e
00000b61
00000b64
00000b66
00000b69
00000b6c
00000b6f
00000b72
00000b75
00000b77
00000b7a
00000b7d
00000b80
00000b83
00000b86
00000b89
00000b8c
00000b8f
00000b91
00000b94
00000b97
00000b9a
00000b9d
00000ba0
00000ba3
00000ba6
00000ba9
00000bac
00000bae
00000bb1
00000bb4
00000bb7
00000bba
00000bbd
00000bc0
00000bc3
00000bc6
00000bc9
00000bcc
00000bcf
00000bd2
00000bd5
00000bd8
00000bdb
00000bde
00000be1
00000be4
00000be6
00000be9
00000bec
00000bef
00000bf2
00000bf5
00000bf8
00000bfb
00000bfe
00000c01
00000c04
00000c07
00000c0a
00000c0d
00000c10
00000c13
00000c16
00000c19
00000c1d
00000c20
00000c23
00000c26
00000c29
00000c2c
00000c2f
00000c32
00000c35
00000c38
00000c3b
00000c3e
00000c41
00000c44
00000c47
00000c4a
00000c4d
00000c50
00000c53
00000c57
00000c5a
00000c5d
00000c60
00000c63
00000c66
00000c69
00000c6c
00000c6f
00000c72
00000c76
00000c79
00000c7c
00000c7f
00000c82
00000c85
00000c88
00000c8b
00000c8f
00000c92
00000c95
00000c98
00000c9b
00000c9e
00000ca1
00000ca5
00000ca8
00000cab
00000cae
00000cb1
00000cb4
00000cb8
00000cbb
00000cbe
00000cc1
00000cc4
00000cc8
00000ccb
00000cce
00000cd1
00000cd4
00000cd8
00000cdb
00000cde
00000ce1
00000ce4
00000ce8
00000ceb
00000cee
00000cf1
00000cf5
00000cf8
00000cfb
00000cfe
00000d02
00000d05
00000d08
00000d0b
00000d0f
00000d12
00000d15
00000d18
00000d1c
00000d1f
00000d22
00000d26
00000d29
00000d2c
00000d2f
00000d33
00000d36
00000d39
00000d3d
00000d40
00000d43
00000d47
00000d4a
00000d4d
00000d51
00000d54
00000d57
00000d5b
00000d5e
00000d61
00000d65
00000d68
00000d6b
00000d6f
00000d72
00000d75
00000d79
00000d7c
00000d7f
00000d83
00000d86
00000d8a
00000d8d
00000d90
00000d94
00000d97
00000d9b
00000d9e
00000da1
00000da5
00000da8
00000dac
00000daf
00000db2
00000db6
00000db9
00000dbd
00000dc0
00000dc4
00000dc7
00000dcb
00000dce
00000dd1
00000dd5
00000dd8
00000ddc
00000ddf
00000de3
00000de6
00000dea
00000ded
00000df1
00000df4
00000df8
00000dfb
00000dff
00000e02
00000e06
00000e09
00000e0d
00000e10
00000e14
00000e17
00000e1b
00000e1e
00000e22
00000e25
00000e29
00000e2c
00000e30
00000e33
00000e37
00000e3b
00000e3e
00000e42
00000e45
00000e49
00000e4c
00000e50
00000e54
00000e57
00000e5b
00000e5e
00000e62
00000e66
00000e69
00000e6d
00000e70
00000e74
00000e78
00000e7b
00000e7f
00000e82
00000e86
00000e8a
00000e8d
00000e91
00000e95
00000e98
00000e9c
00000ea0
00000ea3
00000ea7
00000eab
00000eae
00000eb2
00000eb6
00000eb9
00000ebd
00000ec1
00000ec4
00000ec8
00000ecc
00000ecf
00000ed3
00000ed7
00000edb
00000ede
00000ee2
00000ee6
00000ee9
00000eed
00000ef1
00000ef5
00000ef8
00000efc
00000f00
00000f04
00000f07
00000f0b
00000f0f
00000f13
00000f16
00000f1a
00000f1e
00000f22
00000f26
00000f29
00000f2d
00000f31
00000f35
00000f39
00000f3c
00000f40
00000f44
00000f48
00000f4c
00000f4f
00000f53
00000f57
00000f5b
00000f5f
00000f63
00000f66
00000f6a
00000f6e
00000f72
00000f76
00000f7a
00000f7e
00000f81
00000f85
00000f89
00000f8d
00000f91
00000f95
00000f99
00000f9d
00000fa1
00000fa5
00000fa8
00000fac
00000fb0
00000fb4
00000fb8
00000fbc
00000fc0
00000fc4
00000fc8
00000fcc
00000fd0
00000fd4
00000fd8
00000fdc
00000fe0
00000fe4
00000fe8
00000fec
00000ff0
00000ff4
00000ff7
00000ffb
00000fff
00001003
00001007
0000100c
00001010
00001014
00001018
0000101c
00001020
00001024
00001028
0000102c
00001030
00001034
00001038
0000103c
00001040
00001044
00001048
0000104c
00001050
00001054
00001058
0000105d
00001061
00001065
00001069
0000106d
00001071
00001075
00001079
0000107d
00001081
00001086
0000108a
0000108e
00001092
00001096
0000109a
0000109e
000010a3
000010a7
000010ab
000010af
000010b3
000010b7
000010bc
000010c0
000010c4
000010c8
000010cc
000010d1
000010d5
000010d9
000010dd
000010e1
000010e6
000010ea
000010ee
000010f2
000010f7
000010fb
000010ff
00001103
00001108
0000110c
00001110
00001114
00001119
0000111d
00001121
00001126
0000112a
0000112e
00001132
00001137
0000113b
0000113f
00001144
00001148
0000114c
00001151
00001155
00001159
0000115e
00001162
00001166
0000116b
0000116f
00001173
00001178
0000117c
00001180
00001185
00001189
0000118e
00001192
00001196
0000119b
0000119f
000011a4
000011a8
000011ac
000011b1
000011b5
000011ba
000011be
000011c3
000011c7
000011cb
000011d0
000011d4
000011d9
000011dd
000011e2
000011e6
000011eb
000011ef
000011f4
000011f8
000011fd
00001201
00001206
0000120a
0000120f
00001213
00001218
0000121c
00001221
00001225
0000122a
0000122e
00001233
00001238
0000123c
00001241
00001245
0000124a
0000124e
00001253
00001257
0000125c
00001261
00001265
0000126a
0000126e
00001273
00001278
0000127c
00001281
00001286
0000128a
0000128f
00001293
00001298
0000129d
000012a1
000012a6
000012ab
000012af
000012b4
000012b9
000012bd
000012c2
000012c7
000012cc
000012d0
000012d5
000012da
000012de
000012e3
000012e8
000012ed
000012f1
000012f6
000012fb
00001300
00001304
00001309
0000130e
00001313
00001317
0000131c
00001321
00001326
0000132a
0000132f
00001334
00001339
0000133e
00001342
00001347
0000134c
00001351
00001356
0000135b
0000135f
00001364
00001369
0000136e
00001373
00001378
0000137d
00001381
00001386
0000138b
00001390
00001395
0000139a
0000139f
000013a4
000013a9
000013ae
000013b2
000013b7
000013bc
000013c1
000013c6
000013cb
000013d0
000013d5
000013da
000013df
000013e4
000013e9
000013ee
000013f3
000013f8
000013fd
00001402
00001407
0000140c
00001411
00001416
0000141b
00001420
00001425
0000142a
0000142f
00001434
00001439
0000143e
00001443
00001448
0000144d
00001453
00001458
0000145d
00001462
00001467
0000146c
00001471
00001476
0000147b
00001480
00001486
0000148b
00001490
00001495
0000149a
0000149f
000014a4
000014aa
000014af
000014b4
000014b9
000014be
000014c4
000014c9
000014ce
000014d3
000014d8
000014de
000014e3
000014e8
000014ed
000014f2
000014f8
000014fd
00001502
00001507
0000150d
00001512
00001517
0000151c
00001522
00001527
0000152c
00001532
00001537
0000153c
00001542
00001547
0000154c
00001552
00001557
0000155c
00001562
00001567
0000156c
00001572
00001577
0000157c
00001582
00001587
0000158c
00001592
00001597
0000159d
000015a2
000015a7
000015ad
000015b2
000015b8
000015bd
000015c3
000015c8
000015cd
000015d3
000015d8
000015de
000015e3
000015e9
000015ee
000015f4
000015f9
000015ff
00001604
0000160a
0000160f
00001615
0000161a
00001620
00001625
0000162b
00001630
00001636
0000163c
00001641
00001647
0000164c
00001652
00001657
0000165d
00001663
00001668
0000166e
00001673
00001679
0000167f
00001684
0000168a
00001690
00001695
0000169b
000016a1
000016a6
000016ac
000016b2
000016b7
000016bd
000016c3
000016c8
000016ce
000016d4
000016d9
000016df
000016e5
000016eb
000016f0
000016f6
000016fc
00001701
00001707
0000170d
00001713
00001719
0000171e
00001724
0000172a
00001730
00001735
0000173b
00001741
00001747
0000174d
00001753
00001758
0000175e
00001764
0000176a
00001770
00001776
0000177c
00001781
00001787
0000178d
00001793
00001799
0000179f
000017a5
000017ab
000017b1
000017b6
000017bc
000017c2
000017c8
000017ce
000017d4
000017da
000017e0
000017e6
000017ec
000017f2
000017f8
000017fe
00001804
0000180a
00001810
00001816
0000181c
00001822
00001828
0000182e
00001834
0000183a
00001840
00001846
0000184d
00001853
00001859
0000185f
00001865
0000186b
00001871
00001877
0000187d
00001883
0000188a
00001890
00001896
0000189c
000018a2
000018a8
000018ae
000018b5
000018bb
000018c1
000018c7
000018cd
000018d4
000018da
000018e0
000018e6
000018ec
000018f3
000018f9
000018ff
00001905
0000190c
00001912
00001918
0000191f
00001925
0000192b
00001931
00001938
0000193e
00001944
0000194b
00001951
00001957
0000195e
00001964
0000196a
00001971
00001977
0000197d
00001984
0000198a
00001991
00001997
0000199d
000019a4
000019aa
000019b1
000019b7
000019bd
000019c4
000019ca
000019d1
000019d7
000019de
000019e4
000019eb
000019f1
000019f8
000019fe
00001a05
00001a0b
00001a12
00001a18
00001a1f
00001a25
00001a2c
00001a32
00001a39
00001a3f
00001a46
00001a4d
00001a53
00001a5a
00001a60
00001a67
00001a6e
00001a74
00001a7b
00001a81
00001a88
00001a8f
00001a95
00001a9c
00001aa3
00001aa9
00001ab0
00001ab7
00001abd
00001ac4
00001acb
00001ad1
00001ad8
00001adf
00001ae5
00001aec
00001af3
00001afa
00001b00
00001b07
00001b0e
00001b15
00001b1b
00001b22
00001b29
00001b30
00001b37
00001b3d
00001b44
00001b4b
00001b52
00001b59
00001b60
00001b66
00001b6d
00001b74
00001b7b
00001b82
00001b89
00001b90
00001b97
00001b9d
00001ba4
00001bab
00001bb2
00001bb9
00001bc0
00001bc7
00001bce
00001bd5
00001bdc
00001be3
00001bea
00001bf1
00001bf8
00001bff
00001c06
00001c0d
00001c14
00001c1b
00001c22
00001c29
00001c30
00001c37
00001c3e
00001c45
00001c4c
00001c53
00001c5a
00001c61
00001c69
00001c70
00001c77
00001c7e
00001c85
00001c8c
00001c93
00001c9a
00001ca2
00001ca9
00001cb0
00001cb7
00001cbe
00001cc5
00001ccd
00001cd4
00001cdb
00001ce2
00001ce9
00001cf1
00001cf8
00001cff
00001d06
00001d0e
00001d15
00001d1c
00001d24
00001d2b
00001d32
00001d39
00001d41
00001d48
00001d4f
00001d57
00001d5e
00001d65
00001d6d
00001d74
00001d7b
00001d83
00001d8a
00001d92
00001d99
00001da0
00001da8
00001daf
00001db7
00001dbe
00001dc6
00001dcd
00001dd4
00001ddc
00001de3
00001deb
00001df2
00001dfa
00001e01
00001e09
00001e10
00001e18
00001e1f
00001e27
00001e2e
00001e36
00001e3e
00001e45
00001e4d
00001e54
00001e5c
00001e63
00001e6b
00001e73
00001e7a
00001e82
00001e8a
00001e91
00001e99
00001ea0
00001ea8
00001eb0
00001eb7
00001ebf
00001ec7
00001ecf
00001ed6
00001ede
00001ee6
00001eed
00001ef5
00001efd
00001f05
00001f0c
00001f14
00001f1c
00001f24
00001f2c
00001f33
00001f3b
00001f43
00001f4b
00001f53
00001f5a
00001f62
00001f6a
00001f72
00001f7a
00001f82
00001f8a
00001f91
00001f99
00001fa1
00001fa9
00001fb1
00001fb9
00001fc1
00001fc9
00001fd1
00001fd9
00001fe1
00001fe9
00001ff1
00001ff9
00002001
00002009
00002011
00002019
00002021
00002029
00002031
00002039
00002041
00002049
00002051
00002059
00002061
00002069
00002071
0000207a
00002082
0000208a
00002092
0000209a
000020a2
000020aa
000020b3
000020bb
000020c3
000020cb
000020d3
000020dc
000020e4
000020ec
000020f4
000020fd
00002105
0000210d
00002115
0000211e
00002126
0000212e
00002136
0000213f
00002147
0000214f
00002158
00002160
00002168
00002171
00002179
00002182
0000218a
00002192
0000219b
000021a3
000021ab
000021b4
000021bc
000021c5
000021cd
000021d6
000021de
000021e7
000021ef
000021f8
00002200
00002209
00002211
0000221a
00002222
0000222b
00002233
0000223c
00002244
0000224d
00002255
0000225e
00002267
0000226f
00002278
00002281
00002289
00002292
0000229a
000022a3
000022ac
000022b4
000022bd
000022c6
000022ce
000022d7
000022e0
000022e9
000022f1
000022fa
00002303
0000230c
00002314
0000231d
00002326
0000232f
00002338
00002340
00002349
00002352
0000235b
00002364
0000236d
00002375
0000237e
00002387
00002390
00002399
000023a2
000023ab
000023b4
000023bd
000023c5
000023ce
000023d7
000023e0
000023e9
000023f2
000023fb
00002404
0000240d
00002416
0000241f
00002428
00002431
0000243a
00002444
0000244d
00002456
0000245f
00002468
00002471
0000247a
00002483
0000248c
00002496
0000249f
000024a8
000024b1
000024ba
000024c3
000024cd
000024d6
000024df
000024e8
000024f1
000024fb
00002504
0000250d
00002516
00002520
00002529
00002532
0000253c
00002545
0000254e
00002558
00002561
0000256a
00002574
0000257d
00002586
00002590
00002599
000025a3
000025ac
000025b5
000025bf
000025c8
000025d2
000025db
000025e5
000025ee
000025f8
00002601
0000260b
00002614
0000261e
00002627
00002631
0000263a
00002644
0000264d
00002657
00002661
0000266a
00002674
0000267d
00002687
00002691
0000269a
000026a4
000026ae
000026b7
000026c1
000026cb
000026d4
000026de
000026e8
000026f2
000026fb
00002705
0000270f
00002719
00002722
0000272c
00002736
00002740
0000274a
00002753
0000275d
00002767
00002771
0000277b
00002785
0000278f
00002798
000027a2
000027ac
000027b6
000027c0
000027ca
000027d4
000027de
000027e8
000027f2
000027fc
00002806
00002810
0000281a
00002824
0000282e
00002838
00002842
0000284c
00002856
00002860
0000286a
00002875
0000287f
00002889
00002893
0000289d
000028a7
000028b1
000028bc
000028c6
000028d0
000028da
000028e4
000028ef
000028f9
00002903
0000290d
00002918
00002922
0000292c
00002937
00002941
0000294b
00002955
00002960
0000296a
00002975
0000297f
00002989
00002994
0000299e
000029a8
000029b3
000029bd
000029c8
000029d2
000029dd
000029e7
000029f2
000029fc
00002a07
00002a11
00002a1c
00002a26
00002a31
00002a3b
00002a46
00002a50
00002a5b
00002a66
00002a70
00002a7b
00002a85
00002a90
00002a9b
00002aa5
00002ab0
00002abb
00002ac5
00002ad0
00002adb
00002ae6
00002af0
00002afb
00002b06
00002b10
00002b1b
00002b26
00002b31
00002b3c
00002b46
00002b51
00002b5c
00002b67
00002b72
00002b7d
00002b88
00002b92
00002b9d
00002ba8
00002bb3
00002bbe
00002bc9
00002bd4
00002bdf
00002bea
00002bf5
00002c00
00002c0b
00002c16
00002c21
00002c2c
00002c37
00002c42
00002c4d
00002c58
00002c63
00002c6e
00002c7a
00002c85
00002c90
00002c9b
00002ca6
00002cb1
00002cbc
00002cc8
00002cd3
00002cde
00002ce9
00002cf5
00002d00
00002d0b
00002d16
00002d22
00002d2d
00002d38
00002d43
00002d4f
00002d5a
00002d65
00002d71
00002d7c
00002d88
00002d93
00002d9e
00002daa
00002db5
00002dc1
00002dcc
00002dd8
00002de3
00002dee
00002dfa
00002e05
00002e11
00002e1c
00002e28
00002e34
00002e3f
00002e4b
00002e56
00002e62
00002e6d
00002e79
00002e85
00002e90
00002e9c
00002ea8
00002eb3
00002ebf
00002ecb
00002ed6
00002ee2
00002eee
00002efa
00002f05
00002f11
00002f1d
00002f29
00002f34
00002f40
00002f4c
00002f58
00002f64
00002f70
00002f7b
00002f87
00002f93
00002f9f
00002fab
00002fb7
00002fc3
00002fcf
00002fdb
00002fe7
00002ff3
00002fff
0000300b
00003017
00003023
0000302f
0000303b
00003047
00003053
0000305f
0000306b
00003077
00003083
00003090
0000309c
000030a8
000030b4
000030c0
000030cc
000030d9
000030e5
000030f1
000030fd
0000310a
00003116
00003122
0000312e
0000313b
00003147
00003153
00003160
0000316c
00003178
00003185
00003191
0000319e
000031aa
000031b6
000031c3
000031cf
000031dc
000031e8
000031f5
00003201
0000320e
0000321a
00003227
00003233
00003240
0000324c
00003259
00003266
00003272
0000327f
0000328b
00003298
000032a5
000032b1
000032be
000032cb
000032d7
000032e4
000032f1
000032fe
0000330a
00003317
00003324
00003331
0000333e
0000334a
00003357
00003364
00003371
0000337e
0000338b
00003397
000033a4
000033b1
000033be
000033cb
000033d8
000033e5
000033f2
000033ff
0000340c
00003419
00003426
00003433
00003440
0000344d
0000345a
00003467
00003475
00003482
0000348f
0000349c
000034a9
000034b6
000034c3
000034d1
000034de
000034eb
000034f8
00003506
00003513
00003520
0000352d
0000353b
00003548
00003555
00003563
00003570
0000357d
0000358b
00003598
000035a6
000035b3
000035c0
000035ce
000035db
000035e9
000035f6
00003604
00003611
0000361f
0000362c
0000363a
00003648
00003655
00003663
00003670
0000367e
0000368c
00003699
000036a7
000036b4
000036c2
000036d0
000036de
000036eb
000036f9
00003707
00003715
00003722
00003730
0000373e
0000374c
0000375a
00003767
00003775
00003783
00003791
0000379f
000037ad
000037bb
000037c9
000037d7
000037e5
000037f3
00003801
0000380f
0000381d
0000382b
00003839
00003847
00003855
00003863
00003871
0000387f
0000388d
0000389b
000038aa
000038b8
000038c6
000038d4
000038e2
000038f1
000038ff
0000390d
0000391b
0000392a
00003938
00003946
00003955
00003963
00003971
00003980
0000398e
0000399c
000039ab
000039b9
000039c8
000039d6
000039e5
000039f3
00003a02
00003a10
00003a1f
00003a2d
00003a3c
00003a4a
00003a59
00003a67
00003a76
00003a85
00003a93
00003aa2
00003ab1
00003abf
00003ace
00003add
00003aeb
00003afa
00003b09
00003b18
00003b26
00003b35
00003b44
00003b53
00003b62
00003b71
00003b7f
00003b8e
00003b9d
00003bac
00003bbb
00003bca
00003bd9
00003be8
00003bf7
00003c06
00003c15
00003c24
00003c33
00003c42
00003c51
00003c60
00003c6f
00003c7e
00003c8e
00003c9d
00003cac
00003cbb
00003cca
00003cd9
00003ce9
00003cf8
00003d07
00003d16
00003d26
00003d35
00003d44
00003d54
00003d63
00003d72
00003d82
00003d91
00003da0
00003db0
00003dbf
00003dcf
00003dde
00003dee
00003dfd
00003e0d
00003e1c
00003e2c
00003e3b
00003e4b
00003e5a
00003e6a
00003e7a
00003e89
00003e99
00003ea9
00003eb8
00003ec8
00003ed8
00003ee7
00003ef7
00003f07
00003f17
00003f26
00003f36
00003f46
00003f56
00003f66
00003f75
00003f85
00003f95
00003fa5
00003fb5
00003fc5
00003fd5
00003fe5
00003ff5
00004005
00004015
00004025
00004035
00004045
00004055
00004065
00004075
00004085
00004096
000040a6
000040b6
000040c6
000040d6
000040e7
000040f7
00004107
00004117
00004128
00004138
00004148
00004158
00004169
00004179
0000418a
0000419a
000041aa
000041bb
000041cb
000041dc
000041ec
000041fd
0000420d
0000421e
0000422e
0000423f
0000424f
00004260
00004271
00004281
00004292
000042a2
000042b3
000042c4
000042d4
000042e5
000042f6
00004307
00004317
00004328
00004339
0000434a
0000435b
0000436b
0000437c
0000438d
0000439e
000043af
000043c0
000043d1
000043e2
000043f3
00004404
00004415
00004426
00004437
00004448
00004459
0000446a
0000447b
0000448c
0000449e
000044af
000044c0
000044d1
000044e2
000044f4
00004505
00004516
00004527
00004539
0000454a
0000455b
0000456d
0000457e
0000458f
000045a1
000045b2
000045c4
000045d5
000045e7
000045f8
0000460a
0000461b
0000462d
0000463e
00004650
00004661
00004673
00004684
00004696
000046a8
000046b9
000046cb
000046dd
000046ef
00004700
00004712
00004724
00004736
00004747
00004759
0000476b
0000477d
0000478f
000047a1
000047b3
000047c5
000047d7
000047e9
000047fb
0000480d
0000481f
00004831
00004843
00004855
00004867
00004879
0000488b
0000489d
000048af
000048c2
000048d4
000048e6
000048f8
0000490a
0000491d
0000492f
00004941
00004954
00004966
00004978
0000498b
0000499d
000049b0
000049c2
000049d4
000049e7
000049f9
00004a0c
00004a1e
00004a31
00004a43
00004a56
00004a69
00004a7b
00004a8e
00004aa1
00004ab3
00004ac6
00004ad9
00004aeb
00004afe
00004b11
00004b24
00004b36
00004b49
00004b5c
00004b6f
00004b82
00004b95
00004ba7
00004bba
00004bcd
00004be0
00004bf3
00004c06
00004c19
00004c2c
00004c3f
00004c52
00004c66
00004c79
00004c8c
00004c9f
00004cb2
00004cc5
00004cd8
00004cec
00004cff
00004d12
00004d25
00004d39
00004d4c
00004d5f
00004d73
00004d86
00004d9a
00004dad
00004dc0
00004dd4
00004de7
00004dfb
00004e0e
00004e22
00004e35
00004e49
00004e5c
00004e70
00004e84
00004e97
00004eab
00004ebf
00004ed2
00004ee6
00004efa
00004f0e
00004f21
00004f35
00004f49
00004f5d
00004f71
00004f85
00004f98
00004fac
00004fc0
00004fd4
00004fe8
00004ffc
00005010
00005024
00005038
0000504c
00005060
00005074
00005089
0000509d
000050b1
000050c5
000050d9
000050ee
00005102
00005116
0000512a
0000513f
00005153
00005167
0000517c
00005190
000051a4
000051b9
000051cd
000051e2
000051f6
0000520b
0000521f
00005234
00005248
0000525d
00005272
00005286
0000529b
000052af
000052c4
000052d9
000052ee
00005302
00005317
0000532c
00005341
00005355
0000536a
0000537f
00005394
000053a9
000053be
000053d3
000053e8
000053fd
00005412
00005427
0000543c
00005451
00005466
0000547b
00005490
000054a5
000054bb
000054d0
000054e5
000054fa
0000550f
00005525
0000553a
0000554f
00005565
0000557a
0000558f
000055a5
000055ba
000055d0
000055e5
000055fb
00005610
00005626
0000563b
00005651
00005666
0000567c
00005692
000056a7
000056bd
000056d3
000056e8
000056fe
00005714
0000572a
0000573f
00005755
0000576b
00005781
00005797
000057ad
000057c3
000057d9
000057ef
00005805
0000581b
00005831
00005847
0000585d
00005873
00005889
0000589f
000058b5
000058cc
000058e2
000058f8
0000590e
00005924
0000593b
00005951
00005967
0000597e
00005994
000059ab
000059c1
000059d7
000059ee
00005a04
00005a1b
00005a31
00005a48
00005a5f
00005a75
00005a8c
00005aa3
00005ab9
00005ad0
00005ae7
00005afd
00005b14
00005b2b
00005b42
00005b58
00005b6f
00005b86
00005b9d
00005bb4
00005bcb
00005be2
00005bf9
00005c10
00005c27
00005c3e
00005c55
00005c6c
00005c83
00005c9a
00005cb2
00005cc9
00005ce0
00005cf7
00005d0e
00005d26
00005d3d
00005d54
00005d6c
00005d83
00005d9a
00005db2
00005dc9
00005de1
00005df8
00005e10
00005e27
00005e3f
00005e56
00005e6e
00005e86
00005e9d
00005eb5
00005ecd
00005ee4
00005efc
00005f14
00005f2c
00005f43
00005f5b
00005f73
00005f8b
00005fa3
00005fbb
00005fd3
00005feb
00006003
0000601b
00006033
0000604b
00006063
0000607b
00006093
000060ab
000060c3
000060dc
000060f4
0000610c
00006124
0000613d
00006155
0000616d
00006186
0000619e
000061b7
000061cf
000061e7
00006200
00006218
00006231
0000624a
00006262
0000627b
00006293
000062ac
000062c5
000062dd
000062f6
0000630f
00006328
00006340
00006359
00006372
0000638b
000063a4
000063bd
000063d6
000063ef
00006408
00006421
0000643a
00006453
0000646c
00006485
0000649e
000064b7
000064d1
000064ea
00006503
0000651c
00006536
0000654f
00006568
00006582
0000659b
000065b4
000065ce
000065e7
00006601
0000661a
00006634
0000664d
00006667
00006681
0000669a
000066b4
000066ce
000066e7
00006701
0000671b
00006735
0000674e
00006768
00006782
0000679c
000067b6
000067d0
000067ea
00006804
0000681e
00006838
00006852
0000686c
00006886
000068a0
000068ba
000068d5
000068ef
00006909
00006923
0000693e
00006958
00006972
0000698d
000069a7
000069c2
000069dc
000069f6
00006a11
00006a2c
00006a46
00006a61
00006a7b
00006a96
00006ab1
00006acb
00006ae6
00006b01
00006b1b
00006b36
00006b51
00006b6c
00006b87
00006ba2
00006bbd
00006bd8
00006bf3
00006c0e
00006c29
00006c44
00006c5f
00006c7a
00006c95
00006cb0
00006ccb
00006ce6
00006d02
00006d1d
00006d38
00006d54
00006d6f
00006d8a
00006da6
00006dc1
00006ddd
00006df8
00006e14
00006e2f
00006e4b
00006e66
00006e82
00006e9d
00006eb9
00006ed5
00006ef1
00006f0c
00006f28
00006f44
00006f60
00006f7c
00006f97
00006fb3
00006fcf
00006feb
00007007
00007023
0000703f
0000705b
00007078
00007094
000070b0
000070cc
000070e8
00007104
00007121
0000713d
00007159
00007176
00007192
000071ae
000071cb
000071e7
00007204
00007220
0000723d
00007259
00007276
00007293
000072af
000072cc
000072e9
00007306
00007322
0000733f
0000735c
00007379
00007396
000073b3
000073cf
000073ec
00007409
00007426
00007444
00007461
0000747e
0000749b
000074b8
000074d5
000074f2
00007510
0000752d
0000754a
00007568
00007585
000075a2
000075c0
000075dd
000075fb
00007618
00007636
00007653
00007671
0000768f
000076ac
000076ca
000076e8
00007705
00007723
00007741
0000775f
0000777d
0000779a
000077b8
000077d6
000077f4
00007812
00007830
0000784e
0000786d
0000788b
000078a9
000078c7
000078e5
00007903
00007922
00007940
0000795e
0000797d
0000799b
000079b9
000079d8
000079f6
00007a15
00007a33
00007a52
00007a71
00007a8f
00007aae
00007acd
00007aeb
00007b0a
00007b29
00007b48
00007b66
00007b85
00007ba4
00007bc3
00007be2
00007c01
00007c20
00007c3f
00007c5e
00007c7d
00007c9c
00007cbc
00007cdb
00007cfa
00007d19
00007d39
00007d58
00007d77
00007d97
00007db6
00007dd5
00007df5
00007e14
00007e34
00007e54
00007e73
00007e93
00007eb2
00007ed2
00007ef2
00007f12
00007f31
00007f51
00007f71
00007f91
00007fb1
00007fd1
00007ff1
00008011
00008031
00008051
00008071
00008091
000080b1
000080d1
000080f2
00008112
00008132
00008152
00008173
00008193
000081b4
000081d4
000081f5
00008215
00008236
00008256
00008277
00008297
000082b8
000082d9
000082f9
0000831a
0000833b
0000835c
0000837d
0000839e
000083bf
000083df
00008400
00008421
00008443
00008464
00008485
000084a6
000084c7
000084e8
00008509
0000852b
0000854c
0000856d
0000858f
000085b0
000085d2
000085f3
00008615
00008636
00008658
00008679
0000869b
000086bd
000086de
00008700
00008722
00008744
00008765
00008787
000087a9
000087cb
000087ed
0000880f
00008831
00008853
00008875
00008897
000088ba
000088dc
000088fe
00008920
00008943
00008965
00008987
000089aa
000089cc
000089ef
00008a11
00008a34
00008a56
00008a79
00008a9b
00008abe
00008ae1
00008b04
00008b26
00008b49
00008b6c
00008b8f
00008bb2
00008bd5
00008bf8
00008c1b
00008c3e
00008c61
00008c84
00008ca7
00008cca
00008ced
00008d11
00008d34
00008d57
00008d7b
00008d9e
00008dc1
00008de5
00008e08
00008e2c
00008e4f
00008e73
00008e97
00008eba
00008ede
00008f02
00008f26
00008f49
00008f6d
00008f91
00008fb5
00008fd9
00008ffd
00009021
00009045
00009069
0000908d
000090b1
000090d6
000090fa
0000911e
00009142
00009167
0000918b
000091af
000091d4
000091f8
0000921d
00009241
00009266
0000928b
000092af
000092d4
000092f9
0000931d
00009342
00009367
0000938c
000093b1
000093d6
000093fb
00009420
00009445
0000946a
0000948f
000094b4
000094d9
000094ff
00009524
00009549
0000956e
00009594
000095b9
000095df
00009604
0000962a
0000964f
00009675
0000969b
000096c0
000096e6
0000970c
00009731
00009757
0000977d
000097a3
000097c9
000097ef
00009815
0000983b
00009861
00009887
000098ad
000098d3
000098fa
00009920
00009946
0000996d
00009993
000099b9
000099e0
00009a06
00009a2d
00009a53
00009a7a
00009aa1
00009ac7
00009aee
00009b15
00009b3c
00009b62
00009b89
00009bb0
00009bd7
00009bfe
00009c25
00009c4c
00009c73
00009c9a
00009cc2
00009ce9
00009d10
00009d37
00009d5f
00009d86
00009dad
00009dd5
00009dfc
00009e24
00009e4b
00009e73
00009e9b
00009ec2
00009eea
00009f12
00009f39
00009f61
00009f89
00009fb1
00009fd9
0000a001
0000a029
0000a051
0000a079
0000a0a1
0000a0c9
0000a0f2
0000a11a
0000a142
0000a16b
0000a193
0000a1bb
0000a1e4
0000a20c
0000a235
0000a25d
0000a286
0000a2af
0000a2d7
0000a300
0000a329
0000a352
0000a37b
0000a3a3
0000a3cc
0000a3f5
0000a41e
0000a447
0000a470
0000a49a
0000a4c3
0000a4ec
0000a515
0000a53f
0000a568
0000a591
0000a5bb
0000a5e4
0000a60e
0000a637
0000a661
0000a68a
0000a6b4
0000a6de
0000a707
0000a731
0000a75b
0000a785
0000a7af
0000a7d9
0000a803
0000a82d
0000a857
0000a881
0000a8ab
0000a8d5
0000a8ff
0000a92a
0000a954
0000a97e
0000a9a9
0000a9d3
0000a9fe
0000aa28
0000aa53
0000aa7d
0000aaa8
0000aad3
0000aafd
0000ab28
0000ab53
0000ab7e
0000aba9
0000abd4
0000abff
0000ac2a
0000ac55
0000ac80
0000acab
0000acd6
0000ad01
0000ad2d
0000ad58
0000ad83
0000adaf
0000adda
0000ae06
0000ae31
0000ae5d
0000ae88
0000aeb4
0000aee0
0000af0b
0000af37
0000af63
0000af8f
0000afbb
0000afe7
0000b013
0000b03f
0000b06b
0000b097
0000b0c3
0000b0ef
0000b11c
0000b148
0000b174
0000b1a1
0000b1cd
0000b1fa
0000b226
0000b253
0000b27f
0000b2ac
0000b2d9
0000b305
0000b332
0000b35f
0000b38c
0000b3b9
0000b3e6
0000b413
0000b440
0000b46d
0000b49a
0000b4c7
0000b4f4
0000b522
0000b54f
0000b57c
0000b5aa
0000b5d7
0000b605
0000b632
0000b660
0000b68d
0000b6bb
0000b6e9
0000b716
0000b744
0000b772
0000b7a0
0000b7ce
0000b7fc
0000b82a
0000b858
0000b886
0000b8b4
0000b8e2
0000b911
0000b93f
0000b96d
0000b99c
0000b9ca
0000b9f8
0000ba27
0000ba56
0000ba84
0000bab3
0000bae1
0000bb10
0000bb3f
0000bb6e
0000bb9d
0000bbcc
0000bbfb
0000bc2a
0000bc59
0000bc88
0000bcb7
0000bce6
0000bd15
0000bd45
0000bd74
0000bda3
0000bdd3
0000be02
0000be32
0000be61
0000be91
0000bec1
0000bef0
0000bf20
0000bf50
0000bf80
0000bfb0
0000bfe0
0000c010
0000c040
0000c070
0000c0a0
0000c0d0
0000c100
0000c131
0000c161
0000c191
0000c1c2
0000c1f2
0000c223
0000c253
0000c284
0000c2b5
0000c2e5
0000c316
0000c347
0000c378
0000c3a9
0000c3d9
0000c40a
0000c43b
0000c46d
0000c49e
0000c4cf
0000c500
0000c531
0000c563
0000c594
0000c5c5
0000c5f7
0000c628
0000c65a
0000c68c
0000c6bd
0000c6ef
0000c721
0000c753
0000c784
0000c7b6
0000c7e8
0000c81a
0000c84c
0000c87e
0000c8b1
0000c8e3
0000c915
0000c947
0000c97a
0000c9ac
0000c9de
0000ca11
0000ca44
0000ca76
0000caa9
0000cadb
0000cb0e
0000cb41
0000cb74
0000cba7
0000cbda
0000cc0d
0000cc40
0000cc73
0000cca6
0000ccd9
0000cd0c
0000cd40
0000cd73
0000cda6
0000cdda
0000ce0d
0000ce41
0000ce74
0000cea8
0000cedc
0000cf0f
0000cf43
0000cf77
0000cfab
0000cfdf
0000d013
0000d047
0000d07b
0000d0af
0000d0e3
0000d118
0000d14c
0000d180
0000d1b5
0000d1e9
0000d21e
0000d252
0000d287
0000d2bb
0000d2f0
0000d325
0000d35a
0000d38f
0000d3c4
0000d3f8
0000d42d
0000d463
0000d498
0000d4cd
0000d502
0000d537
0000d56d
0000d5a2
0000d5d8
0000d60d
0000d643
0000d678
0000d6ae
0000d6e3
0000d719
0000d74f
0000d785
0000d7bb
0000d7f1
0000d827
0000d85d
0000d893
0000d8c9
0000d8ff
0000d936
0000d96c
0000d9a2
0000d9d9
0000da0f
0000da46
0000da7c
0000dab3
0000daea
0000db20
0000db57
0000db8e
0000dbc5
0000dbfc
0000dc33
0000dc6a
0000dca1
0000dcd8
0000dd10
0000dd47
0000dd7e
0000ddb6
0000dded
0000de25
0000de5c
0000de94
0000decc
0000df03
0000df3b
0000df73
0000dfab
0000dfe3
0000e01b
0000e053
0000e08b
0000e0c3
0000e0fb
0000e134
0000e16c
0000e1a4
0000e1dd
0000e215
0000e24e
0000e286
0000e2bf
0000e2f8
0000e330
0000e369
0000e3a2
0000e3db
0000e414
0000e44d
0000e486
0000e4bf
0000e4f9
0000e532
0000e56b
0000e5a5
0000e5de
0000e618
0000e651
0000e68b
0000e6c4
0000e6fe
0000e738
0000e772
0000e7ac
0000e7e6
0000e820
0000e85a
0000e894
0000e8ce
0000e908
0000e942
0000e97d
0000e9b7
0000e9f2
0000ea2c
0000ea67
0000eaa1
0000eadc
0000eb17
0000eb52
0000eb8c
0000ebc7
0000ec02
0000ec3d
0000ec78
0000ecb4
0000ecef
0000ed2a
0000ed65
0000eda1
0000eddc
0000ee18
0000ee53
0000ee8f
0000eeca
0000ef06
0000ef42
0000ef7e
0000efba
0000eff6
0000f032
0000f06e
0000f0aa
0000f0e6
0000f122
0000f15f
0000f19b
0000f1d7
0000f214
0000f251
0000f28d
0000f2ca
0000f307
0000f343
0000f380
0000f3bd
0000f3fa
0000f437
0000f474
0000f4b1
0000f4ee
0000f52c
0000f569
0000f5a6
0000f5e4
0000f621
0000f65f
0000f69d
0000f6da
0000f718
0000f756
0000f794
0000f7d2
0000f810
0000f84e
0000f88c
0000f8ca
0000f908
0000f946
0000f985
0000f9c3
0000fa02
0000fa40
0000fa7f
0000fabd
0000fafc
0000fb3b
0000fb7a
0000fbb9
0000fbf8
0000fc37
0000fc76
0000fcb5
0000fcf4
0000fd33
0000fd73
0000fdb2
0000fdf2
0000fe31
0000fe71
0000feb0
0000fef0
0000ff30
0000ff70
0000ffaf
0000ffef
0001002f
0001006f
000100b0
000100f0
00010130
00010170
000101b1
000101f1
00010232
00010272
000102b3
000102f4
00010334
00010375
000103b6
000103f7
00010438
00010479
000104ba
000104fc
0001053d
0001057e
000105c0
00010601
00010643
00010684
000106c6
00010708
00010749
0001078b
000107cd
0001080f
00010851
00010893
000108d6
00010918
0001095a
0001099c
000109df
00010a21
00010a64
00010aa7
00010ae9
00010b2c
00010b6f
00010bb2
00010bf5
00010c38
00010c7b
00010cbe
00010d01
00010d44
00010d88
00010dcb
00010e0f
00010e52
00010e96
00010eda
00010f1d
00010f61
00010fa5
00010fe9
0001102d
00011071
000110b5
000110f9
0001113e
00011182
000111c6
0001120b
0001124f
00011294
000112d9
0001131d
00011362
000113a7
000113ec
00011431
00011476
000114bb
00011501
00011546
0001158b
000115d1
00011616
0001165c
000116a1
000116e7
0001172d
00011773
000117b8
000117fe
00011844
0001188b
000118d1
00011917
0001195d
000119a4
000119ea
00011a31
00011a77
00011abe
00011b05
00011b4b
00011b92
00011bd9
00011c20
00011c67
00011cae
00011cf6
00011d3d
00011d84
00011dcc
00011e13
00011e5b
00011ea2
00011eea
00011f32
00011f7a
00011fc1
00012009
00012051
0001209a
000120e2
0001212a
00012172
000121bb
00012203
0001224c
00012294
000122dd
00012326
0001236f
000123b8
00012400
0001244a
00012493
000124dc
00012525
0001256e
000125b8
00012601
0001264b
00012694
000126de
00012728
00012772
000127bc
00012805
00012850
0001289a
000128e4
0001292e
00012978
000129c3
00012a0d
00012a58
00012aa2
00012aed
00012b38
00012b83
00012bce
00012c19
00012c64
00012caf
00012cfa
00012d45
00012d91
00012ddc
00012e28
00012e73
00012ebf
00012f0b
00012f56
00012fa2
00012fee
0001303a
00013086
000130d3
0001311f
0001316b
000131b7
00013204
00013250
0001329d
000132ea
00013337
00013383
000133d0
0001341d
0001346a
000134b7
00013505
00013552
0001359f
000135ed
0001363a
00013688
000136d6
00013723
00013771
000137bf
0001380d
0001385b
000138a9
000138f7
00013946
00013994
000139e2
00013a31
00013a80
00013ace
00013b1d
00013b6c
00013bbb
00013c0a
00013c59
00013ca8
00013cf7
00013d46
00013d96
00013de5
00013e35
00013e84
00013ed4
00013f24
00013f73
00013fc3
00014013
00014063
000140b4
00014104
00014154
000141a4
000141f5
00014245
00014296
000142e7
00014337
00014388
000143d9
0001442a
0001447b
000144cc
0001451e
0001456f
000145c0
00014612
00014663
000146b5
00014707
00014759
000147aa
000147fc
0001484e
000148a1
000148f3
00014945
00014997
000149ea
00014a3c
00014a8f
00014ae2
00014b34
00014b87
00014bda
00014c2d
00014c80
00014cd3
00014d27
00014d7a
00014dcd
00014e21
00014e74
00014ec8
00014f1c
00014f70
00014fc4
00015018
0001506c
000150c0
00015114
00015168
000151bd
00015211
00015266
000152ba
0001530f
00015364
000153b9
0001540e
00015463
000154b8
0001550d
00015562
000155b8
0001560d
00015663
000156b9
0001570e
00015764
000157ba
00015810
00015866
000158bc
00015912
00015969
000159bf
00015a16
00015a6c
00015ac3
00015b19
00015b70
00015bc7
00015c1e
00015c75
00015ccc
00015d24
00015d7b
00015dd2
00015e2a
00015e81
00015ed9
00015f31
00015f89
00015fe1
00016039
00016091
000160e9
00016141
0001619a
000161f2
0001624b
000162a3
000162fc
00016355
000163ae
00016407
00016460
000164b9
00016512
0001656b
000165c5
0001661e
00016678
000166d1
0001672b
00016785
000167df
00016839
00016893
000168ed
00016947
000169a2
000169fc
00016a57
00016ab1
00016b0c
00016b67
00016bc2
00016c1d
00016c78
00016cd3
00016d2e
00016d8a
00016de5
00016e41
00016e9c
00016ef8
00016f54
00016fb0
0001700c
00017068
000170c4
00017120
0001717c
000171d9
00017235
00017292
000172ef
0001734b
000173a8
00017405
00017462
000174bf
0001751d
0001757a
000175d7
00017635
00017692
000176f0
0001774e
000177ac
0001780a
00017868
000178c6
00017924
00017982
000179e1
00017a3f
00017a9e
00017afd
00017b5c
00017bba
00017c19
00017c78
00017cd8
00017d37
00017d96
00017df6
00017e55
00017eb5
00017f15
00017f74
00017fd4
00018034
00018094
000180f5
00018155
000181b5
00018216
00018276
000182d7
00018338
00018399
000183f9
0001845b
000184bc
0001851d
0001857e
000185e0
00018641
000186a3
00018704
00018766
000187c8
0001882a
0001888c
000188ee
00018951
000189b3
00018a16
00018a78
00018adb
00018b3e
00018ba0
00018c03
00018c66
00018cca
00018d2d
00018d90
00018df4
00018e57
00018ebb
00018f1f
00018f82
00018fe6
0001904a
000190ae
00019113
00019177
000191db
00019240
000192a4
00019309
0001936e
000193d3
00019438
0001949d
00019502
00019568
000195cd
00019632
00019698
000196fe
00019764
000197c9
0001982f
00019896
000198fc
00019962
000199c8
00019a2f
00019a95
00019afc
00019b63
00019bca
00019c31
00019c98
00019cff
00019d66
00019dce
00019e35
00019e9d
00019f05
00019f6c
00019fd4
0001a03c
0001a0a5
0001a10d
0001a175
0001a1dd
0001a246
0001a2af
0001a317
0001a380
0001a3e9
0001a452
0001a4bb
0001a524
0001a58e
0001a5f7
0001a661
0001a6ca
0001a734
0001a79e
0001a808
0001a872
0001a8dc
0001a946
0001a9b1
0001aa1b
0001aa86
0001aaf1
0001ab5b
0001abc6
0001ac31
0001ac9c
0001ad08
0001ad73
0001adde
0001ae4a
0001aeb5
0001af21
0001af8d
0001aff9
0001b065
0001b0d1
0001b13d
0001b1aa
0001b216
0001b283
0001b2ef
0001b35c
0001b3c9
0001b436
0001b4a3
0001b510
0001b57e
0001b5eb
0001b659
0001b6c6
0001b734
0001b7a2
0001b810
0001b87e
0001b8ec
0001b95a
0001b9c9
0001ba37
0001baa6
0001bb15
0001bb84
0001bbf2
0001bc62
0001bcd1
0001bd40
0001bdaf
0001be1f
0001be8e
0001befe
0001bf6e
0001bfde
0001c04e
0001c0be
0001c12e
0001c19e
0001c20f
0001c280
0001c2f0
0001c361
0001c3d2
0001c443
0001c4b4
0001c525
0001c597
0001c608
0001c67a
0001c6eb
0001c75d
0001c7cf
0001c841
0001c8b3
0001c925
0001c998
0001ca0a
0001ca7d
0001caef
0001cb62
0001cbd5
0001cc48
0001ccbb
0001cd2e
0001cda2
0001ce15
0001ce89
0001cefd
0001cf70
0001cfe4
0001d058
0001d0cc
0001d141
0001d1b5
0001d22a
0001d29e
0001d313
0001d388
0001d3fd
0001d472
0001d4e7
0001d55c
0001d5d1
0001d647
0001d6bd
0001d732
0001d7a8
0001d81e
0001d894
0001d90a
0001d981
0001d9f7
0001da6e
0001dae4
0001db5b
0001dbd2
0001dc49
0001dcc0
0001dd38
0001ddaf
0001de26
0001de9e
0001df16
0001df8e
0001e005
0001e07e
0001e0f6
0001e16e
0001e1e6
0001e25f
0001e2d8
0001e350
0001e3c9
0001e442
0001e4bb
0001e535
0001e5ae
0001e627
0001e6a1
0001e71b
0001e795
0001e80f
0001e889
0001e903
0001e97d
0001e9f8
0001ea72
0001eaed
0001eb68
0001ebe3
0001ec5e
0001ecd9
0001ed54
0001edcf
0001ee4b
0001eec6
0001ef42
0001efbe
0001f03a
0001f0b6
0001f132
0001f1af
0001f22b
0001f2a8
0001f325
0001f3a1
0001f41e
0001f49c
0001f519
0001f596
0001f614
0001f691
0001f70f
0001f78d
0001f80b
0001f889
0001f907
0001f985
0001fa04
0001fa82
0001fb01
0001fb80
0001fbff
0001fc7e
0001fcfd
0001fd7c
0001fdfc
0001fe7b
0001fefb
0001ff7b
0001fffb
0002007b
000200fb
0002017b
000201fc
0002027c
000202fd
0002037e
000203ff
00020480
00020501
00020582
00020604
00020685
00020707
00020789
0002080b
0002088d
0002090f
00020991
00020a14
00020a96
00020b19
00020b9c
00020c1f
00020ca2
00020d25
00020da8
00020e2c
00020eb0
00020f33
00020fb7
0002103b
000210bf
00021143
000211c8
0002124c
000212d1
00021356
000213db
00021460
000214e5
0002156a
000215f0
00021675
000216fb
00021781
00021807
0002188d
00021913
00021999
00021a20
00021aa6
00021b2d
00021bb4
00021c3b
00021cc2
00021d49
00021dd1
00021e58
00021ee0
00021f68
00021fef
00022078
00022100
00022188
00022210
00022299
00022322
000223ab
00022434
000224bd
00022546
000225cf
00022659
000226e3
0002276c
000227f6
00022880
0002290a
00022995
00022a1f
00022aaa
00022b35
00022bbf
00022c4a
00022cd6
00022d61
00022dec
00022e78
00022f04
00022f8f
0002301b
000230a7
00023134
000231c0
0002324d
000232d9
00023366
000233f3
00023480
0002350d
0002359a
00023628
000236b6
00023743
000237d1
0002385f
000238ed
0002397c
00023a0a
00023a99
00023b27
00023bb6
00023c45
00023cd4
00023d64
00023df3
00023e83
00023f12
00023fa2
00024032
000240c2
00024153
000241e3
00024273
00024304
00024395
00024426
000244b7
00024548
000245da
0002466b
000246fd
0002478f
00024821
000248b3
00024945
000249d7
00024a6a
00024afd
00024b8f
00024c22
00024cb6
00024d49
00024ddc
00024e70
00024f03
00024f97
0002502b
000250bf
00025154
000251e8
0002527c
00025311
000253a6
0002543b
000254d0
00025565
000255fb
00025690
00025726
000257bc
00025852
000258e8
0002597e
00025a15
00025aab
00025b42
00025bd9
00025c70
00025d07
00025d9f
00025e36
00025ece
00025f66
00025ffd
00026096
0002612e
000261c6
0002625f
000262f7
00026390
00026429
000264c2
0002655b
000265f5
0002668e
00026728
000267c2
0002685c
000268f6
00026991
00026a2b
00026ac6
00026b60
00026bfb
00026c96
00026d32
00026dcd
00026e68
00026f04
00026fa0
0002703c
000270d8
00027174
00027211
000272ad
0002734a
000273e7
00027484
00027521
000275bf
0002765c
000276fa
00027798
00027836
000278d4
00027972
00027a11
00027aaf
00027b4e
00027bed
00027c8c
00027d2b
00027dca
00027e6a
00027f0a
00027fa9
00028049
000280ea
0002818a
0002822a
000282cb
0002836c
0002840d
000284ae
0002854f
000285f0
00028692
00028734
000287d6
00028878
0002891a
000289bc
00028a5f
00028b01
00028ba4
00028c47
00028cea
00028d8e
00028e31
00028ed5
00028f79
0002901c
000290c1
00029165
00029209
000292ae
00029353
000293f8
0002949d
00029542
000295e7
0002968d
00029733
000297d8
0002987e
00029925
000299cb
00029a72
00029b18
00029bbf
00029c66
00029d0d
00029db5
00029e5c
00029f04
00029fac
0002a054
0002a0fc
0002a1a4
0002a24d
0002a2f5
0002a39e
0002a447
0002a4f0
0002a59a
0002a643
0002a6ed
0002a797
0002a841
0002a8eb
0002a995
0002aa3f
0002aaea
0002ab95
0002ac40
0002aceb
0002ad96
0002ae42
0002aeed
0002af99
0002b045
0002b0f1
0002b19e
0002b24a
0002b2f7
0002b3a4
0002b451
0002b4fe
0002b5ab
0002b659
0002b706
0002b7b4
0002b862
0002b910
0002b9bf
0002ba6d
0002bb1c
0002bbcb
0002bc7a
0002bd29
0002bdd8
0002be88
0002bf38
0002bfe8
0002c098
0002c148
0002c1f8
0002c2a9
0002c35a
0002c40b
0002c4bc
0002c56d
0002c61e
0002c6d0
0002c782
0002c834
0002c8e6
0002c998
0002ca4b
0002cafd
0002cbb0
0002cc63
0002cd16
0002cdca
0002ce7d
0002cf31
0002cfe5
0002d099
0002d14d
0002d202
0002d2b6
0002d36b
0002d420
0002d4d5
0002d58a
0002d640
0002d6f5
0002d7ab
0002d861
0002d917
0002d9ce
0002da84
0002db3b
0002dbf2
0002dca9
0002dd60
0002de18
0002decf
0002df87
0002e03f
0002e0f7
0002e1b0
0002e268
0002e321
0002e3da
0002e493
0002e54c
0002e605
0002e6bf
0002e779
0002e833
0002e8ed
0002e9a7
0002ea62
0002eb1c
0002ebd7
0002ec92
0002ed4d
0002ee09
0002eec4
0002ef80
0002f03c
0002f0f8
0002f1b5
0002f271
0002f32e
0002f3eb
0002f4a8
0002f565
0002f623
0002f6e0
0002f79e
0002f85c
0002f91a
0002f9d9
0002fa97
0002fb56
0002fc15
0002fcd4
0002fd93
0002fe53
0002ff12
0002ffd2
00030092
00030153
00030213
000302d4
00030394
00030455
00030517
000305d8
00030699
0003075b
0003081d
000308df
000309a2
00030a64
00030b27
00030bea
00030cad
00030d70
00030e33
00030ef7
00030fbb
0003107f
00031143
00031208
000312cc
00031391
00031456
0003151b
000315e1
000316a6
0003176c
00031832
000318f8
000319be
00031a85
00031b4c
00031c12
00031cda
00031da1
00031e68
00031f30
00031ff8
000320c0
00032188
00032251
0003231a
000323e2
000324ab
00032575
0003263e
00032708
000327d2
0003289c
00032966
00032a30
00032afb
00032bc6
00032c91
00032d5c
00032e28
00032ef3
00032fbf
0003308b
00033157
00033224
000332f0
000333bd
0003348a
00033558
00033625
000336f3
000337c1
0003388f
0003395d
00033a2b
00033afa
00033bc9
00033c98
00033d67
00033e36
00033f06
00033fd6
000340a6
00034176
00034247
00034317
000343e8
000344b9
0003458b
0003465c
0003472e
00034800
000348d2
000349a4
00034a77
00034b49
00034c1c
00034cef
00034dc3
00034e96
00034f6a
0003503e
00035112
000351e7
000352bb
00035390
00035465
0003553a
00035610
000356e5
000357bb
00035891
00035967
00035a3e
00035b14
00035beb
00035cc2
00035d9a
00035e71
00035f49
00036021
000360f9
000361d1
000362aa
00036383
0003645c
00036535
0003660e
000366e8
000367c2
0003689c
00036976
00036a50
00036b2b
00036c06
00036ce1
00036dbc
00036e98
00036f74
00037050
0003712c
00037208
000372e5
000373c2
0003749f
0003757c
0003765a
00037737
00037815
000378f3
000379d2
00037ab0
00037b8f
00037c6e
00037d4d
00037e2d
00037f0c
00037fec
000380cc
000381ad
0003828d
0003836e
0003844f
00038530
00038611
000386f3
000387d5
000388b7
00038999
00038a7c
00038b5e
00038c41
00038d25
00038e08
00038eec
00038fcf
000390b4
00039198
0003927c
00039361
00039446
0003952b
00039611
000396f6
000397dc
000398c2
000399a8
00039a8f
00039b76
00039c5d
00039d44
00039e2b
00039f13
00039ffb
0003a0e3
0003a1cb
0003a2b4
0003a39d
0003a486
0003a56f
0003a658
0003a742
0003a82c
0003a916
0003aa01
0003aaeb
0003abd6
0003acc1
0003adac
0003ae98
0003af84
0003b070
0003b15c
0003b248
0003b335
0003b422
0003b50f
0003b5fd
0003b6ea
0003b7d8
0003b8c6
0003b9b4
0003baa3
0003bb92
0003bc81
0003bd70
0003be5f
0003bf4f
0003c03f
0003c12f
0003c220
0003c310
0003c401
0003c4f2
0003c5e4
0003c6d5
0003c7c7
0003c8b9
0003c9ab
0003ca9e
0003cb91
0003cc84
0003cd77
0003ce6a
0003cf5e
0003d052
0003d146
0003d23b
0003d32f
0003d424
0003d51a
0003d60f
0003d705
0003d7fa
0003d8f1
0003d9e7
0003dade
0003dbd4
0003dccb
0003ddc3
0003deba
0003dfb2
0003e0aa
0003e1a2
0003e29b
0003e394
0003e48d
0003e586
0003e680
0003e779
0003e873
0003e96e
0003ea68
0003eb63
0003ec5e
0003ed59
0003ee54
0003ef50
0003f04c
0003f148
0003f245
0003f341
0003f43e
0003f53b
0003f639
0003f737
0003f835
0003f933
0003fa31
0003fb30
0003fc2f
0003fd2e
0003fe2d
0003ff2d
0004002d
0004012d
0004022d
0004032e
0004042f
00040530
00040632
00040733
00040835
00040937
00040a3a
00040b3d
00040c3f
00040d43
00040e46
00040f4a
0004104e
00041152
00041256
0004135b
00041460
00041565
0004166b
00041771
00041877
0004197d
00041a83
00041b8a
00041c91
00041d98
00041ea0
00041fa8
000420b0
000421b8
000422c0
000423c9
000424d2
000425dc
000426e5
000427ef
000428f9
00042a04
00042b0e
00042c19
00042d24
00042e30
00042f3b
00043047
00043154
00043260
0004336d
0004347a
00043587
00043695
000437a2
000438b0
000439bf
00043acd
00043bdc
00043ceb
00043dfa
00043f0a
0004401a
0004412a
0004423b
0004434b
0004445c
0004456d
0004467f
00044791
000448a3
000449b5
00044ac8
00044bda
00044cee
00044e01
00044f15
00045028
0004513d
00045251
00045366
0004547b
00045590
000456a6
000457bb
000458d1
000459e8
00045afe
00045c15
00045d2c
00045e44
00045f5c
00046074
0004618c
000462a4
000463bd
000464d6
000465ef
00046709
00046823
0004693d
00046a58
00046b72
00046c8d
00046da9
00046ec4
00046fe0
000470fc
00047219
00047335
00047452
0004756f
0004768d
000477ab
000478c9
000479e7
00047b06
00047c25
00047d44
00047e63
00047f83
000480a3
000481c3
000482e4
00048405
00048526
00048647
00048769
0004888b
000489ad
00048ad0
00048bf3
00048d16
00048e39
00048f5d
00049081
000491a5
000492ca
000493ee
00049514
00049639
0004975f
00049885
000499ab
00049ad2
00049bf8
00049d20
00049e47
00049f6f
0004a097
0004a1bf
0004a2e8
0004a410
0004a53a
0004a663
0004a78d
0004a8b7
0004a9e1
0004ab0c
0004ac37
0004ad62
0004ae8d
0004afb9
0004b0e5
0004b212
0004b33e
0004b46b
0004b598
0004b6c6
0004b7f4
0004b922
0004ba50
0004bb7f
0004bcae
0004bddd
0004bf0d
0004c03d
0004c16d
0004c29e
0004c3cf
0004c500
0004c631
0004c763
0004c895
0004c9c7
0004cafa
0004cc2c
0004cd60
0004ce93
0004cfc7
0004d0fb
0004d22f
0004d364
0004d499
0004d5ce
0004d704
0004d83a
0004d970
0004daa7
0004dbdd
0004dd15
0004de4c
0004df84
0004e0bc
0004e1f4
0004e32d
0004e466
0004e59f
0004e6d9
0004e812
0004e94d
0004ea87
0004ebc2
0004ecfd
0004ee38
0004ef74
0004f0b0
0004f1ec
0004f329
0004f466
0004f5a3
0004f6e1
0004f81f
0004f95d
0004fa9b
0004fbda
0004fd19
0004fe59
0004ff98
000500d8
00050219
0005035a
0005049b
000505dc
0005071d
0005085f
000509a2
00050ae4
00050c27
00050d6a
00050eae
00050ff2
00051136
0005127a
000513bf
00051504
0005164a
0005178f
000518d5
00051a1c
00051b62
00051ca9
00051df1
00051f38
00052080
000521c9
00052311
0005245a
000525a3
000526ed
00052837
00052981
00052acc
00052c16
00052d62
00052ead
00052ff9
00053145
00053292
000533de
0005352c
00053679
000537c7
00053915
00053a63
00053bb2
00053d01
00053e51
00053fa0
000540f0
00054241
00054391
000544e3
00054634
00054786
000548d8
00054a2a
00054b7d
00054cd0
00054e23
00054f77
000550cb
0005521f
00055374
000554c9
0005561e
00055774
000558ca
00055a20
00055b77
00055cce
00055e26
00055f7d
000560d5
0005622e
00056386
000564df
00056639
00056793
000568ed
00056a47
00056ba2
00056cfd
00056e58
00056fb4
00057110
0005726d
000573c9
00057526
00057684
000577e2
00057940
00057a9e
00057bfd
00057d5c
00057ebc
0005801c
0005817c
000582dc
0005843d
0005859f
00058700
00058862
000589c4
00058b27
00058c8a
00058ded
00058f51
000590b5
00059219
0005937e
000594e3
00059648
000597ae
00059914
00059a7b
00059be1
00059d49
00059eb0
0005a018
0005a180
0005a2e9
0005a452
0005a5bb
0005a724
0005a88e
0005a9f9
0005ab63
0005acce
0005ae3a
0005afa6
0005b112
0005b27e
0005b3eb
0005b558
0005b6c6
0005b833
0005b9a2
0005bb10
0005bc7f
0005bdee
0005bf5e
0005c0ce
0005c23f
0005c3af
0005c520
0005c692
0005c804
0005c976
0005cae8
0005cc5b
0005cdcf
0005cf42
0005d0b6
0005d22b
0005d39f
0005d514
0005d68a
0005d800
0005d976
0005daec
0005dc63
0005dddb
0005df52
0005e0ca
0005e243
0005e3bb
0005e534
0005e6ae
0005e828
0005e9a2
0005eb1d
0005ec98
0005ee13
0005ef8f
0005f10b
0005f287
0005f404
0005f581
0005f6ff
0005f87d
0005f9fb
0005fb7a
0005fcf9
0005fe78
0005fff8
00060178
000602f9
0006047a
000605fb
0006077d
000608ff
00060a81
00060c04
00060d87
00060f0b
0006108f
00061213
00061398
0006151d
000616a2
00061828
000619ae
00061b35
00061cbc
00061e43
00061fcb
00062153
000622dc
00062465
000625ee
00062778
00062902
00062a8c
00062c17
00062da2
00062f2e
000630ba
00063246
000633d3
00063560
000636ee
0006387b
00063a0a
00063b98
00063d28
00063eb7
00064047
000641d7
00064368
000644f9
0006468a
0006481c
000649ae
00064b41
00064cd4
00064e67
00064ffb
0006518f
00065324
000654b9
0006564e
000657e4
0006597a
00065b11
00065ca8
00065e3f
00065fd7
0006616f
00066308
000664a1
0006663a
000667d4
0006696e
00066b08
00066ca3
00066e3f
00066fdb
00067177
00067313
000674b0
0006764e
000677eb
0006798a
00067b28
00067cc7
00067e67
00068006
000681a7
00068347
000684e8
0006868a
0006882b
000689ce
00068b70
00068d13
00068eb7
0006905b
000691ff
000693a4
00069549
000696ee
00069894
00069a3b
00069be1
00069d89
00069f30
0006a0d8
0006a281
0006a42a
0006a5d3
0006a77c
0006a926
0006aad1
0006ac7c
0006ae27
0006afd3
0006b17f
0006b32c
0006b4d9
0006b686
0006b834
0006b9e2
0006bb91
0006bd40
0006bef0
0006c0a0
0006c250
0006c401
0006c5b2
0006c764
0006c916
0006cac8
0006cc7b
0006ce2e
0006cfe2
0006d196
0006d34b
0006d500
0006d6b5
0006d86b
0006da22
0006dbd8
0006dd8f
0006df47
0006e0ff
0006e2b8
0006e470
0006e62a
0006e7e4
0006e99e
0006eb58
0006ed13
0006eecf
0006f08b
0006f247
0006f404
0006f5c1
0006f77f
0006f93d
0006fafb
0006fcba
0006fe7a
0007003a
000701fa
000703bb
0007057c
0007073d
000708ff
00070ac2
00070c85
00070e48
0007100c
000711d0
00071395
0007155a
00071720
000718e6
00071aac
00071c73
00071e3a
00072002
000721ca
00072393
0007255c
00072726
000728f0
00072aba
00072c85
00072e50
0007301c
000731e8
000733b5
00073582
00073750
0007391e
00073aec
00073cbb
00073e8b
0007405b
0007422b
000743fc
000745cd
0007479f
00074971
00074b43
00074d16
00074eea
000750be
00075292
00075467
0007563c
00075812
000759e8
00075bbf
00075d96
00075f6e
00076146
0007631f
000764f8
000766d1
000768ab
00076a85
00076c60
00076e3c
00077017
000771f4
000773d0
000775ae
0007778b
00077969
00077b48
00077d27
00077f06
000780e6
000782c7
000784a8
00078689
0007886b
00078a4d
00078c30
00078e14
00078ff7
000791dc
000793c0
000795a5
0007978b
00079971
00079b58
00079d3f
00079f26
0007a10e
0007a2f7
0007a4e0
0007a6c9
0007a8b3
0007aa9e
0007ac89
0007ae74
0007b060
0007b24c
0007b439
0007b626
0007b814
0007ba02
0007bbf1
0007bde0
0007bfd0
0007c1c0
0007c3b1
0007c5a2
0007c794
0007c986
0007cb78
0007cd6c
0007cf5f
0007d153
0007d348
0007d53d
0007d732
0007d928
0007db1f
0007dd16
0007df0e
0007e106
0007e2fe
0007e4f7
0007e6f1
0007e8eb
0007eae5
0007ece0
0007eedb
0007f0d7
0007f2d4
0007f4d1
0007f6ce
0007f8cc
0007facb
0007fcca
0007fec9
000800c9
000802c9
000804ca
000806cc
000808ce
00080ad0
00080cd3
00080ed7
000810db
000812df
000814e4
000816ea
000818f0
00081af6
00081cfd
00081f05
0008210d
00082315
0008251e
00082728
00082932
00082b3c
00082d47
00082f53
0008315f
0008336c
00083579
00083786
00083994
00083ba3
00083db2
00083fc2
000841d2
000843e3
000845f4
00084806
00084a18
00084c2b
00084e3e
00085052
00085266
0008547b
00085691
000858a6
00085abd
00085cd4
00085eeb
00086103
0008631c
00086535
0008674e
00086968
00086b83
00086d9e
00086fba
000871d6
000873f3
00087610
0008782e
00087a4c
00087c6b
00087e8a
000880aa
000882cb
000884ec
0008870d
0008892f
00088b52
00088d75
00088f98
000891bd
000893e1
00089607
0008982c
00089a53
00089c7a
00089ea1
0008a0c9
0008a2f1
0008a51a
0008a744
0008a96e
0008ab99
0008adc4
0008afef
0008b21c
0008b449
0008b676
0008b8a4
0008bad2
0008bd01
0008bf31
0008c161
0008c391
0008c5c3
0008c7f4
0008ca27
0008cc59
0008ce8d
0008d0c1
0008d2f5
0008d52a
0008d760
0008d996
0008dbcc
0008de04
0008e03b
0008e274
0008e4ad
0008e6e6
0008e920
0008eb5b
0008ed96
0008efd1
0008f20e
0008f44a
0008f688
0008f8c6
0008fb04
0008fd43
0008ff83
000901c3
00090404
00090645
00090887
00090ac9
00090d0c
00090f50
00091194
000913d9
0009161e
00091864
00091aaa
00091cf1
00091f39
00092181
000923c9
00092613
0009285c
00092aa7
00092cf2
00092f3d
00093189
000933d6
00093623
00093871
00093abf
00093d0e
00093f5e
000941ae
000943ff
00094650
000948a2
00094af4
00094d47
00094f9b
000951ef
00095444
00095699
000958ef
00095b46
00095d9d
00095ff5
0009624d
000964a6
000966ff
00096959
00096bb4
00096e0f
0009706b
000972c7
00097524
00097782
000979e0
00097c3f
00097e9e
000980fe
0009835f
000985c0
00098822
00098a84
00098ce7
00098f4a
000991ae
00099413
00099678
000998de
00099b45
00099dac
0009a014
0009a27c
0009a4e5
0009a74f
0009a9b9
0009ac23
0009ae8f
0009b0fb
0009b367
0009b5d4
0009b842
0009bab1
0009bd1f
0009bf8f
0009c1ff
0009c470
0009c6e1
0009c954
0009cbc6
0009ce39
0009d0ad
0009d322
0009d597
0009d80d
0009da83
0009dcfa
0009df71
0009e1e9
0009e462
0009e6dc
0009e956
0009ebd0
0009ee4c
0009f0c8
0009f344
0009f5c1
0009f83f
0009fabd
0009fd3c
0009ffbc
000a023c
000a04bd
000a073e
000a09c1
000a0c43
000a0ec7
000a114b
000a13cf
000a1655
000a18db
000a1b61
000a1de8
000a2070
000a22f8
000a2582
000a280b
000a2a96
000a2d21
000a2fac
000a3238
000a34c5
000a3753
000a39e1
000a3c70
000a3eff
000a418f
000a4420
000a46b1
000a4943
000a4bd6
000a4e69
000a50fd
000a5392
000a5627
000a58bd
000a5b53
000a5dea
000a6082
000a631b
000a65b4
000a684d
000a6ae8
000a6d83
000a701f
000a72bb
000a7558
000a77f6
000a7a94
000a7d33
000a7fd3
000a8273
000a8514
000a87b5
000a8a58
000a8cfb
000a8f9e
000a9242
000a94e7
000a978d
000a9a33
000a9cda
000a9f81
000aa22a
000aa4d3
000aa77c
000aaa26
000aacd1
000aaf7d
000ab229
000ab4d6
000ab783
000aba32
000abce0
000abf90
000ac240
000ac4f1
000ac7a3
000aca55
000acd08
000acfbb
000ad270
000ad525
000ad7da
000ada91
000add48
000adfff
000ae2b8
000ae571
000ae82a
000aeae5
000aeda0
000af05c
000af318
000af5d5
000af893
000afb51
000afe11
000b00d0
000b0391
000b0652
000b0914
000b0bd7
000b0e9a
000b115e
000b1423
000b16e8
000b19ae
000b1c75
000b1f3c
000b2205
000b24cd
000b2797
000b2a61
000b2d2c
000b2ff8
000b32c4
000b3591
000b385f
000b3b2d
000b3dfc
000b40cc
000b439d
000b466e
000b4940
000b4c13
000b4ee6
000b51ba
000b548f
000b5764
000b5a3b
000b5d12
000b5fe9
000b62c2
000b659b
000b6874
000b6b4f
000b6e2a
000b7106
000b73e3
000b76c0
000b799e
000b7c7d
000b7f5c
000b823c
000b851d
000b87ff
000b8ae1
000b8dc4
000b90a8
000b938d
000b9672
000b9958
000b9c3f
000b9f26
000ba20e
000ba4f7
000ba7e1
000baacb
000badb6
000bb0a2
000bb38e
000bb67c
000bb96a
000bbc58
000bbf48
000bc238
000bc529
000bc81b
000bcb0d
000bce00
000bd0f4
000bd3e9
000bd6de
000bd9d4
000bdccb
000bdfc2
000be2bb
000be5b4
000be8ae
000beba8
000beea3
000bf19f
000bf49c
000bf79a
000bfa98
000bfd97
000c0097
000c0397
000c0699
000c099b
000c0c9d
000c0fa1
000c12a5
000c15aa
000c18b0
000c1bb7
000c1ebe
000c21c6
000c24cf
000c27d8
000c2ae3
000c2dee
000c30fa
000c3406
000c3714
000c3a22
000c3d31
000c4040
000c4351
000c4662
000c4974
000c4c87
000c4f9a
000c52af
000c55c4
000c58d9
000c5bf0
000c5f07
000c6220
000c6538
000c6852
000c6b6d
000c6e88
000c71a4
000c74c1
000c77de
000c7afd
000c7e1c
000c813c
000c845c
000c877e
000c8aa0
000c8dc3
000c90e7
000c940c
000c9731
000c9a57
000c9d7e
000ca0a6
000ca3cf
000ca6f8
000caa22
000cad4d
000cb079
000cb3a5
000cb6d3
000cba01
000cbd30
000cc05f
000cc390
000cc6c1
000cc9f3
000ccd26
000cd05a
000cd38e
000cd6c3
000cd9fa
000cdd30
000ce068
000ce3a1
000ce6da
000cea14
000ced4f
000cf08b
000cf3c7
000cf705
000cfa43
000cfd82
000d00c2
000d0402
000d0744
000d0a86
000d0dc9
000d110d
000d1451
000d1797
000d1add
000d1e24
000d216c
000d24b5
000d27ff
000d2b49
000d2e94
000d31e0
000d352d
000d387b
000d3bc9
000d3f19
000d4269
000d45ba
000d490c
000d4c5e
000d4fb2
000d5306
000d565b
000d59b1
000d5d08
000d6060
000d63b8
000d6712
000d6a6c
000d6dc7
000d7123
000d7480
000d77dd
000d7b3c
000d7e9b
000d81fb
000d855c
000d88be
000d8c20
000d8f84
000d92e8
000d964d
000d99b3
000d9d1a
000da082
000da3ea
000da754
000daabe
000dae29
000db195
000db502
000db86f
000dbbde
000dbf4d
000dc2be
000dc62f
000dc9a1
000dcd14
000dd087
000dd3fc
000dd771
000ddae7
000dde5f
000de1d7
000de550
000de8c9
000dec44
000defbf
000df33c
000df6b9
000dfa37
000dfdb6
000e0136
000e04b7
000e0838
000e0bbb
000e0f3e
000e12c3
000e1648
000e19ce
000e1d55
000e20dc
000e2465
000e27ef
000e2b79
000e2f04
000e3290
000e361e
000e39ac
000e3d3a
000e40ca
000e445b
000e47ec
000e4b7f
000e4f12
000e52a6
000e563b
000e59d1
000e5d68
000e6100
000e6499
000e6832
000e6bcd
000e6f68
000e7305
000e76a2
000e7a40
000e7ddf
000e817f
000e8520
000e88c1
000e8c64
000e9008
000e93ac
000e9751
000e9af8
000e9e9f
000ea247
000ea5f0
000ea99a
000ead45
000eb0f1
000eb49d
000eb84b
000ebbf9
000ebfa9
000ec359
000ec70b
000ecabd
000ece70
000ed224
000ed5d9
000ed98f
000edd46
000ee0fe
000ee4b6
000ee870
000eec2b
000eefe6
000ef3a3
000ef760
000efb1e
000efedd
000f029e
000f065f
000f0a21
000f0de4
000f11a8
000f156d
000f1932
000f1cf9
000f20c1
000f248a
000f2853
000f2c1e
000f2fe9
000f33b6
000f3783
000f3b51
000f3f21
000f42f1
000f46c2
000f4a94
000f4e68
000f523c
000f5611
000f59e7
000f5dbe
000f6196
000f656e
000f6948
000f6d23
000f70ff
000f74dc
000f78b9
000f7c98
000f8078
000f8458
000f883a
000f8c1c
000f9000
000f93e4
000f97ca
000f9bb0
000f9f98
000fa380
000fa769
000fab54
000faf3f
000fb32b
000fb719
000fbb07
000fbef6
000fc2e6
000fc6d8
000fcaca
000fcebd
000fd2b1
000fd6a6
000fda9c
000fde94
000fe28c
000fe685
000fea7f
000fee7a
000ff276
000ff673
000ffa71
000ffe71
00100271
00100672
00100a74
00100e77
0010127b
00101680
00101a86
00101e8e
00102296
0010269f
00102aa9
00102eb4
001032c0
001036ce
00103adc
00103eeb
001042fb
0010470c
00104b1f
00104f32
00105346
0010575c
00105b72
00105f89
001063a2
001067bb
00106bd6
00106ff1
0010740e
0010782b
00107c4a
00108069
0010848a
001088ac
00108cce
001090f2
00109517
0010993c
00109d63
0010a18b
0010a5b4
0010a9de
0010ae09
0010b235
0010b662
0010ba90
0010bebf
0010c2f0
0010c721
0010cb53
0010cf87
0010d3bb
0010d7f0
0010dc27
0010e05e
0010e497
0010e8d1
0010ed0b
0010f147
0010f584
0010f9c2
0010fe01
00110241
00110682
00110ac4
00110f08
0011134c
00111791
00111bd8
0011201f
00112468
001128b1
00112cfc
00113148
00113595
001139e3
00113e32
00114282
001146d3
00114b25
00114f78
001153cd
00115822
00115c79
001160d1
00116529
00116983
00116dde
0011723a
00117697
00117af5
00117f55
001183b5
00118816
00118c79
001190dd
00119541
001199a7
00119e0e
0011a276
0011a6e0
0011ab4a
0011afb5
0011b422
0011b88f
0011bcfe
0011c16e
0011c5df
0011ca51
0011cec4
0011d338
0011d7ad
0011dc24
0011e09c
0011e514
0011e98e
0011ee09
0011f285
0011f702
0011fb81
00120000
00120481
00120902
00120d85
00121209
0012168e
00121b14
00121f9c
00122424
001228ae
00122d38
001231c4
00123651
00123adf
00123f6f
001243ff
00124891
00124d23
001251b7
0012564c
00125ae2
00125f7a
00126412
001268ac
00126d47
001271e2
00127680
00127b1e
00127fbd
0012845e
001288ff
00128da2
00129246
001296eb
00129b92
0012a039
0012a4e2
0012a98b
0012ae36
0012b2e3
0012b790
0012bc3e
0012c0ee
0012c59f
0012ca51
0012cf04
0012d3b8
0012d86e
0012dd25
0012e1dc
0012e695
0012eb50
0012f00b
0012f4c8
0012f985
0012fe44
00130305
001307c6
00130c89
0013114c
00131611
00131ad7
00131f9f
00132467
00132931
00132dfc
001332c8
00133795
00133c64
00134133
00134604
00134ad6
00134faa
0013547e
00135954
00135e2b
00136303
001367dc
00136cb7
00137193
00137670
00137b4e
0013802d
0013850e
001389f0
00138ed3
001393b7
0013989d
00139d84
0013a26c
0013a755
0013ac3f
0013b12b
0013b618
0013bb06
0013bff5
0013c4e6
0013c9d8
0013cecb
0013d3bf
0013d8b5
0013ddab
0013e2a4
0013e79d
0013ec97
0013f193
0013f690
0013fb8e
0014008e
0014058f
00140a91
00140f94
00141498
0014199e
00141ea5
001423ae
001428b7
00142dc2
001432ce
001437db
00143cea
001441fa
0014470b
00144c1d
00145131
00145646
00145b5c
00146074
0014658c
00146aa6
00146fc2
001474de
001479fc
00147f1b
0014843c
0014895d
00148e80
001493a5
001498ca
00149df1
0014a319
0014a843
0014ad6d
0014b299
0014b7c7
0014bcf5
0014c225
0014c756
0014cc89
0014d1bc
0014d6f2
0014dc28
0014e160
0014e699
0014ebd3
0014f10f
0014f64b
0014fb8a
001500c9
0015060a
00150b4c
00151090
001515d5
00151b1b
00152062
001525ab
00152af5
00153040
0015358d
00153adb
0015402a
0015457b
00154acd
00155021
00155575
00155acb
00156023
0015657b
00156ad5
00157031
0015758e
00157aec
0015804b
001585ac
00158b0e
00159071
001595d6
00159b3c
0015a0a4
0015a60c
0015ab77
0015b0e2
0015b64f
0015bbbd
0015c12d
0015c69e
0015cc10
0015d184
0015d6f9
0015dc6f
0015e1e7
0015e760
0015ecdb
0015f257
0015f7d4
0015fd53
001602d3
00160854
00160dd7
0016135b
001618e1
00161e68
001623f0
0016297a
00162f05
00163491
00163a1f
00163fae
0016453f
00164ad1
00165064
001655f9
00165b8f
00166127
001666c0
00166c5a
001671f6
00167793
00167d32
001682d2
00168873
00168e16
001693ba
00169960
00169f07
0016a4af
0016aa59
0016b004
0016b5b1
0016bb5f
0016c10f
0016c6c0
0016cc72
0016d226
0016d7db
0016dd92
0016e34a
0016e904
0016eebf
0016f47b
0016fa39
0016fff8
001705b9
00170b7b
0017113f
00171704
00171cca
00172292
0017285b
00172e26
001733f2
001739c0
00173f8f
00174560
00174b32
00175105
001756da
00175cb1
00176289
00176862
00176e3d
00177419
001779f7
00177fd6
001785b7
00178b99
0017917d
00179762
00179d48
0017a331
0017a91a
0017af05
0017b4f2
0017bae0
0017c0cf
0017c6c0
0017ccb2
0017d2a6
0017d89c
0017de93
0017e48b
0017ea85
0017f080
0017f67d
0017fc7c
0018027b
0018087d
00180e80
00181484
00181a8a
00182091
0018269a
00182ca5
001832b0
001838be
00183ecd
001844dd
00184aef
00185103
00185718
00185d2e
00186346
00186960
00186f7b
00187598
00187bb6
001881d6
001887f7
00188e1a
0018943e
00189a64
0018a08b
0018a6b4
0018acde
0018b30a
0018b938
0018bf67
0018c598
0018cbca
0018d1fd
0018d833
0018de6a
0018e4a2
0018eadc
0018f117
0018f754
0018fd93
001903d3
00190a15
00191058
0019169d
00191ce4
0019232c
00192975
00192fc0
0019360d
00193c5b
001942ab
001948fd
00194f50
001955a4
00195bfb
00196252
001968ac
00196f07
00197563
00197bc1
00198221
00198882
00198ee5
0019954a
00199bb0
0019a218
0019a881
0019aeec
0019b559
0019bbc7
0019c236
0019c8a8
0019cf1b
0019d58f
0019dc06
0019e27d
0019e8f7
0019ef72
0019f5ee
0019fc6d
001a02ed
001a096e
001a0ff1
001a1676
001a1cfd
001a2385
001a2a0e
001a309a
001a3727
001a3db5
001a4446
001a4ad7
001a516b
001a5800
001a5e97
001a652f
001a6bca
001a7265
001a7903
001a7fa2
001a8643
001a8ce5
001a9389
001a9a2f
001aa0d6
001aa77f
001aae2a
001ab4d6
001abb84
001ac234
001ac8e5
001acf98
001ad64d
001add04
001ae3bc
001aea75
001af131
001af7ee
001afead
001b056d
001b0c30
001b12f4
001b19b9
001b2080
001b2749
001b2e14
001b34e0
001b3bae
001b427e
001b4950
001b5023
001b56f8
001b5dce
001b64a7
001b6b81
001b725c
001b793a
001b8019
001b86fa
001b8ddd
001b94c1
001b9ba7
001ba28f
001ba978
001bb063
001bb750
001bbe3f
001bc52f
001bcc22
001bd316
001bda0b
001be103
001be7fc
001beef7
001bf5f3
001bfcf2
001c03f2
001c0af4
001c11f7
001c18fd
001c2004
001c270d
001c2e17
001c3524
001c3c32
001c4342
001c4a53
001c5167
001c587c
001c5f93
001c66ac
001c6dc6
001c74e3
001c7c01
001c8321
001c8a42
001c9166
001c988b
001c9fb2
001ca6db
001cae06
001cb532
001cbc60
001cc390
001ccac2
001cd1f6
001cd92b
001ce062
001ce79b
001ceed6
001cf613
001cfd51
001d0491
001d0bd3
001d1317
001d1a5d
001d21a4
001d28ee
001d3039
001d3786
001d3ed5
001d4625
001d4d78
001d54cc
001d5c22
001d637a
001d6ad4
001d722f
001d798d
001d80ec
001d884d
001d8fb0
001d9715
001d9e7c
001da5e4
001dad4f
001db4bb
001dbc29
001dc399
001dcb0b
001dd27f
001dd9f4
001de16c
001de8e5
001df060
001df7dd
001dff5c
001e06dd
001e0e5f
001e15e4
001e1d6a
001e24f3
001e2c7d
001e3409
001e3b97
001e4327
001e4ab8
001e524c
001e59e2
001e6179
001e6912
001e70ae
001e784b
001e7fea
001e878b
001e8f2d
001e96d2
001e9e79
001ea621
001eadcc
001eb578
001ebd27
001ec4d7
001ecc89
001ed43d
001edbf3
001ee3ab
001eeb65
001ef321
001efadf
001f029e
001f0a60
001f1223
001f19e9
001f21b0
001f297a
001f3145
001f3912
001f40e2
001f48b3
001f5086
001f585b
001f6032
001f680b
001f6fe6
001f77c3
001f7fa2
001f8783
001f8f66
001f974b
001f9f32
001fa71a
001faf05
001fb6f2
001fbee1
001fc6d1
001fcec4
001fd6b9
001fdeaf
001fe6a8
001feea3
001ff69f
001ffe9e
0020069f
00200ea1
002016a6
00201ead
002026b5
00202ec0
002036cd
00203edb
002046ec
00204eff
00205714
00205f2a
00206743
00206f5e
0020777b
00207f9a
002087bb
00208fde
00209803
0020a02a
0020a853
0020b07e
0020b8ab
0020c0da
0020c90b
0020d13f
0020d974
0020e1ab
0020e9e5
0020f220
0020fa5e
0021029e
00210adf
00211323
00211b69
002123b1
00212bfb
00213447
00213c95
002144e5
00214d37
0021558c
00215de2
0021663a
00216e95
002176f2
00217f51
002187b1
00219014
00219879
0021a0e1
0021a94a
0021b1b5
0021ba23
0021c292
0021cb04
0021d378
0021dbee
0021e466
0021ece0
0021f55c
0021fddb
0022065b
00220ede
00221763
00221fea
00222873
002230fe
0022398b
0022421b
00224aac
00225340
00225bd6
0022646e
00226d08
002275a4
00227e43
002286e3
00228f86
0022982b
0022a0d2
0022a97c
0022b227
0022bad5
0022c384
0022cc36
0022d4eb
0022dda1
0022e659
0022ef14
0022f7d1
00230090
00230951
00231215
00231ada
002323a2
00232c6c
00233538
00233e07
002346d7
00234faa
0023587f
00236156
00236a30
0023730b
00237be9
002384c9
00238dac
00239690
00239f77
0023a860
0023b14b
0023ba39
0023c328
0023cc1a
0023d50e
0023de05
0023e6fd
0023eff8
0023f8f5
002401f5
00240af6
002413fa
00241d00
00242609
00242f13
00243820
0024412f
00244a41
00245355
00245c6a
00246583
00246e9d
002477ba
002480d9
002489fa
0024931e
00249c44
0024a56c
0024ae97
0024b7c4
0024c0f3
0024ca24
0024d358
0024dc8e
0024e5c6
0024ef01
0024f83d
0025017d
00250abe
00251402
00251d48
00252691
00252fdc
00253929
00254278
00254bca
0025551e
00255e74
002567cd
00257128
00257a86
002583e6
00258d48
002596ac
0025a013
0025a97c
0025b2e8
0025bc56
0025c5c6
0025cf39
0025d8ae
0025e225
0025eb9f
0025f51b
0025fe99
0026081a
0026119d
00261b23
002624ab
00262e35
002637c2
00264151
00264ae3
00265477
00265e0d
002667a6
00267141
00267ade
0026847e
00268e20
002697c5
0026a16c
0026ab16
0026b4c2
0026be70
0026c821
0026d1d4
0026db8a
0026e542
0026eefd
0026f8ba
00270279
00270c3b
002715ff
00271fc6
0027298f
0027335b
00273d29
002746f9
002750cc
00275aa2
00276479
00276e54
00277831
00278210
00278bf2
002795d6
00279fbd
0027a9a6
0027b391
0027bd80
0027c770
0027d163
0027db59
0027e551
0027ef4c
0027f949
00280348
00280d4a
0028174f
00282156
00282b5f
0028356c
00283f7a
0028498b
0028539f
00285db5
002867ce
002871e9
00287c07
00288627
0028904a
00289a6f
0028a497
0028aec1
0028b8ee
0028c31e
0028cd50
0028d785
0028e1bc
0028ebf5
0028f632
00290071
00290ab2
002914f6
00291f3c
00292986
002933d1
00293e1f
00294870
002952c4
00295d1a
00296772
002971cd
00297c2b
0029868b
002990ee
00299b54
0029a5bc
0029b027
0029ba94
0029c504
0029cf77
0029d9ec
0029e464
0029eede
0029f95b
002a03db
002a0e5d
002a18e2
002a2369
002a2df4
002a3880
002a4310
002a4da2
002a5837
002a62ce
002a6d68
002a7805
002a82a4
002a8d46
002a97eb
002aa292
002aad3c
002ab7e9
002ac298
002acd4a
002ad7ff
002ae2b6
002aed70
002af82d
002b02ec
002b0dae
002b1873
002b233a
002b2e04
002b38d1
002b43a1
002b4e73
002b5948
002b6420
002b6efa
002b79d7
002b84b7
002b8f9a
002b9a7f
002ba567
002bb052
002bbb3f
002bc62f
002bd122
002bdc18
002be710
002bf20b
002bfd09
002c080a
002c130d
002c1e13
002c291c
002c3428
002c3f36
002c4a48
002c555b
002c6072
002c6b8c
002c76a8
002c81c7
002c8ce9
002c980d
002ca335
002cae5f
002cb98c
002cc4bc
002ccfee
002cdb24
002ce65c
002cf197
002cfcd5
002d0815
002d1359
002d1e9f
002d29e8
002d3534
002d4083
002d4bd4
002d5729
002d6280
002d6dda
002d7937
002d8497
002d8ff9
002d9b5f
002da6c7
002db232
002dbda0
002dc911
002dd484
002ddffb
002deb74
002df6f1
002e0270
002e0df2
002e1977
002e24ff
002e3089
002e3c17
002e47a7
002e533b
002e5ed1
002e6a6a
002e7606
002e81a5
002e8d47
002e98ec
002ea494
002eb03e
002ebbec
002ec79c
002ed34f
002edf06
002eeabf
002ef67b
002f023a
002f0dfc
002f19c1
002f2589
002f3154
002f3d22
002f48f3
002f54c6
002f609d
002f6c77
002f7853
002f8433
002f9015
002f9bfb
002fa7e3
002fb3cf
002fbfbd
002fcbaf
002fd7a3
002fe39a
002fef95
002ffb92
00300793
00301396
00301f9c
00302ba6
003037b2
003043c2
00304fd4
00305bea
00306802
0030741e
0030803c
00308c5e
00309882
0030a4aa
0030b0d5
0030bd02
0030c933
0030d567
0030e19e
0030edd8
0030fa15
00310655
00311298
00311ede
00312b27
00313774
003143c3
00315016
00315c6b
003168c4
00317520
0031817e
00318de0
00319a45
0031a6ad
0031b319
0031bf87
0031cbf8
0031d86d
0031e4e5
0031f15f
0031fddd
00320a5e
003216e2
0032236a
00322ff4
00323c82
00324912
003255a6
0032623d
00326ed7
00327b75
00328815
003294b9
0032a15f
0032ae09
0032bab6
0032c767
0032d41a
0032e0d1
0032ed8b
0032fa48
00330708
003313cb
00332092
00332d5b
00333a28
003346f8
003353cc
003360a2
00336d7c
00337a59
00338739
0033941d
0033a103
0033aded
0033bada
0033c7cb
0033d4be
0033e1b5
0033eeaf
0033fbac
003408ad
003415b1
003422b8
00342fc2
00343cd0
003449e0
003456f5
0034640c
00347127
00347e45
00348b66
0034988a
0034a5b2
0034b2dd
0034c00b
0034cd3d
0034da72
0034e7aa
0034f4e6
00350225
00350f67
00351cac
003529f5
00353741
00354491
003551e4
00355f3a
00356c93
003579f0
00358750
003594b4
0035a21b
0035af85
0035bcf2
0035ca63
0035d7d8
0035e54f
0035f2ca
00360049
00360dca
00361b50
003628d8
00363664
003643f3
00365186
00365f1c
00366cb6
00367a52
003687f3
00369596
0036a33d
0036b0e8
0036be96
0036cc47
0036d9fc
0036e7b4
0036f570
0037032f
003710f2
00371eb7
00372c81
00373a4e
0037481e
003755f2
003763c9
003771a4
00377f82
00378d63
00379b49
0037a931
0037b71d
0037c50d
0037d300
0037e0f6
0037eef0
0037fcee
00380aef
003818f3
003826fb
00383507
00384316
00385128
00385f3e
00386d58
00387b75
00388995
003897ba
0038a5e1
0038b40d
0038c23b
0038d06e
0038dea4
0038ecdd
0038fb1a
0039095b
0039179f
003925e6
00393432
00394280
003950d3
00395f29
00396d82
00397be0
00398a40
003998a5
0039a70d
0039b578
0039c3e7
0039d25a
0039e0d1
0039ef4b
0039fdc8
003a0c4a
003a1ace
003a2957
003a37e3
003a4673
003a5506
003a639d
003a7238
003a80d7
003a8f79
003a9e1e
003aacc8
003abb75
003aca25
003ad8da
003ae792
003af64e
003b050d
003b13d0
003b2297
003b3161
003b4030
003b4f01
003b5dd7
003b6cb0
003b7b8d
003b8a6e
003b9953
003ba83b
003bb727
003bc616
003bd50a
003be401
003bf2fc
003c01fa
003c10fd
003c2003
003c2f0d
003c3e1a
003c4d2c
003c5c41
003c6b5a
003c7a77
003c8997
003c98bb
003ca7e4
003cb70f
003cc63f
003cd573
003ce4aa
003cf3e5
003d0324
003d1266
003d21ad
003d30f7
003d4045
003d4f97
003d5eed
003d6e47
003d7da4
003d8d06
003d9c6b
003dabd4
003dbb41
003dcab2
003dda26
003de99f
003df91b
003e089b
003e181f
003e27a7
003e3733
003e46c3
003e5656
003e65ee
003e7589
003e8529
003e94cc
003ea473
003eb41e
003ec3cd
003ed380
003ee337
003ef2f2
003f02b0
003f1273
003f223a
003f3204
003f41d3
003f51a5
003f617c
003f7156
003f8134
003f9116
003fa0fd
003fb0e7
003fc0d5
003fd0c7
003fe0be
003ff0b8
004000b6
004010b8
004020be
004030c8
004040d7
004050e9
004060ff
00407119
00408138
0040915a
0040a180
0040b1ab
0040c1d9
0040d20c
0040e242
0040f27d
004102bb
004112fe
00412345
00413390
004143df
00415432
00416489
004174e4
00418543
004195a7
0041a60e
0041b67a
0041c6e9
0041d75d
0041e7d5
0041f851
004208d1
00421955
004229de
00423a6a
00424afb
00425b90
00426c29
00427cc6
00428d67
00429e0d
0042aeb6
0042bf64
0042d016
0042e0cc
0042f186
00430245
00431308
004323ce
00433499
00434569
0043563c
00436714
004377f0
004388d0
004399b4
0043aa9d
0043bb89
0043cc7a
0043dd70
0043ee69
0043ff67
00441069
0044216f
0044327a
00444388
0044549b
004465b3
004476ce
004487ee
00449912
0044aa3b
0044bb67
0044cc98
0044ddce
0044ef07
00450045
00451187
004522ce
00453419
00454568
004556bb
00456813
0045796f
00458ad0
00459c35
0045ad9e
0045bf0c
0045d07e
0045e1f4
0045f36f
004604ee
00461671
004627f9
00463985
00464b16
00465cab
00466e44
00467fe2
00469184
0046a32a
0046b4d5
0046c685
0046d839
0046e9f1
0046fbae
00470d6f
00471f34
004730fe
004742cd
004754a0
00476677
00477853
00478a33
00479c18
0047ae01
0047bfef
0047d1e1
0047e3d8
0047f5d3
004807d3
004819d7
00482be0
00483ded
00484fff
00486215
00487430
0048864f
00489873
0048aa9b
0048bcc8
0048cefa
0048e130
0048f36a
004905aa
004917ed
00492a36
00493c82
00494ed4
0049612a
00497384
004985e4
00499847
0049aab0
0049bd1d
0049cf8e
0049e204
0049f47f
004a06ff
004a1983
004a2c0b
004a3e99
004a512b
004a63c1
004a765d
004a88fd
004a9ba1
004aae4a
004ac0f8
004ad3ab
004ae662
004af91e
004b0bdf
004b1ea4
004b316e
004b443d
004b5710
004b69e8
004b7cc5
004b8fa7
004ba28d
004bb578
004bc868
004bdb5c
004bee55
004c0153
004c1456
004c275d
004c3a6a
004c4d7b
004c6090
004c73ab
004c86ca
004c99ee
004cad17
004cc045
004cd377
004ce6af
004cf9eb
004d0d2c
004d2071
004d33bc
004d470b
004d5a5f
004d6db8
004d8116
004d9479
004da7e0
004dbb4d
004dcebe
004de234
004df5af
004e092f
004e1cb4
004e303d
004e43cc
004e575f
004e6af8
004e7e95
004e9237
004ea5de
004eb98a
004ecd3b
004ee0f0
004ef4ab
004f086b
004f1c2f
004f2ff9
004f43c7
004f579b
004f6b73
004f7f50
004f9333
004fa71a
004fbb06
004fcef8
004fe2ee
004ff6e9
00500ae9
00501eef
005032f9
00504708
00505b1c
00506f36
00508354
00509777
0050aba0
0050bfcd
0050d400
0050e837
0050fc74
005110b5
005124fc
00513948
00514d99
005161ef
0051764a
00518aaa
00519f0f
0051b379
0051c7e9
0051dc5d
0051f0d7
00520556
005219da
00522e63
005242f1
00525784
00526c1c
005280ba
0052955d
0052aa05
0052beb2
0052d364
0052e81c
0052fcd8
0053119a
00532661
00533b2d
00534fff
005364d5
005379b1
00538e92
0053a378
0053b864
0053cd54
0053e24a
0053f746
00540c46
0054214c
00543657
00544b67
0054607c
00547597
00548ab7
00549fdd
0054b507
0054ca37
0054df6c
0054f4a7
005509e7
00551f2c
00553476
005549c6
00555f1b
00557475
005589d5
00559f3a
0055b4a5
0055ca15
0055df8a
0055f504
00560a84
0056200a
00563594
00564b25
005660ba
00567655
00568bf5
0056a19b
0056b746
0056ccf7
0056e2ac
0056f868
00570e29
005723ef
005739bb
00574f8c
00576562
00577b3f
00579120
0057a707
0057bcf4
0057d2e6
0057e8dd
0057feda
005814dc
00582ae4
005840f2
00585705
00586d1d
0058833b
0058995f
0058af88
0058c5b7
0058dbeb
0058f225
00590864
00591ea9
005934f3
00594b43
00596199
005977f4
00598e55
0059a4bb
0059bb27
0059d199
0059e810
0059fe8d
005a150f
005a2b98
005a4225
005a58b9
005a6f52
005a85f0
005a9c95
005ab33f
005ac9ee
005ae0a4
005af75f
005b0e1f
005b24e6
005b3bb2
005b5283
005b695b
005b8038
005b971b
005bae04
005bc4f2
005bdbe6
005bf2e0
005c09e0
005c20e5
005c37f0
005c4f01
005c6618
005c7d34
005c9456
005cab7e
005cc2ac
005cd9df
005cf119
005d0858
005d1f9d
005d36e8
005d4e38
005d658f
005d7ceb
005d944d
005dabb5
005dc323
005dda97
005df211
005e0990
005e2115
005e38a1
005e5032
005e67c9
005e7f66
005e9708
005eaeb1
005ec660
005ede14
005ef5cf
005f0d8f
005f2556
005f3d22
005f54f4
005f6ccc
005f84aa
005f9c8f
005fb479
005fcc69
005fe45f
005ffc5b
0060145d
00602c65
00604473
00605c87
006074a2
00608cc2
0060a4e8
0060bd14
0060d547
0060ed7f
006105bd
00611e02
0061364c
00614e9d
006166f4
00617f50
006197b3
0061b01c
0061c88b
0061e101
0061f97c
006211fd
00622a85
00624313
00625ba6
00627440
00628ce0
0062a587
0062be33
0062d6e6
0062ef9f
0063085e
00632123
006339ee
006352c0
00636b98
00638476
00639d5a
0063b644
0063cf35
0063e82c
00640129
00641a2d
00643336
00644c46
0064655c
00647e79
0064979c
0064b0c5
0064c9f4
0064e32a
0064fc66
006515a8
00652ef0
0065483f
00656195
00657af0
00659452
0065adba
0065c729
0065e09e
0065fa19
0066139b
00662d23
006646b1
00666046
006679e2
00669383
0066ad2b
0066c6da
0066e08f
0066fa4a
0067140c
00672dd4
006747a3
00676178
00677b54
00679536
0067af1e
0067c90d
0067e303
0067fcff
00681701
0068310a
00684b1a
00686530
00687f4c
0068996f
0068b399
0068cdc9
0068e800
0069023d
00691c81
006936cb
0069511c
00696b74
006985d2
0069a037
0069baa2
0069d514
0069ef8d
006a0a0c
006a2492
006a3f1e
006a59b1
006a744b
006a8eec
006aa993
006ac440
006adef5
006af9b0
006b1472
006b2f3a
006b4a09
006b64df
006b7fbc
006b9a9f
006bb589
006bd07a
006beb71
006c066f
006c2174
006c3c80
006c5793
006c72ac
006c8dcc
006ca8f3
006cc420
006cdf55
006cfa90
006d15d2
006d311b
006d4c6b
006d67c1
006d831f
006d9e83
006db9ee
006dd560
006df0d9
006e0c58
006e27df
006e436c
006e5f00
006e7a9c
006e963e
006eb1e7
006ecd97
006ee94e
006f050b
006f20d0
006f3c9c
006f586e
006f7448
006f9029
006fac10
006fc7ff
006fe3f4
006ffff1
00701bf4
007037ff
00705410
00707029
00708c48
0070a86f
0070c49c
0070e0d1
0070fd0d
00711950
00713599
007151ea
00716e42
00718aa2
0071a708
0071c375
0071dfe9
0071fc65
007218e8
00723571
00725202
00726e9a
00728b3a
0072a7e0
0072c48e
0072e142
0072fdfe
00731ac1
0073378c
0073545d
00737136
00738e16
0073aafd
0073c7eb
0073e4e1
007401de
00741ee2
00743bed
00745900
0074761a
0074933b
0074b063
0074cd93
0074eaca
00750808
0075254e
0075429b
00755fef
00757d4b
00759aae
0075b818
0075d58a
0075f303
00761084
00762e0b
00764b9b
00766931
007686cf
0076a475
0076c221
0076dfd6
0076fd91
00771b54
0077391f
007756f1
007774ca
007792ab
0077b094
0077ce84
0077ec7b
00780a7a
00782880
0078468e
007864a4
007882c0
0078a0e5
0078bf11
0078dd44
0078fb80
007919c2
0079380c
0079565e
007974b8
00799319
0079b181
0079cff1
0079ee69
007a0ce9
007a2b70
007a49fe
007a6895
007a8733
007aa5d8
007ac486
007ae33a
007b01f7
007b20bb
007b3f88
007b5e5b
007b7d37
007b9c1a
007bbb05
007bd9f7
007bf8f2
007c17f4
007c36fe
007c560f
007c7529
007c944a
007cb373
007cd2a4
007cf1dc
007d111d
007d3065
007d4fb5
007d6f0d
007d8e6c
007dadd4
007dcd43
007decba
007e0c3a
007e2bc1
007e4b4f
007e6ae6
007e8a85
007eaa2c
007ec9da
007ee990
007f094f
007f2915
007f48e3
007f68ba
007f8898
007fa87e
007fc86c
007fe862
00800860
00802866
00804874
0080688a
008088a9
0080a8cf
0080c8fd
0080e933
00810972
008129b8
00814a06
00816a5d
00818abc
0081ab22
0081cb91
0081ec08
00820c87
00822d0e
00824d9e
00826e35
00828ed5
0082af7d
0082d02d
0082f0e5
008311a5
0083326e
0083533e
00837417
008394f8
0083b5e2
0083d6d3
0083f7cd
008418cf
008439da
00845aec
00847c07
00849d2a
0084be56
0084df89
008500c5
0085220a
00854356
008564ab
00858609
0085a76e
0085c8dc
0085ea53
00860bd2
00862d59
00864ee8
00867080
00869221
0086b3c9
0086d57a
0086f734
008718f6
00873ac0
00875c93
00877e6f
0087a053
0087c23f
0087e434
00880631
00882837
00884a45
00886c5c
00888e7b
0088b0a3
0088d2d4
0088f50d
0089174e
00893998
00895beb
00897e46
0089a0aa
0089c317
0089e58c
008a0809
008a2a90
008a4d1f
008a6fb6
008a9257
008ab4ff
008ad7b1
008afa6b
008b1d2e
008b3ffa
008b62ce
008b85ab
008ba891
008bcb80
008bee77
008c1177
008c3480
008c5791
008c7aab
008c9dce
008cc0fa
008ce42f
008d076c
008d2ab3
008d4e02
008d715a
008d94ba
008db824
008ddb96
008dff12
008e2296
008e4623
008e69b9
008e8d58
008eb100
008ed4b0
008ef86a
008f1c2d
008f3ff8
008f63cd
008f87aa
008fab90
008fcf80
008ff378
0090177a
00903b84
00905f97
009083b4
0090a7d9
0090cc08
0090f03f
00911480
009138c9
00915d1c
00918178
0091a5dd
0091ca4b
0091eec2
00921342
009237cc
00925c5e
009280fa
0092a59f
0092ca4d
0092ef04
009313c4
0093388e
00935d61
0093823c
0093a722
0093cc10
0093f108
00941609
00943b13
00946026
00948543
0094aa69
0094cf98
0094f4d1
00951a12
00953f5e
009564b2
00958a10
0095af77
0095d4e8
0095fa62
00961fe5
00964572
00966b08
009690a7
0096b650
0096dc02
009701be
00972783
00974d52
0097732a
0097990b
0097bef6
0097e4eb
00980ae9
009830f0
00985701
00987d1c
0098a340
0098c96d
0098efa4
009915e5
00993c2f
00996283
009988e1
0099af48
0099d5b8
0099fc33
009a22b6
009a4944
009a6fdb
009a967c
009abd26
009ae3da
009b0a98
009b3160
009b5831
009b7f0c
009ba5f0
009bccdf
009bf3d7
009c1ad9
009c41e4
009c68fa
009c9019
009cb742
009cde74
009d05b1
009d2cf7
009d5447
009d7ba1
009da305
009dca73
009df1ea
009e196c
009e40f7
009e688c
009e902b
009eb7d4
009edf87
009f0744
009f2f0b
009f56dc
009f7eb6
009fa69b
009fce8a
009ff682
00a01e85
00a04692
00a06ea8
00a096c9
00a0bef4
00a0e728
00a10f67
00a137b0
00a16003
00a18860
00a1b0c7
00a1d939
00a201b4
00a22a39
00a252c9
00a27b63
00a2a407
00a2ccb5
00a2f56d
00a31e30
00a346fc
00a36fd3
00a398b4
00a3c19f
00a3ea95
00a41395
00a43c9f
00a465b3
00a48ed2
00a4b7fa
00a4e12e
00a50a6b
00a533b3
00a55d05
00a58661
00a5afc8
00a5d939
00a602b5
00a62c3b
00a655cb
00a67f65
00a6a90b
00a6d2ba
00a6fc74
00a72638
00a75007
00a779e0
00a7a3c4
00a7cdb2
00a7f7ab
00a821ae
00a84bbc
00a875d4
00a89ff7
00a8ca24
00a8f45c
00a91e9e
00a948eb
00a97342
00a99da5
00a9c811
00a9f289
00aa1d0b
00aa4797
00aa722e
00aa9cd0
00aac77d
00aaf234
00ab1cf6
00ab47c2
00ab729a
00ab9d7c
00abc868
00abf360
00ac1e62
00ac496f
00ac7487
00ac9fa9
00accad7
00acf60f
00ad2152
00ad4ca0
00ad77f8
00ada35b
00adceca
00adfa43
00ae25c7
00ae5156
00ae7cf0
00aea894
00aed444
00aefffe
00af2bc4
00af5794
00af8370
00afaf56
00afdb47
00b00744
00b0334b
00b05f5d
00b08b7b
00b0b7a3
00b0e3d6
00b11015
00b13c5f
00b168b3
00b19513
00b1c17e
00b1edf4
00b21a75
00b24701
00b27398
00b2a03b
00b2cce8
00b2f9a1
00b32665
00b35334
00b3800f
00b3acf4
00b3d9e5
00b406e1
00b433e9
00b460fb
00b48e19
00b4bb42
00b4e877
00b515b7
00b54302
00b57058
00b59dba
00b5cb27
00b5f89f
00b62623
00b653b2
00b6814d
00b6aef3
00b6dca5
00b70a61
00b7382a
00b765fe
00b793dd
00b7c1c7
00b7efbe
00b81dbf
00b84bcd
00b879e5
00b8a809
00b8d639
00b90475
00b932bb
00b9610e
00b98f6c
00b9bdd6
00b9ec4b
00ba1acc
00ba4958
00ba77f0
00baa694
00bad544
00bb03ff
00bb32c6
00bb6198
00bb9077
00bbbf61
00bbee56
00bc1d58
00bc4c65
00bc7b7e
00bcaaa3
00bcd9d3
00bd0910
00bd3858
00bd67ac
00bd970c
00bdc677
00bdf5ef
00be2572
00be5502
00be849d
00beb444
00bee3f7
00bf13b6
00bf4381
00bf7358
00bfa33a
00bfd329
00c00324
00c0332b
00c0633e
00c0935c
00c0c387
00c0f3be
00c12401
00c15450
00c184ab
00c1b513
00c1e586
00c21605
00c24691
00c27729
00c2a7cd
00c2d87d
00c30939
00c33a01
00c36ad6
00c39bb7
00c3cca4
00c3fd9d
00c42ea2
00c45fb4
00c490d2
00c4c1fd
00c4f333
00c52476
00c555c6
00c58721
00c5b889
00c5e9fd
00c61b7e
00c64d0b
00c67ea5
00c6b04a
00c6e1fd
00c713bb
00c74587
00c7775e
00c7a942
00c7db33
00c80d30
00c83f39
00c87150
00c8a372
00c8d5a1
00c907dd
00c93a25
00c96c7a
00c99edb
00c9d149
00ca03c4
00ca364b
00ca68df
00ca9b80
00cace2d
00cb00e7
00cb33ad
00cb6681
00cb9961
00cbcc4d
00cbff47
00cc324d
00cc6560
00cc9880
00cccbac
00ccfee6
00cd322c
00cd657f
00cd98de
00cdcc4b
00cdffc5
00ce334b
00ce66de
00ce9a7e
00cece2c
00cf01e6
00cf35ac
00cf6980
00cf9d61
00cfd14f
00d0054a
00d03952
00d06d67
00d0a188
00d0d5b7
00d109f3
00d13e3c
00d17292
00d1a6f6
00d1db66
00d20fe3
00d2446e
00d27906
00d2adaa
00d2e25c
00d3171c
00d34be8
00d380c1
00d3b5a8
00d3ea9c
00d41f9e
00d454ac
00d489c8
00d4bef1
00d4f427
00d5296b
00d55ebc
00d5941a
00d5c986
00d5feff
00d63486
00d66a1a
00d69fbb
00d6d569
00d70b25
00d740ef
00d776c6
00d7acaa
00d7e29c
00d8189c
00d84ea9
00d884c3
00d8baeb
00d8f120
00d92764
00d95db4
00d99412
00d9ca7e
00da00f8
00da377f
00da6e13
00daa4b6
00dadb66
00db1223
00db48ef
00db7fc8
00dbb6af
00dbeda3
00dc24a6
00dc5bb6
00dc92d3
00dcc9ff
00dd0138
00dd3880
00dd6fd5
00dda738
00dddea8
00de1627
00de4db3
00de854e
00debcf6
00def4ac
00df2c70
00df6442
00df9c22
00dfd411
00e00c0d
00e04417
00e07c2f
00e0b455
00e0ec89
00e124cb
00e15d1b
00e19579
00e1cde6
00e20660
00e23ee9
00e27780
00e2b025
00e2e8d8
00e32199
00e35a69
00e39346
00e3cc32
00e4052d
00e43e35
00e4774c
00e4b071
00e4e9a4
00e522e5
00e55c35
00e59594
00e5cf00
00e6087b
00e64204
00e67b9c
00e6b542
00e6eef7
00e728ba
00e7628b
00e79c6b
00e7d659
00e81056
00e84a61
00e8847b
00e8bea4
00e8f8db
00e93320
00e96d74
00e9a7d7
00e9e248
00ea1cc8
00ea5757
00ea91f4
00eacca0
00eb075a
00eb4223
00eb7cfb
00ebb7e2
00ebf2d7
00ec2ddb
00ec68ee
00eca410
00ecdf40
00ed1a7f
00ed55cd
00ed912a
00edcc96
00ee0810
00ee439a
00ee7f32
00eebad9
00eef690
00ef3255
00ef6e29
00efaa0c
00efe5fe
00f021ff
00f05e0f
00f09a2e
00f0d65c
00f11299
00f14ee5
00f18b41
00f1c7ab
00f20424
00f240ad
00f27d45
00f2b9ec
00f2f6a2
00f33367
00f3703b
00f3ad1f
00f3ea12
00f42714
00f46425
00f4a146
00f4de76
00f51bb5
00f55904
00f59662
00f5d3cf
00f6114c
00f64ed8
00f68c73
00f6ca1e
00f707d8
00f745a2
00f7837b
00f7c164
00f7ff5c
00f83d63
00f87b7b
00f8b9a1
00f8f7d7
00f9361d
00f97472
00f9b2d7
00f9f14c
00fa2fd0
00fa6e64
00faad07
00faebba
00fb2a7d
00fb6950
00fba832
00fbe724
00fc2625
00fc6537
00fca458
00fce389
00fd22ca
00fd621a
00fda17b
00fde0eb
00fe206b
00fe5ffb
00fe9f9b
00fedf4b
00ff1f0b
00ff5edb
00ff9eba
00ffdeaa
01001eaa
01005eb9
01009ed9
0100df09
01011f49
01015f98
01019ff8
0101e068
010220e9
01026179
0102a219
0102e2ca
0103238b
0103645c
0103a53d
0103e62e
01042730
01046842
0104a964
0104ea97
01052bd9
01056d2c
0105ae90
0105f004
01063188
0106731d
0106b4c2
0106f677
0107383d
01077a13
0107bbfa
0107fdf1
01083ff9
01088211
0108c43a
01090673
010948bd
01098b18
0109cd83
010a0ffe
010a528b
010a9528
010ad7d5
010b1a93
010b5d62
010ba042
010be333
010c2634
010c6946
010cac68
010cef9c
010d32e0
010d7635
010db99b
010dfd12
010e409a
010e8432
010ec7dc
010f0b96
010f4f62
010f933e
010fd72b
01101b2a
01105f39
0110a359
0110e78b
01112bcd
01117021
0111b485
0111f8fb
01123d82
0112821a
0112c6c3
01130b7d
01135048
01139525
0113da13
01141f12
01146423
0114a944
0114ee77
011533bc
01157911
0115be78
011603f0
0116497a
01168f15
0116d4c2
01171a7f
0117604f
0117a630
0117ec22
01183226
0118783b
0118be62
0119049a
01194ae4
01199140
0119d7ad
011a1e2c
011a64bc
011aab5e
011af212
011b38d7
011b7fae
011bc697
011c0d91
011c549e
011c9bbc
011ce2eb
011d2a2d
011d7181
011db8e6
011e005d
011e47e6
011e8f81
011ed72e
011f1eed
011f66bd
011faea0
011ff695
01203e9b
012086b4
0120cedf
0121171b
01215f6a
0121a7cb
0121f03e
012238c3
0122815a
0122ca04
012312bf
01235b8d
0123a46d
0123ed5f
01243664
01247f7b
0124c8a4
012511df
01255b2d
0125a48d
0125edff
01263784
0126811b
0126cac4
01271480
01275e4e
0127a82f
0127f222
01283c28
01288641
0128d06b
01291aa9
012964f9
0129af5b
0129f9d0
012a4458
012a8ef3
012ad9a0
012b245f
012b6f32
012bba17
012c050f
012c501a
012c9b37
012ce667
012d31aa
012d7d00
012dc869
012e13e4
012e5f73
012eab14
012ef6c8
012f428f
012f8e69
012fda57
01302657
0130726a
0130be90
01310ac9
01315715
0131a375
0131efe7
01323c6c
01328905
0132d5b1
01332270
01336f42
0133bc28
01340920
0134562c
0134a34b
0134f07e
01353dc4
01358b1d
0135d889
01362609
0136739c
0136c143
01370efd
01375cca
0137aaab
0137f8a0
013846a8
013894c3
0138e2f2
01393135
01397f8b
0139cdf4
013a1c72
013a6b03
013ab9a7
013b085f
013b572b
013ba60b
013bf4fe
013c4405
013c9320
013ce24f
013d3191
013d80e8
013dd052
013e1fd0
013e6f62
013ebf08
013f0ec1
013f5e8f
013fae71
013ffe66
01404e70
01409e8e
0140eebf
01413f05
01418f5f
0141dfcd
0142304f
014280e5
0142d18f
0143224e
01437320
0143c407
01441502
01446612
0144b735
0145086d
014559b9
0145ab1a
0145fc8f
01464e18
01469fb6
0146f168
0147432f
0147950a
0147e6f9
014838fd
01488b16
0148dd43
01492f84
014981db
0149d445
014a26c5
014a7959
014acc01
014b1ebf
014b7191
014bc478
014c1773
014c6a83
014cbda8
014d10e2
014d6431
014db794
014e0b0d
014e5e9a
014eb23c
014f05f3
014f59bf
014fada0
01500196
015055a1
0150a9c1
0150fdf5
0151523f
0151a69f
0151fb13
01524f9c
0152a43b
0152f8ee
01534db7
0153a295
0153f788
01544c91
0154a1af
0154f6e2
01554c2a
0155a188
0155f6fb
01564c83
0156a221
0156f7d4
01574d9d
0157a37b
0157f96f
01584f78
0158a597
0158fbcb
01595214
0159a874
0159fee9
015a5573
015aac13
015b02c9
015b5995
015bb076
015c076d
015c5e7a
015cb59c
015d0cd5
015d6423
015dbb87
015e1301
015e6a90
015ec236
015f19f1
015f71c3
015fc9aa
016021a8
016079bb
0160d1e5
01612a24
0161827a
0161dae5
01623367
01628bff
0162e4ad
01633d71
0163964c
0163ef3c
01644843
0164a161
0164fa94
016553de
0165ad3e
016606b5
01666041
0166b9e5
0167139e
01676d6e
0167c755
01682152
01687b66
0168d590
01692fd1
01698a28
0169e496
016a3f1a
016a99b5
016af467
016b4f2f
016baa0f
016c0504
016c6011
016cbb34
016d166f
016d71c0
016dcd28
016e28a6
016e843c
016edfe8
016f3bac
016f9786
016ff378
01704f80
0170ab9f
017107d6
01716423
0171c088
01721d04
01727996
0172d640
01733302
01738fda
0173ecc9
017449d0
0174a6ee
01750424
01756170
0175bed4
01761c50
017679e3
0176d78d
0177354e
01779327
0177f118
01784f20
0178ad40
01790b77
017969c5
0179c82c
017a26a9
017a853f
017ae3ec
017b42b1
017ba18d
017c0082
017c5f8e
017cbeb1
017d1ded
017d7d40
017ddcac
017e3c2f
017e9bca
017efb7d
017f5b47
017fbb2a
01801b25
01807b38
0180db63
01813ba6
01819c01
0181fc74
01825cff
0182bda2
01831e5e
01837f31
0183e01d
01844121
0184a23e
01850372
018564bf
0185c625
018627a3
01868939
0186eae7
01874cae
0187ae8e
01881085
01887296
0188d4bf
01893700
0189995a
0189fbcd
018a5e58
018ac0fc
018b23b9
018b868e
018be97c
018c4c83
018cafa2
018d12da
018d762c
018dd996
018e3d18
018ea0b4
018f0469
018f6836
018fcc1d
0190301c
01909435
0190f867
01915cb1
0191c115
01922592
01928a28
0192eed7
0193539f
0193b881
01941d7b
0194828f
0194e7bd
01954d03
0195b263
019617dc
01967d6f
0196e31b
019748e1
0197aec0
019814b8
01987aca
0198e0f5
0199473a
0199ad99
019a1411
019a7aa3
019ae14f
019b4814
019baef3
019c15eb
019c7cfe
019ce42a
019d4b70
019db2cf
019e1a49
019e81dd
019ee98a
019f5151
019fb933
01a0212e
01a08943
01a0f173
01a159bc
01a1c220
01a22a9d
01a29335
01a2fbe7
01a364b3
01a3cd99
01a4369a
01a49fb4
01a508e9
01a57239
01a5dba3
01a64527
01a6aec5
01a7187e
01a78251
01a7ec3f
01a85648
01a8c06a
01a92aa8
01a99500
01a9ff72
01aa69ff
01aad4a7
01ab3f6a
01abaa47
01ac153f
01ac8052
01aceb7f
01ad56c7
01adc22b
01ae2da9
01ae9941
01af04f5
01af70c4
01afdcae
01b048b2
01b0b4d2
01b1210d
01b18d62
01b1f9d3
01b2665f
01b2d307
01b33fc9
01b3aca6
01b4199f
01b486b3
01b4f3e3
01b5612d
01b5ce93
01b63c14
01b6a9b1
01b71769
01b7853d
01b7f32c
01b86137
01b8cf5d
01b93d9e
01b9abfb
01ba1a74
01ba8909
01baf7b9
01bb6685
01bbd56c
01bc446f
01bcb38e
01bd22c9
01bd9220
01be0192
01be7120
01bee0cb
01bf5091
01bfc073
01c03071
01c0a08b
01c110c1
01c18114
01c1f182
01c2620c
01c2d2b3
01c34376
01c3b455
01c42550
01c49667
01c5079b
01c578eb
01c5ea58
01c65be0
01c6cd85
01c73f47
01c7b125
01c82320
01c89537
01c9076a
01c979ba
01c9ec27
01ca5eb1
01cad157
01cb4419
01cbb6f9
01cc29f5
01cc9d0e
01cd1043
01cd8396
01cdf705
01ce6a91
01cede3a
01cf5200
01cfc5e3
01d039e3
01d0ae00
01d1223a
01d19691
01d20b06
01d27f97
01d2f445
01d36911
01d3ddfa
01d45300
01d4c823
01d53d64
01d5b2c2
01d6283e
01d69dd6
01d7138c
01d78960
01d7ff51
01d87560
01d8eb8c
01d961d6
01d9d83d
01da4ec2
01dac564
01db3c24
01dbb302
01dc29fe
01dca117
01dd184e
01dd8fa3
01de0716
01de7ea7
01def656
01df6e22
01dfe60d
01e05e15
01e0d63c
01e14e80
01e1c6e3
01e23f64
01e2b803
01e330c0
01e3a99b
01e42295
01e49bac
01e514e2
01e58e37
01e607aa
01e6813b
01e6faea
01e774b8
01e7eea5
01e868af
01e8e2d9
01e95d21
01e9d787
01ea520d
01eaccb1
01eb4773
01ebc254
01ec3d54
01ecb873
01ed33b0
01edaf0d
01ee2a88
01eea622
01ef21db
01ef9db3
01f019aa
01f095c0
01f111f5
01f18e49
01f20abc
01f2874e
01f30400
01f380d0
01f3fdc0
01f47acf
01f4f7fd
01f5754b
01f5f2b8
01f67044
01f6edf0
01f76bbb
01f7e9a6
01f867b0
01f8e5da
01f96423
01f9e28c
01fa6115
01fadfbd
01fb5e84
01fbdd6c
01fc5c73
01fcdb9a
01fd5ae1
01fdda48
01fe59ce
01fed974
01ff593b
01ffd921
02005927
0200d94e
02015994
0201d9fa
02025a81
0202db28
02035bef
0203dcd6
02045ddd
0204df05
0205604d
0205e1b5
0206633d
0206e4e6
020766b0
0207e89a
02086aa4
0208eccf
02096f1b
0209f187
020a7413
020af6c1
020b798f
020bfc7e
020c7f8d
020d02bd
020d860e
020e0980
020e8d13
020f10c7
020f949c
02101891
02109ca8
021120e0
0211a538
021229b2
0212ae4d
02133309
0213b7e7
02143ce5
0214c205
02154746
0215cca9
0216522d
0216d7d2
02175d99
0217e381
0218698a
0218efb6
02197602
0219fc71
021a8300
021b09b2
021b9085
021c177a
021c9e91
021d25ca
021dad24
021e34a0
021ebc3e
021f43fe
021fcbe0
022053e4
0220dc0a
02216452
0221ecbc
02227549
0222fdf7
022386c8
02240fba
022498d0
02252207
0225ab61
022634dd
0226be7b
0227483c
0227d21f
02285c25
0228e64d
02297098
0229fb06
022a8596
022b1048
022b9b1e
022c2616
022cb131
022d3c6f
022dc7cf
022e5352
022edef9
022f6ac2
022ff6ae
023082bd
02310eef
02319b45
023227bd
0232b459
02334117
0233cdf9
02345afe
0234e827
02357572
023602e1
02369074
02371e2a
0237ac03
02383a00
0238c820
02395664
0239e4cb
023a7356
023b0205
023b90d7
023c1fcd
023caee7
023d3e25
023dcd86
023e5d0c
023eecb5
023f7c82
02400c73
02409c88
02412cc1
0241bd1e
02424da0
0242de45
02436f0f
0243fffd
0244910f
02452245
0245b3a0
0246451f
0246d6c3
0247688b
0247fa77
02488c88
02491ebd
0249b117
024a4396
024ad639
024b6901
024bfbee
024c8eff
024d2235
024db590
024e4910
024edcb5
024f707e
0250046d
02509880
02512cb9
0251c117
0252559a
0252ea42
02537f0f
02541401
0254a919
02553e56
0255d3b8
02566940
0256feed
025794bf
02582ab7
0258c0d4
02595717
0259ed80
025a840e
025b1ac2
025bb19c
025c489b
025cdfc0
025d770b
025e0e7b
025ea612
025f3dce
025fd5b1
02606db9
026105e8
02619e3c
026236b7
0262cf58
0263681f
0264010c
02649a1f
02653359
0265ccb9
0266663f
0266ffec
026799bf
026833b9
0268cdd9
02696820
026a028d
026a9d21
026b37dc
026bd2bd
026c6dc5
026d08f4
026da44a
026e3fc6
026edb69
026f7734
02701325
0270af3d
02714b7d
0271e7e3
02728471
02732125
0273be01
02745b04
0274f82f
02759580
027632fa
0276d09a
02776e62
02780c51
0278aa68
027948a6
0279e70c
027a859a
027b244f
027bc32c
027c6231
027d015d
027da0b1
027e402e
027edfd2
027f7f9e
02801f91
0280bfad
02815ff1
0282005d
0282a0f1
028341ae
0283e292
0284839f
028524d4
0285c631
028667b7
02870965
0287ab3c
02884d3b
0288ef63
028991b3
028a342b
028ad6cd
028b7997
028c1c8a
028cbfa5
028d62e9
028e0657
028ea9ed
028f4dac
028ff193
029095a4
029139de
0291de41
029282cd
02932783
0293cc61
02947169
0295169a
0295bbf4
02966178
02970725
0297acfc
029852fc
0298f925
02999f78
029a45f5
029aec9b
029b936b
029c3a65
029ce188
029d88d6
029e304d
029ed7ee
029f7fb9
02a027ae
02a0cfcd
02a17816
02a22089
02a2c926
02a371ed
02a41adf
02a4c3fb
02a56d41
02a616b1
02a6c04c
02a76a11
02a81401
02a8be1b
02a96860
02aa12d0
02aabd6a
02ab682e
02ac131e
02acbe38
02ad697d
02ae14ed
02aec087
02af6c4d
02b0183e
02b0c459
02b170a0
02b21d11
02b2c9ae
02b37676
02b4236a
02b4d088
02b57dd2
02b62b47
02b6d8e7
02b786b3
02b834ab
02b8e2ce
02b9911c
02ba3f96
02baee3c
02bb9d0d
02bc4c0b
02bcfb34
02bdaa88
02be5a09
02bf09b5
02bfb98e
02c06992
02c119c2
02c1ca1f
02c27aa8
02c32b5c
02c3dc3d
02c48d4a
02c53e84
02c5efea
02c6a17c
02c7533a
02c80525
02c8b73d
02c96981
02ca1bf2
02cace8f
02cb8159
02cc3450
02cce773
02cd9ac4
02ce4e41
02cf01eb
02cfb5c2
02d069c6
02d11df7
02d1d255
02d286e0
02d33b98
02d3f07e
02d4a590
02d55ad0
02d6103e
02d6c5d8
02d77ba1
02d83196
02d8e7b9
02d99e0a
02da5488
02db0b34
02dbc20e
02dc7915
02dd304b
02dde7ae
02de9f3f
02df56fd
02e00eea
02e0c705
02e17f4e
02e237c4
02e2f069
02e3a93d
02e4623e
02e51b6e
02e5d4cc
02e68e58
02e74813
02e801fc
02e8bc14
02e9765a
02ea30cf
02eaeb73
02eba645
02ec6146
02ed1c76
02edd7d4
02ee9362
02ef4f1e
02f00b09
02f0c723
02f1836d
02f23fe5
02f2fc8d
02f3b963
02f47669
02f5339f
02f5f103
02f6ae97
02f76c5a
02f82a4d
02f8e870
02f9a6c2
02fa6543
02fb23f4
02fbe2d5
02fca1e6
02fd6126
02fe2096
02fee036
02ffa006
03006006
03012036
0301e096
0302a127
030361e7
030422d8
0304e3f8
0305a54a
030666cb
0307287d
0307ea5f
0308ac72
03096eb6
030a312a
030af3ce
030bb6a4
030c79aa
030d3ce0
030e0048
030ec3e1
030f87aa
03104ba4
03110fd0
0311d42c
031298ba
03135d79
03142269
0314e78a
0315acdc
03167260
03173816
0317fdfc
0318c415
03198a5e
031a50da
031b1787
031bde66
031ca576
031d6cb8
031e342d
031efbd2
031fc3aa
03208bb4
032153f0
03221c5e
0322e4fe
0323add1
032476d5
0325400c
03260975
0326d311
03279cdf
032866df
03293112
0329fb78
032ac610
032b90db
032c5bd9
032d2709
032df26c
032ebe02
032f89cb
033055c7
033121f6
0331ee58
0332baed
033387b6
033454b1
033521e0
0335ef42
0336bcd8
03378aa1
0338589d
033926cd
0339f530
033ac3c8
033b9292
033c6191
033d30c3
033e0029
033ecfc3
033f9f91
03406f93
03413fc9
03421033
0342e0d1
0343b1a3
034482aa
034553e5
03462554
0346f6f7
0347c8cf
03489adc
03496d1d
034a3f92
034b123d
034be51b
034cb82f
034d8b78
034e5ef5
034f32a7
0350068e
0350daaa
0351aefc
03528382
0353583d
03542d2e
03550254
0355d7af
0356ad40
03578306
03585901
03592f32
035a0599
035adc35
035bb307
035c8a0f
035d614c
035e38bf
035f1069
035fe848
0360c05d
036198a8
03627129
036349e0
036422ce
0364fbf2
0365d54c
0366aedc
036788a3
036862a1
03693cd5
036a173f
036af1e0
036bccb8
036ca7c7
036d830c
036e5e88
036f3a3b
03701625
0370f247
0371ce9f
0372ab2e
037387f4
037464f2
03754227
03761f93
0376fd37
0377db12
0378b924
0379976e
037a75f0
037b54a9
037c339a
037d12c3
037df224
037ed1bc
037fb18c
03809195
038171d5
0382524e
038332fe
038413e7
0384f508
0385d662
0386b7f4
038799be
03887bc0
03895dfc
038a406f
038b231c
038c0601
038ce91f
038dcc76
038eb005
038f93ce
039077cf
03915c0a
0392407d
0393252a
03940a10
0394ef2f
0395d487
0396ba19
03979fe4
039885e9
03996c27
039a529f
039b3951
039c203c
039d0761
039deec0
039ed658
039fbe2b
03a0a637
03a18e7e
03a276ff
03a35fb9
03a448af
03a531de
03a61b47
03a704eb
03a7eeca
03a8d8e3
03a9c336
03aaadc5
03ab988d
03ac8391
03ad6ecf
03ae5a48
03af45fc
03b031eb
03b11e15
03b20a7a
03b2f71b
03b3e3f6
03b4d10d
03b5be5e
03b6abec
03b799b4
03b887b9
03b975f8
03ba6474
03bb532b
03bc421d
03bd314c
03be20b6
03bf105c
03c0003e
03c0f05c
03c1e0b6
03c2d14d
03c3c21f
03c4b32e
03c5a479
03c69600
03c787c4
03c879c4
03c96c00
03ca5e7a
03cb5130
03cc4422
03cd3752
03ce2abe
03cf1e67
03d0124d
03d10670
03d1fad1
03d2ef6e
03d3e448
03d4d960
03d5ceb5
03d6c447
03d7ba17
03d8b024
03d9a66f
03da9cf8
03db93be
03dc8ac2
03dd8203
03de7983
03df7140
03e0693b
03e16175
03e259ec
03e352a2
03e44b95
03e544c7
03e63e38
03e737e6
03e831d4
03e92bff
03ea266a
03eb2113
03ec1bfa
03ed1721
03ee1286
03ef0e2a
03f00a0d
03f1062f
03f20290
03f2ff30
03f3fc10
03f4f92e
03f5f68c
03f6f42a
03f7f206
03f8f023
03f9ee7e
03faed1a
03fbebf5
03fceb10
03fdea6b
03feea05
03ffe9e0
0400e9fa
0401ea55
0402eaef
0403ebca
0404ece5
0405ee41
0406efdc
0407f1b9
0408f3d5
0409f632
040af8d0
040bfbaf
040cfece
040e022e
040f05cf
041009b1
04110dd4
04121238
041316dd
04141bc4
041520eb
04162654
04172bfe
041831ea
04193817
041a3e86
041b4537
041c4c29
041d535d
041e5ad3
041f628a
04206a84
042172bf
04227b3d
042383fd
04248cff
04259644
04269fca
0427a994
0428b39f
0429bded
042ac87e
042bd352
042cde68
042de9c1
042ef55d
0430013c
04310d5d
043219c2
0433266a
04343356
04354084
04364df6
04375bab
043869a4
043977e0
043a8660
043b9523
043ca42a
043db375
043ec304
043fd2d7
0440e2ed
0441f348
044303e7
044414ca
044525f1
0446375d
0447490d
04485b02
04496d3b
044a7fb8
044b927b
044ca582
044db8cd
044ecc5e
044fe034
0450f44e
045208ae
04531d52
0454323c
0455476c
04565ce0
0457729a
04588899
04599ede
045ab569
045bcc39
045ce34f
045dfaab
045f124c
04602a34
04614262
04625ad5
0463738f
04648c8f
0465a5d5
0466bf62
0467d935
0468f34f
046a0daf
046b2855
046c4343
046d5e77
046e79f2
046f95b4
0470b1bd
0471ce0d
0472eaa4
04740782
047524a8
04764215
04775fc9
04787dc5
04799c08
047aba93
047bd965
047cf87f
047e17e1
047f378b
0480577d
048177b7
04829839
0483b903
0484da16
0485fb70
04871d13
04883eff
04896133
048a83af
048ba675
048cc983
048decd9
048f1079
04903462
04915893
04927d0e
0493a1d2
0494c6df
0495ec35
049711d5
049837be
04995df1
049a846d
049bab33
049cd243
049df99c
049f2140
04a0492d
04a17164
04a299e6
04a3c2b1
04a4ebc7
04a61527
04a73ed2
04a868c7
04a99306
04aabd90
04abe865
04ad1384
04ae3eef
04af6aa4
04b096a4
04b1c2ef
04b2ef86
04b41c67
04b54994
04b6770c
04b7a4cf
04b8d2de
04ba0139
04bb2fdf
04bc5ed1
04bd8e0e
04bebd98
04bfed6d
04c11d8f
04c24dfc
04c37eb6
04c4afbb
04c5e10d
04c712ac
04c84497
04c976ce
04caa952
04cbdc23
04cd0f40
04ce42ab
04cf7662
04d0aa66
04d1deb7
04d31355
04d44841
04d57d79
04d6b2ff
04d7e8d3
04d91ef4
04da5562
04db8c1f
04dcc328
04ddfa80
04df3226
04e06a19
04e1a25b
04e2daea
04e413c8
04e54cf4
04e6866f
04e7c038
04e8fa4f
04ea34b5
04eb6f69
04ecaa6d
04ede5bf
04ef215f
04f05d4f
04f1998e
04f2d61c
04f412f9
04f55026
04f68da1
04f7cb6c
04f90987
04fa47f1
04fb86ab
04fcc5b5
04fe050e
04ff44b7
050084b0
0501c4f9
05030593
0504467c
050587b6
0506c940
05080b1b
05094d46
050a8fc1
050bd28e
050d15ab
050e5919
050f9cd7
0510e0e7
05122548
051369fa
0514aefd
0515f451
051739f7
05187fee
0519c637
051b0cd1
051c53bd
051d9afb
051ee28b
05202a6c
052172a0
0522bb26
052403fe
05254d28
052696a4
0527e073
05292a95
052a7509
052bbfcf
052d0ae8
052e5655
052fa214
0530ee26
05323a8b
05338743
0534d44e
053621ad
05376f5f
0538bd65
053a0bbe
053b5a6b
053ca96b
053df8bf
053f4868
05409864
0541e8b4
05433958
05448a51
0545db9d
05472d3e
05487f34
0549d17e
054b241d
054c7710
054dca58
054f1df5
055071e7
0551c62e
05531aca
05546fbc
0555c502
05571a9e
05587090
0559c6d7
055b1d73
055c7465
055dcbad
055f234b
05607b3f
0561d389
05632c29
0564851f
0565de6b
0567380e
05689207
0569ec57
056b46fe
056ca1fb
056dfd4f
056f58f9
0570b4fb
05721154
05736e04
0574cb0b
05762869
0577861f
0578e42c
057a4291
057ba14e
057d0062
057e5fce
057fbf92
05811fae
05828022
0583e0ee
05854212
0586a38f
05880564
05896792
058aca18
058c2cf7
058d902e
058ef3bf
059057a8
0591bbeb
05932086
0594857b
0595eac9
05975070
0598b671
059a1ccc
059b8380
059cea8d
059e51f5
059fb9b6
05a121d2
05a28a47
05a3f317
05a55c41
05a6c5c5
05a82fa4
05a999dd
05ab0471
05ac6f5f
05addaa9
05af464d
05b0b24c
05b21ea6
05b38b5b
05b4f86c
05b665d7
05b7d39f
05b941c1
05bab03f
05bc1f19
05bd8e4f
05befde1
05c06dce
05c1de17
05c34ebd
05c4bfbf
05c6311d
05c7a2d7
05c914ee
05ca8762
05cbfa32
05cd6d5f
05cee0e9
05d054d0
05d1c913
05d33db4
05d4b2b2
05d6280e
05d79dc6
05d913dc
05da8a50
05dc0122
05dd7851
05deefde
05e067c9
05e1e012
05e358b9
05e4d1be
05e64b22
05e7c4e4
05e93f04
05eab983
05ec3461
05edaf9d
05ef2b39
05f0a733
05f2238c
05f3a045
05f51d5d
05f69ad4
05f818aa
05f996e0
05fb1576
05fc946b
05fe13c0
05ff9375
0601138a
060293fe
060414d4
06059609
0607179f
06089995
060a1beb
060b9ea3
060d21bb
060ea534
0610290d
0611ad48
061331e4
0614b6e1
06163c40
0617c1ff
06194821
061acea3
061c5588
061ddcce
061f6476
0620ec81
062274ed
0623fdbb
062586ec
0627107e
06289a74
062a24cc
062baf86
062d3aa4
062ec624
06305207
0631de4d
06336af6
0634f802
06368572
06381345
0639a17c
063b3016
063cbf14
063e4e75
063fde3b
06416e64
0642fef2
06448fe4
0646213a
0647b2f5
06494514
064ad797
064c6a7f
064dfdcc
064f917e
06512595
0652ba11
06544ef2
0655e439
065779e4
06590ff6
065aa66c
065c3d49
065dd48b
065f6c33
06610441
06629cb5
06643590
0665ced0
06676877
06690284
066a9cf8
066c37d3
066dd314
066f6ebd
06710acc
0672a742
0674441f
0675e164
06777f10
06791d24
067abb9f
067c5a81
067df9cc
067f997e
06813999
0682da1b
06847b06
06861c59
0687be14
06896038
068b02c4
068ca5b9
068e4917
068fecde
0691910e
069335a6
0694daa8
06968014
069825e9
0699cc27
069b72cf
069d19e0
069ec15c
06a06941
06a21190
06a3ba4a
06a5636d
06a70cfb
06a8b6f4
06aa6157
06ac0c25
06adb75d
06af6300
06b10f0f
06b2bb88
06b4686c
06b615bc
06b7c377
06b9719e
06bb2030
06bccf2e
06be7e98
06c02e6d
06c1deaf
06c38f5d
06c54077
06c6f1fd
06c8a3f0
06ca564f
06cc091b
06cdbc54
06cf6ff9
06d1240c
06d2d88b
06d48d78
06d642d2
06d7f899
06d9aece
06db6571
06dd1c81
06ded3ff
06e08beb
06e24445
06e3fd0d
06e5b644
06e76fe8
06e929fc
06eae47e
06ec9f6e
06ee5acd
06f0169b
06f1d2d9
06f38f85
06f54ca0
06f70a2b
06f8c826
06fa868f
06fc4569
06fe04b2
06ffc46b
07018494
0703452e
07050637
0706c7b1
0708899b
070a4bf6
070c0ec1
070dd1fd
070f95aa
071159c8
07131e57
0714e357
0716a8c9
07186eab
071a3500
071bfbc6
071dc2fe
071f8aa8
072152c3
07231b51
0724e451
0726adc3
072877a8
072a41ff
072c0cc9
072dd805
072fa3b5
07316fd7
07333c6d
07350976
0736d6f2
0738a4e1
073a7344
073c421b
073e1165
073fe123
0741b156
074381fc
07455317
074724a6
0748f6a9
074ac921
074c9c0e
074e6f6f
07504346
07521791
0753ec51
0755c187
07579732
07596d53
075b43e9
075d1af5
075ef276
0760ca6e
0762a2dc
07647bbf
0766551a
07682eea
076a0931
076be3ef
076dbf23
076f9ace
077176f0
0773538a
0775309a
07770e22
0778ec21
077aca98
077ca987
077e88ed
078068cb
07824921
078429f0
07860b36
0787ecf5
0789cf2d
078bb1dd
078d9506
078f78a8
07915cc2
07934156
07952663
07970be9
0798f1e9
079ad862
079cbf55
079ea6c2
07a08ea9
07a27709
07a45fe4
07a64939
07a83309
07aa1d53
07ac0818
07adf357
07afdf11
07b1cb47
07b3b7f7
07b5a523
07b792ca
07b980ec
07bb6f8a
07bd5ea4
07bf4e39
07c13e4b
07c32ed9
07c51fe2
07c71169
07c9036b
07caf5ea
07cce8e6
07cedc5f
07d0d054
07d2c4c7
07d4b9b7
07d6af24
07d8a50e
07da9b77
07dc925c
07de89c0
07e081a1
07e27a01
07e472de
07e66c3a
07e86614
07ea606d
07ec5b45
07ee569b
07f05270
07f24ec4
07f44b97
07f648ea
07f846bc
07fa450d
07fc43de
07fe432f
08004300
08024351
08044422
08064573
08084745
080a4997
080c4c69
080e4fbd
08105391
081257e7
08145cbd
08166215
081867ee
081a6e49
081c7526
081e7c84
08208464
08228cc6
082495aa
08269f11
0828a8fa
082ab365
082cbe54
082ec9c5
0830d5b9
0832e22f
0834ef2a
0836fca7
08390aa8
083b192c
083d2835
083f37c1
084147d1
08435865
0845697d
08477b19
08498d3a
084b9fe0
084db30a
084fc6ba
0851daee
0853efa7
085604e6
08581aaa
085a30f3
085c47c2
085e5f17
086076f2
08628f52
0864a839
0866c1a7
0868db9a
086af614
086d1115
086f2c9d
087148ac
08736541
0875825e
0877a003
0879be2e
087bdce2
087dfc1d
08801be0
08823c2b
08845cfe
08867e59
0888a03d
088ac2aa
088ce59f
088f091c
08912d23
089351b3
089576cc
08979c6f
0899c29a
089be950
089e108f
08a03858
08a260ab
08a48989
08a6b2f0
08a8dce2
08ab075f
08ad3266
08af5df8
08b18a15
08b3b6bd
08b5e3f0
08b811af
08ba3ff9
08bc6ecf
08be9e31
08c0ce1e
08c2fe98
08c52f9d
08c76130
08c9934e
08cbc5f9
08cdf931
08d02cf6
08d26148
08d49627
08d6cb93
08d9018c
08db3814
08dd6f28
08dfa6cb
08e1defc
08e417bb
08e65108
08e88ae3
08eac54d
08ed0046
08ef3bce
08f177e4
08f3b48a
08f5f1be
08f82f82
08fa6dd6
08fcacb9
08feec2c
09012c30
09036cc3
0905ade6
0907ef9a
090a31de
090c74b3
090eb818
0910fc0f
09134096
091585af
0917cb59
091a1195
091c5862
091e9fc1
0920e7b2
09233035
0925794a
0927c2f2
092a0d2c
092c57f8
092ea358
0930ef4a
09333bcf
093588e8
0937d694
093a24d3
093c73a6
093ec30d
09411308
09436397
0945b4ba
09480671
094a58bd
094cab9d
094eff13
0951531d
0953a7bc
0955fcf1
095852bb
095aa91a
095d0010
095f579a
0961afbb
09640872
096661c0
0968bba3
096b161e
096d712e
096fccd6
09722915
097485eb
0976e358
0979415c
097b9ff9
097dff2d
09805ef8
0982bf5c
09852058
098781ec
0989e419
098c46de
098eaa3d
09910e34
099372c4
0995d7ed
09983db0
099aa40c
099d0b02
099f7291
09a1dabb
09a4437f
09a6acdd
09a916d5
09ab8168
09adec96
09b0585f
09b2c4c2
09b531c1
09b79f5b
09ba0d91
09bc7c62
09beebcf
09c15bd8
09c3cc7d
09c63dbe
09c8af9c
09cb2216
09cd952d
09d008e1
09d27d32
09d4f21f
09d767ab
09d9ddd3
09dc549a
09decbfe
09e14400
09e3bca0
09e635de
09e8afbb
09eb2a36
09eda550
09f02109
09f29d60
09f51a57
09f797ee
09fa1623
09fc94f9
09ff146e
0a019483
0a041538
0a06968e
0a091884
0a0b9b1a
0a0e1e51
0a10a229
0a1326a2
0a15abbd
0a183178
0a1ab7d5
0a1d3ed4
0a1fc675
0a224eb8
0a24d79c
0a276123
0a29eb4d
0a2c7619
0a2f0188
0a318d9a
0a341a4f
0a36a7a7
0a3935a3
0a3bc442
0a3e5385
0a40e36c
0a4373f7
0a460526
0a4896f9
0a4b2971
0a4dbc8e
0a505050
0a52e4b6
0a5579c2
0a580f73
0a5aa5ca
0a5d3cc6
0a5fd468
0a626cb0
0a65059f
0a679f33
0a6a396e
0a6cd450
0a6f6fd9
0a720c08
0a74a8df
0a77465d
0a79e482
0a7c834f
0a7f22c4
0a81c2e0
0a8463a5
0a870512
0a89a728
0a8c49e6
0a8eed4d
0a91915d
0a943615
0a96db78
0a998183
0a9c2838
0a9ecf97
0aa177a0
0aa42053
0aa6c9b0
0aa973b8
0aac1e6a
0aaec9c7
0ab175cf
0ab42282
0ab6cfe1
0ab97dea
0abc2ca0
0abedc01
0ac18c0e
0ac43cc7
0ac6ee2c
0ac9a03e
0acc52fc
0acf0668
0ad1ba80
0ad46f45
0ad724b7
0ad9dad7
0adc91a5
0adf4920
0ae20149
0ae4ba21
0ae773a7
0aea2ddb
0aece8bd
0aefa44f
0af26090
0af51d7f
0af7db1f
0afa996d
0afd586b
0b001819
0b02d877
0b059986
0b085b44
0b0b1db3
0b0de0d3
0b10a4a4
0b136925
0b162e58
0b18f43d
0b1bbad3
0b1e821a
0b214a14
0b2412bf
0b26dc1d
0b29a62d
0b2c70f0
0b2f3c66
0b32088f
0b34d56a
0b37a2f9
0b3a713c
0b3d4032
0b400fdc
0b42e03a
0b45b14c
0b488313
0b4b558e
0b4e28be
0b50fca2
0b53d13c
0b56a68b
0b597c8f
0b5c5349
0b5f2ab9
0b6202df
0b64dbba
0b67b54d
0b6a8f95
0b6d6a94
0b70464a
0b7322b8
0b75ffdc
0b78ddb8
0b7bbc4b
0b7e9b96
0b817b99
0b845c54
0b873dc7
0b8a1ff3
0b8d02d7
0b8fe674
0b92caca
0b95afda
0b9895a2
0b9b7c24
0b9e6360
0ba14b56
0ba43406
0ba71d70
0baa0795
0bacf274
0bafde0e
0bb2ca63
0bb5b773
0bb8a53f
0bbb93c6
0bbe8309
0bc17308
0bc463c2
0bc7553a
0bca476d
0bcd3a5d
0bd02e0a
0bd32274
0bd6179c
0bd90d80
0bdc0422
0bdefb82
0be1f3a0
0be4ec7c
0be7e617
0beae06f
0beddb87
0bf0d75d
0bf3d3f3
0bf6d147
0bf9cf5b
0bfcce2f
0bffcdc2
0c02ce16
0c05cf2a
0c08d0fe
0c0bd392
0c0ed6e7
0c11dafe
0c14dfd5
0c17e56e
0c1aebc8
0c1df2e4
0c20fac1
0c240361
0c270cc3
0c2a16e7
0c2d21cf
0c302d78
0c3339e5
0c364715
0c395509
0c3c63c0
0c3f733b
0c42837a
0c45947d
0c48a644
0c4bb8d0
0c4ecc20
0c51e036
0c54f511
0c580ab1
0c5b2116
0c5e3841
0c615032
0c6468e9
0c678267
0c6a9cab
0c6db7b5
0c70d387
0c73f01f
0c770d7f
0c7a2ba6
0c7d4a95
0c806a4b
0c838aca
0c86ac11
0c89ce20
0c8cf0f8
0c901498
0c933902
0c965e35
0c998431
0c9caaf7
0c9fd287
0ca2fae1
0ca62404
0ca94df3
0cac78ab
0cafa42f
0cb2d07e
0cb5fd97
0cb92b7c
0cbc5a2d
0cbf89aa
0cc2b9f2
0cc5eb07
0cc91ce8
0ccc4f95
0ccf830f
0cd2b757
0cd5ec6b
0cd9224d
0cdc58fc
0cdf907a
0ce2c8c5
0ce601de
0ce93bc6
0cec767c
0cefb201
0cf2ee55
0cf62b78
0cf9696b
0cfca82d
0cffe7bf
0d032821
0d066953
0d09ab56
0d0cee29
0d1031cd
0d137642
0d16bb88
0d1a01a0
0d1d4889
0d209044
0d23d8d1
0d272230
0d2a6c62
0d2db767
0d31033e
0d344fe8
0d379d66
0d3aebb7
0d3e3adc
0d418ad5
0d44dba1
0d482d43
0d4b7fb8
0d4ed303
0d522722
0d557c16
0d58d1e0
0d5c287f
0d5f7ff4
0d62d83f
0d663160
0d698b58
0d6ce626
0d7041cb
0d739e47
0d76fb9a
0d7a59c5
0d7db8c7
0d8118a1
0d847954
0d87dade
0d8b3d41
0d8ea07d
0d920491
0d95697f
0d98cf46
0d9c35e7
0d9f9d61
0da305b6
0da66ee4
0da9d8ed
0dad43d1
0db0af8f
0db41c29
0db7899d
0dbaf7ed
0dbe6719
0dc1d721
0dc54805
0dc8b9c5
0dcc2c62
0dcf9fdb
0dd31432
0dd68966
0dd9ff77
0ddd7665
0de0ee32
0de466dd
0de7e065
0deb5acd
0deed613
0df25238
0df5cf3c
0df94d20
0dfccbe3
0e004b86
0e03cc09
0e074d6c
0e0acfaf
0e0e52d4
0e11d6d9
0e155bbf
0e18e187
0e1c6830
0e1fefbb
0e237828
0e270177
0e2a8ba9
0e2e16bd
0e31a2b4
0e352f8e
0e38bd4c
0e3c4bed
0e3fdb72
0e436bdb
0e46fd28
0e4a8f5a
0e4e2270
0e51b66b
0e554b4b
0e58e111
0e5c77bc
0e600f4d
0e63a7c3
0e674121
0e6adb64
0e6e768e
0e72129f
0e75af98
0e794d77
0e7cec3f
0e808bee
0e842c85
0e87ce04
0e8b706c
0e8f13bc
0e92b7f6
0e965d18
0e9a0324
0e9daa1a
0ea151f9
0ea4fac3
0ea8a477
0eac4f15
0eaffa9e
0eb3a713
0eb75472
0ebb02bd
0ebeb1f3
0ec26216
0ec61325
0ec9c520
0ecd7807
0ed12bdc
0ed4e09d
0ed8964c
0edc4ce8
0ee00473
0ee3bceb
0ee77651
0eeb30a6
0eeeebea
0ef2a81c
0ef6653e
0efa234f
0efde24f
0f01a240
0f056321
0f0924f2
0f0ce7b3
0f10ab66
0f147009
0f18359e
0f1bfc24
0f1fc39c
0f238c06
0f275562
0f2b1fb0
0f2eeaf2
0f32b726
0f36844d
0f3a5268
0f3e2177
0f41f179
0f45c270
0f49945a
0f4d673a
0f513b0e
0f550fd7
0f58e596
0f5cbc4a
0f6093f4
0f646c94
0f68462b
0f6c20b8
0f6ffc3b
0f73d8b6
0f77b628
0f7b9491
0f7f73f2
0f83544b
0f87359c
0f8b17e6
0f8efb28
0f92df63
0f96c498
0f9aaac6
0f9e91ed
0fa27a0f
0fa6632b
0faa4d41
0fae3851
0fb2245d
0fb61163
0fb9ff66
0fbdee63
0fc1de5d
0fc5cf53
0fc9c145
0fcdb433
0fd1a81f
0fd59d07
0fd992ed
0fdd89d1
0fe181b2
0fe57a92
0fe97470
0fed6f4c
0ff16b27
0ff56802
0ff965dc
0ffd64b5
1001648e
10056567
10096741
100d6a1b
10116df6
101572d2
101978af
101d7f8e
1021876f
10259052
10299a38
102da51f
1031b10a
1035bdf8
1039cbe9
103ddade
1041ead7
1045fbd4
104a0dd5
104e20db
105234e5
105649f5
105a600a
105e7725
10628f46
1066a86d
106ac29a
106eddce
1072fa09
1077174b
107b3595
107f54e6
10837540
108796a1
108bb90b
108fdc7e
109400f9
1098267e
109c4d0d
10a074a5
10a49d47
10a8c6f4
10acf1ab
10b11d6c
10b54a39
10b97812
10bda6f5
10c1d6e5
10c607e1
10ca39e9
10ce6cfe
10d2a120
10d6d64f
10db0c8b
10df43d5
10e37c2d
10e7b593
10ebf008
10f02b8b
10f4681e
10f8a5bf
10fce471
11012432
11056503
1109a6e4
110de9d6
11122dd9
111672ed
111ab913
111f004a
11234893
112791ee
112bdc5c
113027dd
11347470
1138c217
113d10d1
114160a0
1145b182
114a0378
114e5684
1152aaa4
1156ffd9
115b5624
115fad84
116405fb
11685f87
116cba2a
117115e4
117572b6
1179d09e
117e2f9e
11828fb6
1186f0e6
118b532e
118fb690
11941b0a
1198809d
119ce74a
11a14f11
11a5b7f2
11aa21ed
11ae8d03
11b2f934
11b7667f
11bbd4e7
11c0446a
11c4b509
11c926c5
11cd999d
11d20d92
11d682a4
11daf8d3
11df7020
11e3e88b
11e86214
11ecdcbc
11f15883
11f5d569
11fa536e
11fed292
120352d7
1207d43c
120c56c1
1210da67
12155f2f
1219e517
121e6c21
1222f44d
12277d9b
122c080c
123093a0
12352056
1239ae30
123e3d2d
1242cd4e
12475e94
124bf0fe
1250848d
12551940
1259af19
125e4618
1262de3c
12677787
126c11f8
1270ad90
12754a4f
1279e835
127e8743
12832779
1287c8d7
128c6b5e
12910f0d
1295b3e5
129a59e7
129f0112
12a3a968
12a852e7
12acfd91
12b1a966
12b65666
12bb0491
12bfb3e8
12c4646b
12c9161b
12cdc8f7
12d27cff
12d73235
12dbe898
12e0a02a
12e558e9
12ea12d6
12eecdf2
12f38a3d
12f847b7
12fd0661
1301c63b
13068744
130b497e
13100ce9
1314d185
13199752
131e5e51
13232681
1327efe4
132cba79
13318641
1336533d
133b216b
133ff0cd
1344c164
1349932e
134e662d
13533a61
13580fcb
135ce669
1361be3e
13669749
136b718a
13704d01
137529b0
137a0796
137ee6b4
1383c70a
1388a898
138d8b5e
13926f5e
13975496
139c3b08
13a122b4
13a60b99
13aaf5ba
13afe114
13b4cdaa
13b9bb7b
13beaa88
13c39ad1
13c88c56
13cd7f17
13d27315
13d76851
13dc5ec9
13e15680
13e64f75
13eb49a8
13f0451a
13f541cb
13fa3fbb
13ff3eeb
14043f5a
1409410a
140e43fb
1413482c
14184d9f
141d5453
14225c49
14276582
142c6ffc
14317bba
143688ba
143b96fe
1440a686
1445b752
144ac962
144fdcb6
1454f150
145a072f
145f1e54
146436be
1469506f
146e6b67
147387a5
1478a52b
147dc3f8
1482e40d
1488056a
148d280f
14924bfe
14977136
149c97b7
14a1bf82
14a6e897
14ac12f6
14b13ea0
14b66b95
14bb99d6
14c0c962
14c5fa3b
14cb2c60
14d05fd1
14d59490
14daca9c
14e001f5
14e53a9d
14ea7492
14efafd7
14f4ec6b
14fa2a4d
14ff6980
1504aa02
1509ebd5
150f2ef8
1514736c
1519b932
151f0049
152448b2
1529926e
152edd7c
153429dc
15397791
153ec698
154416f4
154968a4
154ebba8
15541002
155965b1
155ebcb5
1564150f
15696ec0
156ec9c7
15742625
157983da
157ee2e7
1584434b
1589a508
158f081e
15946c8c
1599d254
159f3976
15a4a1f1
15aa0bc7
15af76f7
15b4e382
15ba5169
15bfc0ab
15c53149
15caa344
15d0169b
15d58b4f
15db0161
15e078d0
15e5f19e
15eb6bc9
15f0e754
15f6643d
15fbe286
1601622e
1606e337
160c65a0
1611e96a
16176e95
161cf521
16227d10
16280660
162d9113
16331d29
1638aaa2
163e397e
1643c9be
16495b63
164eee6c
165482da
165a18ae
165fafe7
16654886
166ae28b
16707df7
16761aca
167bb905
168158a7
1686f9b1
168c9c24
16923fff
1697e544
169d8bf2
16a3340a
16a8dd8c
16ae8879
16b434d1
16b9e293
16bf91c2
16c5425c
16caf463
16d0a7d7
16d65cb7
16dc1305
16e1cac1
16e783eb
16ed3e83
16f2fa8a
16f8b800
16fe76e6
1704373c
1709f902
170fbc39
171580e0
171b46f9
17210e84
1726d781
172ca1f0
17326dd2
17383b27
173e09ef
1743da2c
1749abdd
174f7f02
1755539c
175b29ac
17610131
1766da2d
176cb49e
17729087
17786de7
177e4cbe
17842d0d
178a0ed5
178ff215
1795d6ce
179bbd00
17a1a4ac
17a78dd3
17ad7873
17b3648f
17b95226
17bf4138
17c531c7
17cb23d1
17d11759
17d70c5d
17dd02df
17e2fadf
17e8f45d
17eeef59
17f4ebd4
17fae9cf
1800e949
1806ea44
180cecbf
1812f0ba
1818f637
181efd35
182505b6
182b0fb8
18311b3e
18372846
183d36d2
184346e2
18495876
184f6b8e
1855802c
185b964e
1861adf7
1867c725
186de1db
1873fe16
187a1bda
18803b25
18865bf7
188c7e53
1892a237
1898c7a4
189eee9b
18a5171b
18ab4126
18b16cbc
18b799dd
18bdc889
18c3f8c1
18ca2a86
18d05dd7
18d692b5
18dcc920
18e30119
18e93aa1
18ef75b7
18f5b25c
18fbf090
19023054
190871a8
190eb48d
1914f903
191b3f0a
192186a2
1927cfcd
192e1a8a
193466db
193ab4be
19410435
19475540
194da7e0
1953fc14
195a51de
1960a93d
19670233
196d5cbf
1973b8e1
197a169b
198075ed
1986d6d6
198d3958
19939d73
199a0327
19a06a75
19a6d35c
19ad3ddf
19b3a9fc
19ba17b4
19c08708
19c6f7f7
19cd6a84
19d3dead
19da5473
19e0cbd7
19e744d9
19edbf7a
19f43bb9
19fab998
1a013916
1a07ba34
1a0e3cf3
1a14c153
1a1b4754
1a21cef7
1a28583c
1a2ee323
1a356fad
1a3bfddb
1a428dac
1a491f22
1a4fb23c
1a5646fb
1a5cdd60
1a63756a
1a6a0f1b
1a70aa72
1a774770
1a7de616
1a848663
1a8b2859
1a91cbf7
1a98713f
1a9f1830
1aa5c0cb
1aac6b11
1ab31701
1ab9c49c
1ac073e3
1ac724d6
1acdd776
1ad48bc2
1adb41bc
1ae1f963
1ae8b2b9
1aef6dbd
1af62a70
1afce8d2
1b03a8e4
1b0a6aa7
1b112e1a
1b17f33e
1b1eba14
1b25829b
1b2c4cd5
1b3318c2
1b39e662
1b40b5b5
1b4786bd
1b4e5979
1b552de9
1b5c0410
1b62dbec
1b69b57e
1b7090c7
1b776dc6
1b7e4c7e
1b852ced
1b8c0f14
1b92f2f4
1b99d88e
1ba0bfe1
1ba7a8ee
1bae93b5
1bb58038
1bbc6e76
1bc35e6f
1bca5025
1bd14397
1bd838c7
1bdf2fb4
1be6285f
1bed22c8
1bf41ef0
1bfb1cd8
1c021c7f
1c091de6
1c10210e
1c1725f7
1c1e2ca1
1c25350d
1c2c3f3c
1c334b2d
1c3a58e2
1c41685a
1c487996
1c4f8c97
1c56a15c
1c5db7e8
1c64d039
1c6bea50
1c73062e
1c7a23d3
1c814340
1c886475
1c8f8772
1c96ac39
1c9dd2c9
1ca4fb22
1cac2546
1cb35135
1cba7eef
1cc1ae75
1cc8dfc6
1cd012e5
1cd747d0
1cde7e89
1ce5b70f
1cecf164
1cf42d88
1cfb6b7b
1d02ab3e
1d09ecd1
1d113035
1d187569
1d1fbc70
1d270548
1d2e4ff2
1d359c70
1d3ceac1
1d443ae5
1d4b8cde
1d52e0ac
1d5a364f
1d618dc7
1d68e716
1d70423b
1d779f37
1d7efe0b
1d865eb6
1d8dc13a
1d952597
1d9c8bcd
1da3f3dd
1dab5dc7
1db2c98c
1dba372c
1dc1a6a8
1dc91800
1dd08b34
1dd80045
1ddf7734
1de6f001
1dee6aad
1df5e737
1dfd65a0
1e04e5ea
1e0c6813
1e13ec1e
1e1b720a
1e22f9d7
1e2a8387
1e320f19
1e399c8e
1e412be7
1e48bd25
1e505046
1e57e54d
1e5f7c39
1e67150b
1e6eafc4
1e764c63
1e7deaea
1e858b59
1e8d2db0
1e94d1f0
1e9c7819
1ea4202c
1eabca29
1eb37611
1ebb23e4
1ec2d3a3
1eca854e
1ed238e6
1ed9ee6b
1ee1a5dd
1ee95f3e
1ef11a8d
1ef8d7cb
1f0096f9
1f085817
1f101b26
1f17e025
1f1fa716
1f276ff9
1f2f3ace
1f370796
1f3ed652
1f46a701
1f4e79a6
1f564e3e
1f5e24cd
1f65fd51
1f6dd7cc
1f75b43d
1f7d92a6
1f857307
1f8d5560
1f9539b1
1f9d1ffd
1fa50842
1facf281
1fb4debb
1fbcccf0
1fc4bd22
1fccaf4f
1fd4a379
1fdc99a1
1fe491c6
1fec8bea
1ff4880d
1ffc862e
20048650
200c8872
20148c94
201c92b8
20249ade
202ca506
2034b130
203cbf5e
2044cf90
204ce1c6
2054f601
205d0c42
20652488
206d3ed4
20755b27
207d7982
208599e4
208dbc4f
2095e0c2
209e073f
20a62fc6
20ae5a57
20b686f4
20beb59b
20c6e64f
20cf190e
20d74ddb
20df84b6
20e7bd9e
20eff895
20f8359a
210074af
2108b5d5
2110f90b
21193e51
212185aa
2129cf14
21321a92
213a6822
2142b7c6
214b097e
21535d4b
215bb32d
21640b25
216c6533
2174c157
217d1f93
21857fe7
218de254
219646d9
219ead77
21a71630
21af8102
21b7edf0
21c05cfa
21c8ce1f
21d14161
21d9b6c0
21e22e3c
21eaa7d7
21f32390
21fba169
22042161
220ca37a
221527b3
221dae0e
2226368a
222ec129
22374deb
223fdcd0
22486dda
22510108
2259965a
22622dd3
226ac772
22736337
227c0123
2284a138
228d4374
2295e7d9
229e8e68
22a73721
22afe204
22b88f12
22c13e4c
22c9efb1
22d2a344
22db5903
22e410f0
22eccb0c
22f58756
22fe45d0
23070679
230fc953
23188e5e
2321559a
232a1f09
2332eaaa
233bb87f
23448887
234d5ac3
23562f34
235f05db
2367deb7
2370b9ca
23799714
23827696
238b5850
23943c42
239d226e
23a60ad4
23aef574
23b7e24f
23c0d165
23c9c2b8
23d2b647
23dbac13
23e4a41d
23ed9e65
23f69aec
23ff99b3
24089ab9
24119e00
241aa388
2423ab52
242cb55e
2435c1ad
243ed03f
2447e115
2450f430
245a0990
24632135
246c3b21
24755753
247e75cc
2487968e
2490b998
2499deeb
24a30688
24ac306e
24b55ca0
24be8b1d
24c7bbe6
24d0eefb
24da245d
24e35c0d
24ec960c
24f5d259
24ff10f5
250851e1
2511951e
251adaac
2524228c
252d6cbd
2536b942
2540081a
25495946
2552acc7
255c029d
25655ac9
256eb54b
25781223
25817154
258ad2dc
259436bd
259d9cf8
25a7058c
25b0707b
25b9ddc5
25c34d6a
25ccbf6b
25d633ca
25dfaa86
25e9239f
25f29f18
25fc1cef
26059d26
260f1fbe
2618a4b6
26222c10
262bb5cd
263541eb
263ed06e
26486154
2651f49f
265b8a4e
26652264
266ebce0
267859c3
2681f90d
268b9abf
26953eda
269ee55f
26a88e4d
26b239a6
26bbe76a
26c5979a
26cf4a36
26d8ff3f
26e2b6b6
26ec709b
26f62cef
26ffebb2
2709ace5
27137088
271d369d
2726ff24
2730ca1d
273a9789
27446769
274e39bd
27580e86
2761e5c5
276bbf79
27759ba4
277f7a47
27895b62
27933ef5
279d2501
27a70d88
27b0f888
27bae604
27c4d5fc
27cec86f
27d8bd60
27e2b4ce
27ecaebb
27f6ab26
2800aa10
280aab7b
2814af66
281eb5d3
2828bec2
2832ca33
283cd827
2846e89f
2850fb9b
285b111d
28652924
286f43b2
287960c6
28838062
288da287
2897c734
28a1ee6a
28ac182b
28b64477
28c0734e
28caa4b1
28d4d8a0
28df0f1d
28e94828
28f383c1
28fdc1ea
290802a3
291245ec
291c8bc6
2926d432
29311f30
293b6cc1
2945bce7
29500fa0
295a64ef
2964bcd3
296f174d
2979745f
2983d408
298e3649
29989b23
29a30297
29ad6ca5
29b7d94d
29c24891
29ccba72
29d72eef
29e1a609
29ec1fc2
29f69c1a
2a011b10
2a0b9ca7
2a1620df
2a20a7b8
2a2b3133
2a35bd51
2a404c12
2a4add77
2a557181
2a600830
2a6aa185
2a753d81
2a7fdc24
2a8a7d6f
2a952163
2a9fc800
2aaa7147
2ab51d39
2abfcbd6
2aca7d1f
2ad53115
2adfe7b8
2aeaa109
2af55d09
2b001bb8
2b0add17
2b15a126
2b2067e8
2b2b315b
2b35fd80
2b40cc5a
2b4b9de7
2b567229
2b614920
2b6c22ce
2b76ff32
2b81de4d
2b8cc021
2b97a4ae
2ba28bf4
2bad75f4
2bb862af
2bc35226
2bce4458
2bd93948
2be430f5
2bef2b61
2bfa288b
2c052875
2c102b20
2c1b308b
2c2638b8
2c3143a7
2c3c515a
2c4761d0
2c52750b
2c5d8b0b
2c68a3d1
2c73bf5d
2c7eddb1
2c89fecc
2c9522b0
2ca0495e
2cab72d5
2cb69f18
2cc1ce25
2cccffff
2cd834a5
2ce36c19
2ceea65c
2cf9e36d
2d05234e
2d1065ff
2d1bab81
2d26f3d5
2d323efb
2d3d8cf4
2d48ddc2
2d543164
2d5f87db
2d6ae128
2d763d4b
2d819c47
2d8cfe1a
2d9862c6
2da3ca4b
2daf34ab
2dbaa1e6
2dc611fc
2dd184ef
2ddcfabf
2de8736d
2df3eef9
2dff6d65
2e0aeeb0
2e1672dc
2e21f9ea
2e2d83d9
2e3910ac
2e44a062
2e5032fc
2e5bc87c
2e6760e1
2e72fc2c
2e7e9a5f
2e8a3b7a
2e95df7d
2ea1866a
2ead3041
2eb8dd02
2ec48caf
2ed03f49
2edbf4cf
2ee7ad43
2ef368a6
2eff26f8
2f0ae83a
2f16ac6c
2f227390
2f2e3da6
2f3a0aaf
2f45daac
2f51ad9d
2f5d8383
2f695c5f
2f753831
2f8116fb
2f8cf8bd
2f98dd78
2fa4c52c
2fb0afdb
2fbc9d84
2fc88e2a
2fd481cc
2fe0786b
2fec7208
2ff86ea4
30046e40
301070dc
301c7678
30287f17
30348ab8
3040995d
304cab05
3058bfb2
3064d765
3070f21e
307d0fdf
308930a7
30955477
30a17b51
30ada535
30b9d224
30c6021e
30d23525
30de6b39
30eaa45b
30f6e08c
31031fcc
310f621c
311ba77d
3127eff0
31343b75
31408a0e
314cdbba
3159307c
31658853
3171e340
317e4145
318aa261
31970696
31a36de5
31afd84d
31bc45d1
31c8b671
31d52a2d
31e1a106
31ee1afd
31fa9814
3207184a
32139ba0
32202218
322cabb1
3239386e
3245c84e
32525b52
325ef17c
326b8acb
32782741
3284c6df
329169a5
329e0f94
32aab8ad
32b764f1
32c41460
32d0c6fb
32dd7cc4
32ea35ba
32f6f1df
3303b133
331073b8
331d396d
332a0255
3336ce6f
33439dbc
3350703e
335d45f5
336a1ee1
3376fb04
3383da5f
3390bcf2
339da2be
33aa8bc3
33b77804
33c46780
33d15a38
33de502d
33eb4960
33f845d2
34054583
34124875
341f4ea8
342c581d
343964d4
344674cf
3453880f
34609e94
346db85e
347ad570
3487f5c9
3495196b
34a24056
34af6a8c
34bc980c
34c9c8d8
34d6fcf1
34e43457
34f16f0b
34fead0e
350bee62
35193306
35267afc
3533c644
354114df
354e66ce
355bbc13
356914ad
3576709d
3583cfe5
35913286
359e987f
35ac01d2
35b96e80
35c6de8a
35d451f0
35e1c8b3
35ef42d4
35fcc055
360a4135
3617c575
36254d18
3632d81c
36406684
364df850
365b8d80
36692617
3676c214
36846178
36920445
369faa7b
36ad541a
36bb0125
36c8b19b
36d6657e
36e41cce
36f1d78d
36ff95ba
370d5758
371b1c66
3728e4e6
3736b0d9
3744803f
37525319
37602969
376e032e
377be06b
3789c11f
3797a54c
37a58cf2
37b37812
37c166ae
37cf58c6
37dd4e5b
37eb476d
37f943ff
38074410
381547a1
38234eb4
38315949
383f6761
384d78fd
385b8e1e
3869a6c4
3877c2f1
3885e2a6
389405e3
38a22ca9
38b056fa
38be84d5
38ccb63c
38daeb30
38e923b2
38f75fc2
39059f62
3913e292
39222954
393073a7
393ec18e
394d1309
395b6818
3969c0bd
39781cf9
39867ccc
3994e037
39a3473c
39b1b1db
39c02015
39ce91eb
39dd075f
39eb806f
39f9fd1f
3a087d6e
3a17015e
3a2588ef
3a341423
3a42a2fa
3a513575
3a5fcb95
3a6e655b
3a7d02c8
3a8ba3dc
3a9a489a
3aa8f101
3ab79d13
3ac64cd0
3ad50039
3ae3b750
3af27215
3b01308a
3b0ff2ae
3b1eb883
3b2d820b
3b3c4f45
3b4b2032
3b59f4d5
3b68cd2d
3b77a93c
3b868902
3b956c81
3ba453b9
3bb33eab
3bc22d58
3bd11fc2
3be015e9
3bef0fcd
3bfe0d71
3c0d0ed4
3c1c13f8
3c2b1cde
3c3a2987
3c4939f4
3c584e25
3c67661b
3c7681d8
3c85a15c
3c94c4a9
3ca3ebbf
3cb3169f
3cc2454a
3cd177c2
3ce0ae07
3cefe819
3cff25fb
3d0e67ad
3d1dad2f
3d2cf684
3d3c43ab
3d4b94a6
3d5ae975
3d6a421b
3d799e97
3d88feea
3d986317
3da7cb1c
3db736fc
3dc6a6b8
3dd61a50
3de591c6
3df50d19
3e048c4c
3e140f60
3e239654
3e33212b
3e42afe5
3e524284
3e61d907
3e717370
3e8111c1
3e90b3fa
3ea05a1b
3eb00427
3ebfb21e
3ecf6400
3edf19d0
3eeed38e
3efe913a
3f0e52d7
3f1e1864
3f2de1e3
3f3daf55
3f4d80bb
3f5d5616
3f6d2f66
3f7d0cae
3f8ceded
3f9cd325
3facbc57
3fbca984
3fcc9aac
3fdc8fd1
3fec88f4
3ffc8616
400c8738
401c8c5a
402c957e
403ca2a5
404cb3d0
405cc8ff
406ce235
407cff71
408d20b5
409d4602
40ad6f58
40bd9cba
40cdce27
40de03a1
40ee3d29
40fe7ac0
410ebc67
411f021e
412f4be8
413f99c5
414febb5
416041bb
41709bd6
4180fa09
41915c54
41a1c2b8
41b22d36
41c29bcf
41d30e84
41e38556
41f40047
42047f57
42150287
422589d8
4236154c
4246a4e3
4257389f
4267d080
42786c87
42890cb7
4299b10e
42aa598f
42bb063b
42cbb713
42dc6c17
42ed2549
42fde2aa
430ea43b
431f69fd
433033f0
43410217
4351d472
4362ab02
437385c8
438464c5
439547fa
43a62f69
43b71b12
43c80af7
43d8ff18
43e9f777
43faf414
440bf4f1
441cfa0f
442e036f
443f1111
445022f8
44613923
44725395
4483724d
4494954e
44a5bc98
44b6e82d
44c8180d
44d94c39
44ea84b3
44fbc17c
450d0294
451e47fd
452f91b9
4540dfc7
45523229
456388e0
4574e3ee
45864352
4597a710
45a90f26
45ba7b98
45cbec64
45dd618e
45eedb16
460058fc
4611db42
462361ea
4634ecf4
46467c61
46581032
4669a869
467b4507
468ce60c
469e8b7a
46b03552
46c1e395
46d39644
46e54d61
46f708ec
4708c8e6
471a8d50
472c562d
473e237c
474ff53f
4761cb77
4773a625
4785854a
479768e8
47a950ff
47bb3d91
47cd2e9e
47df2428
47f11e31
48031cb8
48151fbf
48272748
48393353
484b43e2
485d58f6
486f728f
488190af
4893b358
48a5da89
48b80645
48ca368d
48dc6b61
48eea4c3
4900e2b4
49132535
49256c47
4937b7eb
494a0823
495c5cf0
496eb652
4981144b
499376dd
49a5de07
49b849cc
49caba2c
49dd2f29
49efa8c4
4a0226fe
4a14a9d8
4a273154
4a39bd71
4a4c4e33
4a5ee399
4a717da5
4a841c58
4a96bfb3
4aa967b8
4abc1468
4acec5c3
4ae17bcb
4af43681
4b06f5e7
4b19b9fc
4b2c82c4
4b3f503e
4b52226c
4b64f950
4b77d4e9
4b8ab53b
4b9d9a44
4bb08408
4bc37287
4bd665c2
4be95dba
4bfc5a71
4c0f5be8
4c22621f
4c356d19
4c487cd6
4c5b9158
4c6eaa9f
4c81c8ae
4c94eb84
4ca81324
4cbb3f8e
4cce70c4
4ce1a6c7
4cf4e198
4d082138
4d1b65a9
4d2eaeeb
4d41fd01
4d554fea
4d68a7a9
4d7c043f
4d8f65ac
4da2cbf2
4db63712
4dc9a70e
4ddd1be6
4df0959c
4e041431
4e1797a7
4e2b1ffd
4e3ead37
4e523f54
4e65d657
4e797240
4e8d1311
4ea0b8ca
4eb4636d
4ec812fc
4edbc777
4eef80e0
4f033f38
4f170280
4f2acaba
4f3e97e6
4f526a06
4f66411b
4f7a1d27
4f8dfe2a
4fa1e427
4fb5cf1d
4fc9bf0f
4fddb3fd
4ff1ade9
5005acd4
5019b0c0
502db9ad
5041c79d
5055da91
5069f28b
507e0f8b
50923193
50a658a4
50ba84c0
50ceb5e7
50e2ec1b
50f7275d
510b67af
511fad12
5133f786
5148470e
515c9baa
5170f55c
51855425
5199b807
51ae2102
51c28f18
51d7024a
51eb7a99
51fff807
52147a96
52290245
523d8f17
5252210d
5266b828
527b546a
528ff5d3
52a49c65
52b94821
52cdf909
52e2af1e
52f76a61
530c2ad4
5320f077
5335bb4d
534a8b55
535f6093
53743b06
53891ab1
539dff94
53b2e9b1
53c7d909
53dccd9e
53f1c770
5406c682
541bcad4
5430d468
5445e33f
545af75a
547010bb
54852f63
549a5353
54af7c8d
54c4ab12
54d9dee3
54ef1801
5504566f
55199a2d
552ee33d
5544319f
55598556
556ede62
55843cc6
5599a081
55af0996
55c47806
55d9ebd3
55ef64fd
5604e386
561a676f
562ff0ba
56457f68
565b137a
5670acf2
56864bd1
569bf018
56b199c9
56c748e6
56dcfd6e
56f2b765
570876ca
571e3ba1
573405e9
5749d5a4
575faad4
5775857a
578b6597
57a14b2d
57b7363d
57cd26c9
57e31cd1
57f91858
580f195e
58251fe5
583b2bee
58513d7b
5867548d
587d7126
58939346
58a9baf0
58bfe824
58d61ae5
58ec5332
5902910f
5918d47b
592f1d79
59456c0a
595bc030
597219eb
5988793d
599ede28
59b548ad
59cbb8cd
59e22e8a
59f8a9e5
5a0f2adf
5a25b17b
5a3c3db8
5a52cf9a
5a696721
5a80044e
5a96a723
5aad4fa2
5ac3fdcb
5adab1a1
5af16b25
5b082a57
5b1eef3a
5b35b9cf
5b4c8a18
5b636015
5b7a3bc8
5b911d33
5ba80457
5bbef136
5bd5e3d0
5becdc28
5c03da3f
5c1ade16
5c31e7af
5c48f70a
5c600c2b
5c772711
5c8e47bf
5ca56e35
5cbc9a76
5cd3cc83
5ceb045d
5d024206
5d19857e
5d30cec9
5d481de6
5d5f72d8
5d76cda0
5d8e2e40
5da594b8
5dbd010a
5dd47339
5debeb44
5e03692f
5e1aecfa
5e3276a6
5e4a0635
5e619ba9
5e793704
5e90d845
5ea87f70
5ec02c86
5ed7df87
5eef9876
5f075754
5f1f1c22
5f36e6e2
5f4eb796
5f668e3f
5f7e6ade
5f964d75
5fae3605
5fc62490
5fde1918
5ff6139d
600e1422
60261aa8
603e2730
605639bc
606e524d
608670e5
609e9586
60b6c031
60cef0e7
60e727aa
60ff647b
6117a75c
612ff04f
61483f55
6160946f
6178efa0
619150e8
61a9b849
61c225c4
61da995c
61f31312
620b92e6
622418dc
623ca4f3
6255372f
626dcf8f
62866e17
629f12c7
62b7bda1
62d06ea6
62e925d9
6301e33a
631aa6cb
6333708d
634c4083
636516ae
637df30f
6396d5a8
63afbe7b
63c8ad88
63e1a2d2
63fa9e5a
6413a022
642ca82b
6445b676
645ecb06
6477e5dc
649106fa
64aa2e60
64c35c12
64dc900f
64f5ca5a
650f0af5
652851e0
65419f1e
655af2b0
65744c98
658dacd7
65a7136f
65c08061
65d9f3b0
65f36d5c
660ced67
662673d3
664000a1
665993d4
66732d6c
668ccd6b
66a673d3
66c020a5
66d9d3e4
66f38d90
670d4dab
67271437
6740e136
675ab4a8
67748e91
678e6ef0
67a855c9
67c2431c
67dc36eb
67f63138
68103204
682a3951
68444721
685e5b75
6878764f
689297b1
68acbf9c
68c6ee11
68e12313
68fb5ea3
6915a0c3
692fe974
694a38b8
69648e91
697eeb00
69994e07
69b3b7a8
69ce27e4
69e89ebc
6a031c34
6a1da04b
6a382b04
6a52bc61
6a6d5463
6a87f30c
6aa2985d
6abd4459
6ad7f700
6af2b055
6b0d7059
6b28370d
6b430475
6b5dd890
6b78b361
6b9394ea
6bae7d2c
6bc96c2a
6be461e3
6bff5e5b
6c1a6193
6c356b8c
6c507c49
6c6b93cb
6c86b214
6ca1d725
6cbd0300
6cd835a7
6cf36f1b
6d0eaf5f
6d29f673
6d45445b
6d609916
6d7bf4a8
6d975711
6db2c054
6dce3072
6de9a76d
6e052546
6e20aa00
6e3c359c
6e57c81b
6e736180
6e8f01cd
6eaaa902
6ec65722
6ee20c2e
6efdc828
6f198b13
6f3554ee
6f5125be
6f6cfd82
6f88dc3d
6fa4c1f1
6fc0ae9f
6fdca249
6ff89cf0
70149e98
7030a740
704cb6ec
7068cd9c
7084eb53
70a11012
70bd3bdc
70d96eb1
70f5a894
7111e986
712e3189
714a809f
7166d6ca
7183340b
719f9865
71bc03d8
71d87667
71f4f014
721170e0
722df8cd
724a87dd
72671e11
7283bb6c
72a05ff0
72bd0b9d
72d9be76
72f6787d
731339b3
7330021a
734cd1b5
7369a884
73868689
73a36bc8
73c05840
73dd4bf4
73fa46e6
74174918
7434528c
74516342
746e7b3e
748b9a80
74a8c10c
74c5eee2
74e32404
75006074
751da435
753aef47
755841ad
75759b68
7592fc7b
75b064e7
75cdd4ae
75eb4bd2
7608ca55
76265038
7643dd7d
76617227
767f0e37
769cb1af
76ba5c91
76d80ede
76f5c899
771389c3
7731525e
774f226d
776cf9f0
778ad8ea
77a8bf5d
77c6ad4a
77e4a2b4
78029f9c
7820a405
783eafef
785cc35d
787ade51
789900cd
78b72ad2
78d55c63
78f39581
7911d62f
79301e6d
794e6e3e
796cc5a5
798b24a2
79a98b38
79c7f968
79e66f35
7a04eca0
7a2371ac
7a41fe5a
7a6092ac
7a7f2ea4
7a9dd244
7abc7d8e
7adb3083
7af9eb26
7b18ad79
7b37777e
7b564936
7b7522a3
7b9403c8
7bb2eca6
7bd1dd3f
7bf0d595
7c0fd5aa
7c2edd80
7c4ded1a
7c6d0478
7c8c239c
7cab4a8a
7cca7942
7ce9afc7
7d08ee1b
7d28343f
7d478236
7d66d801
7d8635a2
7da59b1c
7dc50871
7de47da1
7e03fab0
7e237f9f
7e430c70
7e62a126
7e823dc2
7ea1e246
7ec18eb3
7ee1430e
7f00ff56
7f20c38e
7f408fb8
7f6063d6
7f803feb
7fa023f7
7fc00ffd
7fe00400
