----------------------------------------------
                 Case 0                    
----------------------------------------------
K:  16 M:  16 N: 16
A: 
     2    -52   -107      7   -109    -44   -119    -64     11     10      0     43     14     98    -64   -121 
   -51     74    -69     63    -79    -63      6     76      0    -57     28    -75    117    -55    106    -24 
   111     69   -107     59    121    112     98     71     49     77   -116   -111    -22    -75    -68    -40 
     1     35    -35    111    -81    -67     13    -74    -94     67    -74    -26    -48     89     45    -29 
    35    -61    105     34    -92    -55    114     26     83     75   -126    -45    -57    -75   -127     29 
   -92    121   -118      1    -87    -33   -118      3    -40   -109     80     66    -34     -1   -106    -53 
  -122    -26     24    -70    -66     11    123    114    -15    -10     57    -47     94    -78    -43     44 
    34     36     80    105     80     14     93    -13    -25     93     75     22    -65    -93     85    -60 
    93    -48     80     -3     83     95    -94    -86     11     40    -54      6     61    124     45    -24 
    76     65     84    120     56    -14     34     41   -102    -59    -10    106    -36     60     95     74 
    16     77    -45    -12    -26    -54    -61   -108     93    -70     59   -113     36     71    -32      8 
    68    -79    -63    123    -69    -82     -9     56    109     -5    119      6     52     95    106    103 
   -75     77     71    -96     81    -63    110    -64     55    -95    -21     70    -46    -13     55    -71 
  -105    -74    -28   -120     71     64    -24    -78    -67   -102    -69    -34     82    -57     36    -46 
   -62    -45     24    -74     -4     -9    -72    -62    -26    -98   -112   -114     96    104    121     90 
    75    108     81   -128    110     92    -24     37    -34    -78    -45    118   -105     26    -96    -35 

B: 
   -45     39    -89    -91    -47    -19   -126   -115    116    107    -60   -126      0      1    -71    -94 
    29    101    -34     17     46     55    -23     20    112     19     17    -31     75     -2     78   -118 
    70    -64    105    103     94    -86    -47     17    -75    -63     57     -7     51     39    -70     16 
   108     87     89    101     61     75     98     85    -66     87     -1    -23     18     43     24    -34 
  -101   -116     76     -6    -48    123    -51    -27    -28     38      9     66    102     32     77     97 
   -69      5    -96     16   -124     -7    -13     77    -27    -77    -78    119    118     -1    -51     78 
    -2     41     97      8     76     52     40    -34     31     95     70    110    103     63     68     10 
   -57   -127      5    109     87    -87   -123     96     38    -43    -72     69    -42    -33    -77    -69 
    29    -96    123    -69     40    110    112    -73     66    113    105    -53     95     55    123     -7 
   -31      4    120     72   -120    -32    -78   -123    -30    105     84     43    -84   -121   -116   -124 
  -116   -119    -42     60    120    -93    -24    -19     93   -100    -15   -100    -50    114    118     54 
  -124    100    -71     77     30     -3     95    -35    113      5     96    -24    -79    -26    -15    105 
    55    -30     98     63    -64    -36    113     69   -116     -9    -52     17     28   -126     25    -26 
    38      8   -108    -12     18    -11     -4    -28     87    -71     23     15     30    -22    113     12 
     5     99     59    -23     78   -100     88     18    103    -57     89     15     -9     32     13     41 
  -124   -125    -90    120     37     34     70    -41      9     80   -101     79     75   -111    -26     86 

C: 
 23454  30393 -27543 -29428 -24112  -5425   7527  -6544   4596 -13339   5793 -37984 -43469  -6855   7433 -15801 
 30067  13309  24520   7467  28682 -15456  27619  37510  -1440  -9342  -8426  -6234  -6716   -213  17174 -25660 
 -1490   1440  23648 -21467 -45829  49435 -36451  -5309  -9685  58159 -17440  29559  40952  -4346 -12588 -40106 
 39072  60193  -1527  -4177  -2559    600   5918  -3961    654  12043  15013  -5724 -18941  -8213  -5945 -29114 
 29117  -9051  42593   5803    970  17381 -10933 -20324 -30616  54406  11976   8479   7080  -7006 -37295 -32977 
  -485  18607 -53856  -3505  13409   3242   5726  25631  19437 -33584 -16391 -32319 -29834  10013  26194  -2938 
 -6355 -40018  23498  33287  20478 -21363   5600  26338 -26971 -15739 -15469  35021   4718  -8563  -4204   3249 
 -6317  18399  44649  17915  18740  -1906 -10982  -8097   7502  16866  31141   -765   3057  31397  -4727  -5153 
  5718   4060  -5476 -12663 -39342  -3316  -4663 -12912  -8148  -8620   3126  -2143  17166 -14200  -7246  11119 
-11304  27275 -18166  33201  38345  -5974   3104  10073  29231   -434   1130   2544  10038   6652  -2426  14836 
 25258  -8011 -11248 -32468   4324  19022  15277  -9588  10571    778  -6463 -35414  17211  11773  49167 -12152 
 -4028 -17707   2204  15316  42300 -13197  37947  -9985  34809  15781    304 -25945 -11489   1844  28991    602 
  4155  14318  23330 -20871  32154  18764  19342  -7000  23014  -7044  46892   1966  23741  36138  40114  25623 
  2233  -1978     62 -24780 -33283     80  16989  25984 -40670 -36447 -12408  27086  11611  -4084    572  39780 
 27965  -6883  -8697 -15522  -8616 -10296  29504  18529 -24270 -29615 -16660  20425  22072 -24705   7514  22275 
-36823  -2134 -51491 -10724  -9499  10859 -48903  -6951  31751 -18108  -5519   2216  20306  11050  -8585  16873 

----------------------------------------------
                 Case 1                    
----------------------------------------------
K:  16 M:  16 N: 16
A: 
    12    -48    -15    -62    -52    -98    111     25   -107     97    100    122    108    -24    -90     43 
   -47     65   -118    -37    -21     -4     31     43     67     51     57     75     83    -63    -16    -33 
   -14    -92     -7     40     39     18    -99     35     -4    -84    -25     34      7     79     20    -14 
    15     89    -91    -69    -56    -72    -39     63    -18    -88     -7     60     86     -8     32    -49 
  -103    -19    -23   -103     51    114     12    122     45     43   -117    -89     81   -118    -26   -126 
   -25    -64    103     50     33     72     81    -10    -82     22   -120    -48    103     85    -44    -19 
   -17    101     78     -1     98     36     76    107   -103   -115     38     -7    -30     90    -25     64 
    86    -36   -125    -11     68    -79   -124     36    -91   -111     58     34      3    -59     -3    -14 
    61     69    -33    -77   -101     50    -74    -92     15    -89    -53     88     -2    -63    116     31 
    -1     48     33   -122     89     61     84   -125    -90    105   -107    -92     63    -42    104    -41 
     6    -74   -118    125   -123     56    -94    105     48    105     67    -89    -95    -82   -109    -34 
   105   -114      7    -39    -78   -104   -114   -101   -126    -58    -66     90    117   -113     34     47 
   -53     42     92    -25     15     64    -91    -85     93     99    -52     90    -42    -98     89    125 
  -107    -52     67     43     57    -54     17     51   -117   -117     89    -25     68     25    -89      5 
    52     85    112    -80    -12    -45    -25   -110    102     82   -103   -121    114     74     20   -120 
    58     33     62    103    -50     99   -102     96    -71    -18     96    -76    124    -15    126     19 

B: 
   -57     57    -41    -97   -126    107    124     92   -122    -34     95    111    -59     47    -24     34 
    64    -53    113    113    126    -80    -67    104    117   -105   -122    -72     91     95     23    -31 
   -62    -34     58     49    -67     79    109    120    -22     -3   -123   -123   -126    116    -72    -10 
     2    -52    -21    -89     13    -77    -43    100     97    113     45    -11      9     82    -17    110 
  -108    -45     90    -77      6    110    -56    107    -74     56     90     86     -2     59      2   -123 
  -119   -116    -12   -121    -93    -23   -108     -8     53   -122   -123     67    -79    -82    -29   -110 
    23     -9    -59     24    -49    -20      6     -6    -33     -6    -96    -40    -26    -36    126   -104 
    77     84     75    -49   -120   -116     16    -32     82   -100    -44    126   -125    104     79   -104 
   -17     47     12     85    -64    -77    -41   -106     91    -93     29     45     92      9   -108     -7 
   -41     22    -99    -21     28    -80     67     20    -48     40    -71     -6    117    125    126    -93 
   -73    -36    110    -76    -55    119     59   -108     89    102     95      0     84     93     35      5 
   -85    -48     21     62    121     86    -77     71    101    -62     -8   -124   -106   -108    -72    -14 
    52    -65   -112     40      4    -74    -12    -98    -61     85     86     15    -14    -96     12    -10 
    82     78    -82     -4   -105    -73    -15    -13      1    -76    -32     -6    -45     10     24     81 
     4    -60     94     98    121     43     38     11    -86    -77    110     40     21   -123    -64   -118 
    34    -37     87    -23     79    -78     87     52   -102     26    -80     76    -97     81     89    -93 

C: 
  3728   4337 -25834  -1065   7287   9534  27074 -16016 -12152  39068  -3081 -24106 -11429   3983  48242  -7625 
  5047  -4955  -2146  17858  20588 -20191 -24244 -35321  32104  -5038   7359   -988  30907 -15435  12481 -18129 
 -1619   4481    324 -14535 -13188   6669 -13501  -2556   3420  -3200  26410  13896 -27380 -18910 -26130  19235 
 30518   7604   7218  31590  22753  -6252 -13519 -19738  15688 -19897  23116  -1761   2679 -31032  -7827  10091 
   197   -807 -16689   2831 -21134 -31943 -32887 -34778   5392 -23699 -19414  24923   6278 -23296   4849 -45997 
  4840  -9009 -46371 -14412 -29114 -19845  -3417  17206 -28495  10920 -30346  -8263 -37797  -8249  13541  -2345 
  9897  -9505  41964 -13492 -16799   2994  -4611  33358   9364 -16946 -35674   2337 -47394  30011  21877 -23353 
 -3697   7338  22464 -25293  10749  41416   1095  -1144  -8109  23015  67015  29255  -4053 -10697 -11068  21179 
 -4966 -19831  16775  35030  44831  18764  -7412   5814  -4361 -39358   7022  -9618  -4700 -55301 -41662   1003 
-12015 -25462 -19692  18299  25582  13220   4190  19239 -63889  -2520 -15569  -4684  19553 -27719  15216 -49538 
  -672  24484 -16556 -52664 -36720 -38299    564 -34343  43970  16143   2381  33986  31838  40622  16747  27065 
 -3152  -7407 -20276  10037  39460  43334  32526   9681 -54779  37299  49559 -11528 -27701 -47734 -26257  32118 
-33027 -32273  31822  29619  55614   2830   1112  29388  -4521 -18929 -27324 -15991   4010   1080 -27265 -38378 
 11105  -7419  11941 -18006 -15024  11685   -776  -7148   9594  46026   6196 -13590 -27897  14185  14034  17768 
 13682  13272 -39827  44586 -13430 -13948  12417  -2983 -28717 -13905  -3556 -18103  38100   1666 -20949  16172 
  1598 -27193  21047 -24041 -13612  -8690  18741   -275    515   5009  19815  28583 -17149  12321  -6100  -7832 

----------------------------------------------
                 Case 2                    
----------------------------------------------
K:  16 M:  16 N: 16
A: 
   -50     30    115     99   -109     49    -55    -60     72    -85     42     37      5    -21      0     -2 
    14     21    111    125     73     67    114    -56     71    -64    -58      1    -95    108     56     93 
   -68   -109    -60   -114   -119     19     35    -52    -13     10    123    122    -83    -87     47    -24 
   -38     54     60   -119     73    -92     -2    -50     90     54     47   -107     53      2     -2    -64 
    24     -1      1    -86     33   -104    -53     63     64    -24     48     91    101     -8     53    -16 
   -63    -29   -120   -111     46    -18    -63    -60     41     15    -73     99    -98     24     88    110 
     8     61    -55    -96   -103     44     22    104    -54   -106    -27     70    -20    -54    -50      8 
   111   -112     60    -69     88     15   -113    120    -38    -76   -108    -52    -77    -43     11    -60 
  -103    -63   -112    124    -66     28     55    110     10    -68    -12    118   -113   -119   -119    -88 
   -55    -30    -93    -52     -7     83   -102     96     89     52     63     98   -126     86    -32    -49 
     1   -123     17     37   -115   -116    125     60     58    -78     36    -49    -43    117    102     89 
  -121    -99   -119     64    -74    -22    -38     13    106    -60     90     81     24    -68     24    -77 
  -104     17     48     61     96     18     52     20     63   -121     82     80   -115      6    -72     53 
   105    -41    -38     67     36     21     39     49    109    105    116     61   -119    -51    -35     -1 
   108     82    123     23    -58     68     79     98     43    -88     -5     83     91    -27    -44     23 
  -122    -65    119    -80    -46    -62     78   -112     -3    101     18     20    114    102    -39     49 

B: 
   -80     44    -23    -14    102   -108    -27   -127    -28    -62     10     63     37     24    -63    -56 
    77    -56     19     -8     70    -77     92     68    -26     82    107    -42    -51     72    -28   -111 
   -17     20     75     73    -78    107   -121    -18     63    -77    -49   -120    122    -13   -114     12 
   -98     -8     -5   -100    108    -48     50     34   -111     92     43      4    -81    -67     29   -112 
    27   -108     94    -87     60     44     65   -119     73    -15   -107     -2     46    -66    -21     70 
   105     26    -74     65     46     41    -18     68     99    109     45    -93   -111   -111    122    -94 
   -63    116     25     81    -88      6   -122    -14    103    109   -101    102   -122     80    -60     50 
  -128      2    120    -60    109   -114    -40    -47     36     80    -96   -123    115     90     -8     59 
   104    122    -11      3    -51      8     94   -118    -43   -100     89    -24    -11      7    110     43 
    58    114     65     44   -124     60     63     77    122    119    -77     57   -124      3   -110    -37 
   -96    -32     80    -35    116     21     99    112    -16    -47   -100     51     44     79    -35    -89 
   105    113      9     62     74    -29    -12      8    -85    -78     95    -54     94     -8    -90     79 
    88     41     70     56     43      5     37     14    100     26    -85     49     91    -59     20     41 
    31    126     64     42    -49    118    -50     17     94      9   -111    -50   -102     61    -67    115 
   107    119     31    -40     23     26    -83    -27     88     45    -10     18    -49     46     33    -78 
   107    126    -89    106   -125     95     13    -62     32     77    105   -105    -30    -29     73     92 

C: 
  9986   3412 -16037   7254   8708   7008   2624  19375 -32876 -20394  40479 -25307   9719 -13460  17949 -25732 
 15628  39060 -10040  12160 -22987  33816 -29222 -27759  12406  14076  13823 -27857 -42061  -8358   6041   8800 
  5162  17734 -18448  17321  -9718   4272  -9712  30469 -15130 -22560  11825  19691   2645  13931    156  -4999 
 11086 -15488  29404  -2398 -26371  19625  20423  -6449  25189 -24184 -32048  20292  11824  15023 -13513   6797 
 14470  10773  28987  -4757  21707 -11732  10496 -21733  -2798 -37030 -11038    154  55628  16944 -11850  25736 
 62569  28049 -27477   9915 -32357  21177   7087 -19808  -3254 -10271  39300 -11425 -16796  -4204  20211  33485 
 -8209 -10832 -17522  12267  21834 -37691 -16133   6313 -19120   2923  27709 -20199  22933  16730   9170   5902 
-32856 -39620   2810 -28232  21879 -20000 -30395 -50915  -2351 -32062 -12391 -24881  51539 -11714   3068  13046 
-48390 -27470 -17360 -24333  36187 -49662   5387  17095 -63057   6217  28556  -3888   4702  -3852  18981  -4279 
 10856  10622   4526  -9529  16096  -1322  23793  13186 -12832 -11991   7397 -28326  -6333  10543   9154  10140 
-31119  58826   3279   7805 -31631  16159 -44647 -22407   5391  -2121 -21787   2903 -12880  39527   2073  32530 
 -4028  -1699  -5273 -22535  29240 -18788  26877  17090 -44212 -23080  16230  15135  14141  -2520  34890  -5701 
-10424 -14425   1509  -6181  11321  11067   7953  -6071 -27570 -15340  14134 -33147  10874   -139   8234  19164 
-26239  19753   5171 -15007  19168 -18151  25237 -11689 -19941  -4682   1688  11276 -11148  10479  -9419 -16711 
 -5131  22572   6820  24234  28654 -25521 -21982 -14927  -1931  -1691  13800 -29695  34895   6047  -7494   1311 
 32424  45363  16826  54392 -75521  65505 -17380  23294  45576  -5002 -35861   8340  -7239    108 -32896  44401 

----------------------------------------------
                 Case 3                    
----------------------------------------------
K:  16 M:  16 N: 16
A: 
   -70     31    -32    -22     87     54   -115      4     19   -121     94   -112     30    106    -41    -74 
  -124    -46   -101     10    -85    -53   -122    121    117   -124     63    125     -5   -104    -79     19 
   -89   -113    -49     94    -89     87     -4   -124    -40    -86   -121   -111    100    -78    109   -105 
     9   -109    -88     17    -42     61    -97     -4    125    -98     28     14     45    103    108    -45 
   -83     20    -28    -61     62    -72     -8     25    -21     85      1    -33     99     38     -3     65 
   -41     48    124     75      1    -37    -45     97    113    118     97   -123    120    -28    -24     19 
   -57    125     58    -64     95   -101      4     78    -28     71    -77    -21    113   -115     37    -74 
   -74     73    100    -78      9   -101    -42     65    111    -19    -12   -127      7    -14     15     35 
   -81     -7     14     67   -119     22    -10   -103   -118      6     88     70    -10    -88     73   -120 
    17    111     79     34     41    -16    -95     65     53    -88    -57     50     43    -96     73     55 
  -120     99    126     25    111     72    -67    -56    -79     88    -11     11     10     -5    -94   -102 
   -65    -13    -98    -43    -88    -15   -114     18     35   -121      0   -120    -93    -98    122    102 
  -126    -29    122     26    -44     57     51   -127     98     -8    -64     27    108    125   -117     54 
    14    -59      2    -77    -91     60     -2   -127    -26     92    -71   -125      4     80   -113    -62 
    76    121   -122      0     70    -83     68     17   -119     82     77     11    118   -122     34    -28 
    43    121   -113   -126    -31    125     11    -26     77     80     94    -60     53     16     80     -9 

B: 
   -89     42     44    -19    -64   -127    -51    -78   -120    -86     -7    117    -62    109     53     62 
   -27     76    -26    -12   -117    -93    -46    107    -86     12     71      0    -61     67   -109    -18 
  -115    -62    -65    -41     73    -46    107     40     96     96   -108    -22    111     98     94     55 
   118    -24    -89    -40    123     96     93    -42   -114    -12    -63    -18     14     82     29    121 
    -5     41     15    -20     -3    -75     83   -125     41    -64   -119     91    -67    -21    -47   -123 
    13   -127     89     -7    -80    -58    125    -66    -91    -18    121    115    -15   -126     69     94 
   -43      9    100     68     52    125    -10    -87    -21    -13    105    125   -128    -47     14    -78 
    44     18     80     70     97   -120    -89     31    102     84   -108    -68    106     -4    -21     24 
    33    -32    121     55    -39     10    -44    -29    -22    -43    113    113    -62    -41    116     -6 
    15    119    -79     -6    -68     90    -28   -117    125    -65    113    -30     66   -118    -34    -81 
    -3     69     91    -40    -29     12     95    100    -83    117    -48   -121   -117     15    -56    -56 
    91    -36     70     80     93     53    109   -111   -104    -39     48    -63   -109    116     96    -13 
   -11     69    -85    114    -37    -80     25    106      6    -76     75    -20    121     44     55     23 
     7     16     -6     91    -99    103   -124    -80     85    -76    -15     92     61     53     18   -119 
   -65   -107    -82    -35     27     53   -110     64     13     43   -103     34    -11      2    -20    117 
     7    -11     88     50     57    112     43    -39   -118    107    -38    -62     61     55     62     35 

C: 
  2762   2152   1319  -6656 -36946 -36596   -353  34511  12338   1272 -22512   6195   5173  -9032 -22700 -19311 
 53161 -10774  40538  17234  40161  -9669  15546  34311 -24200  30885  -3511 -61663  -7000   8472  12198  14560 
  2177 -46673 -53108 -16972   9547  11607   4041  30184    342 -16506  13735  19545  23112 -30969   8264  57741 
 16002 -33814  11352  13538 -11574   3842 -21847   7224 -10777 -15913  -1948  21856   -773  -2118  26475  23384 
   470  32387 -15353  19149 -10852   8457 -15425   7683  34869  -1850   -468 -18916  29251 -10450 -17830 -34304 
 -3148  30257 -19629    797  -2605 -18188   4862  38336  31184  22067  -7506 -26989  48033  -3160    769   4606 
-17562  30808 -40691   1160   1483 -46464 -14838  33258  48094  -2800  -7740 -16215  23814  -3111 -30615 -12932 
-21829   8300  -6277   -941  -4898 -22108 -30950  45427  42470  29957 -22171 -10442  32395  -1220 -10081  -7602 
  6684 -16574 -36334 -29444  15717  21776  32808  33497 -16818  16117   5325 -40082 -18969    189 -14271  27961 
 -3406 -17422  -7955  -2788  21635 -43397   9691  30768 -22194  19279 -30485 -13009  11987  38311  11207  42169 
  2263  11503 -40206 -20952 -16427 -21659  49230  -1495  31782  -8304   3658 -11909  16371 -11736 -19061 -22194 
  -188 -32375   7919 -23137   8474   -760 -30652  52305 -16354  47154 -29857 -24069   6537 -16571 -17701  42867 
  7648 -14653  -2709  32399  -5897  42197  32665 -15572   8074 -16849  45975  19039  28805   3475  49781 -14587 
-16449   9883 -20147  -4737 -49729  10090 -15535 -14464  33897 -32865  49904  28035  26307 -38167   2092 -19850 
 -6091  55624 -17699  -2376 -11423 -24912  -4666  19350 -21092 -12101   9059 -20864 -28646   5047 -47021 -15637 
-16539  14671  22383   5520 -71160 -17484 -29396  18503 -17055 -12115  57395  26879 -26308 -39426 -18171  -9958 

----------------------------------------------
                 Case 4                    
----------------------------------------------
K:  16 M:  16 N: 16
A: 
    81     27     42    118     56    -26    -70     73    -52     74    -73     84    -86     32    107     33 
   -29     40    -90     -5    100     37   -112     75    -55   -108    -30    -81    113    120     85    -72 
    51     77    101     87     45   -115   -120     80    -97    -27     20    101    -13    121   -111    -14 
    22     -2     22    -57     68     60     86    100     76     83     69      9    -53     77    -60    -45 
    76    -93     26    -24     11     19    -64     96    124     83     77     30     71    -21     89    -84 
    71    123     75     90     15    125   -120      9    -67    -71    -57    -41    -34     24    -70    -66 
   -46    122     88    -98     50    115    -86     -8     42    -10     18    -88    -21    -77    -19     30 
   -51    -26     76     21    -29      3     71    -70    -60     82      5    115    -35   -103      8     14 
    90   -104    -54     90    -88    -94     39     12     77     66    -87   -101     17    -29    -39    -82 
  -121    -22    -37    -30    -25    -29    -86     87   -100    -64     62     72     41     24     45     78 
   -87     -3     50     50     74    -10    -75    -94    -28    -68   -119    -89    112    -32    -88     37 
     6     63    -80    -83     91    -83     60   -106    120     66     -4    109     31    -93    -11    -12 
    77     78     61     33    -79    -87     -7    -50     32    -41    120    -50     14      4     28    -32 
  -124     79    -11     64     95   -128   -111    117    -46   -115     45     -9     57    -86     51     44 
    92    -15   -120    125    -82     97    107    -50    -83    -16    126    123     54    -94    -92     71 
   -13    114    -83    -95     42     69    125    -34     99    -94   -102    113    124   -102     83      1 

B: 
   -12     28    101     78    -87      1   -114   -125     87    110     28   -118      0    -84    -37    -97 
    43     78   -113    -35      2     10     71    -71    120    -85      9     71     11     17     62     54 
    94   -101     25    -89     54   -101    -70    112    110    -81    -45    -26     -8    125   -101     -6 
  -119    -11     24    123      2     43     -2   -121   -123    -50    -66    -80    110    -23    -75    -85 
     1     85    117    -31    -15     85     73    -50      5    -53     60   -102      9    -54     44     64 
    68    -56     88    -60    125    -40    -47    -68   -108     28    -76     35   -119     91   -101     64 
    89     53    -68     75    -21    -16   -125     87     69     54     77   -122     12    108    -50   -125 
    -1     66     -1    -38    -31    -48    -42     77     97     -1     24    107     79     -5    -79     84 
   -29     48    115    -63    106   -124     12   -109     71     18    -66     45     59    -60    -45    -98 
    85    -50     18   -114   -118    -25    -81    122    -63    104     75    -69    -67     -4    -81      1 
  -122    -31    -36     -5     51    -91    -97     73     64     78     38    -62    -29    -14    -99    -68 
    36   -113     57     32     -6    -35     38     47      0     81    -65    -48    116    -69    104     93 
    -9    -50    -21   -108     57    -21    -86    -84     43    110   -121    117     39    -92     70     30 
    49    -68     45     92    106     75     82    -88    -76    -88    -24     13    -89      0    -82     12 
   -35     42    118     63    -41     17   -105     50    -32    -94    -80     62    -11    -51     44    -26 
  -117     46    -68    -87    104    -35    -92     65    -82      4    113   -121    -93     26     86     67 

C: 
 -3456    869  34359  21944 -30308  17770    -95   2101 -19554 -24568     86 -22401  14853 -15761   -381  15300 
 -9753  16186  18825  10953  14943  40135  34608 -53835 -11055 -36968 -31542  61274  -3359 -29385  14743  32591 
 -3412 -22762  -8744  15542  -5167  16165  39643 -12297  17250 -22144    493  -9278  27048 -13434  -2408  28972 
 28575   1609  17739 -11605   5378 -18117  -7732  13508  22661  15243  19438 -13870 -10173  13042 -46725  -5028 
 -3910 -10896  53944 -19396  -8331 -32042 -34170   1416  21355  32012 -27385  20651  15256 -34595 -28645 -13105 
 11643  -7648   6967   6821  11167  15698  32283 -53588  -2281 -32897 -22568  17019  -3669  13905 -18961  19595 
 12095  11912  -5078 -55375  26099 -20741   8224   1304  21353 -21360   1945  25625 -29170  24730  -2181  26906 
 16293 -25249 -10653  -6868 -18236 -13879 -20628  51853  -8327  16590   5825 -33393   6693  21159   6500   -356 
 -4619   9733   7150  22374 -34886   3383 -13451 -23290  -1445  23783  -1151  -3319  23225 -16202 -24252 -52462 
-26546 -10216 -21651  -6887  15114   3153   8763  31378 -15032 -10469  -4618  28491   2477  -8776  28980  45713 
 -5001  -1215 -14951 -25268  22461  20958  32213 -32846 -19712 -24534 -14396  13784   -629   4726  28742  19536 
  8382  16669   4891 -17268 -19410  -7044   9642  -1935  26611  32255  11455 -19314  21386 -30513  45016  -7526 
-20350    450 -13955  14812    220 -15119 -16986 -11205  36939  -3278  -6955   -730   7821  -5967 -13105 -38768 
-48285  30507 -24442 -10810   -580  10363  24998   6257  18205 -38181  -4036  34194  39861 -23929  42276  35307 
-31893 -15775 -25703  24309   1442 -10037 -41695 -10212 -20957  67532   6514 -50992  11268  -4434   2501 -17624 
 20969  26156   6308 -13106  11774  -7610  -3643 -24424  29958  14864 -27136  28677  23562 -15027  60163  12667 

----------------------------------------------
                 Case 5                    
----------------------------------------------
K:  16 M:  16 N: 16
A: 
    61     35     -4    -62    -48    -78     96    -56     -1    121     77   -104    -49     83    105     64 
    85    -22    -72    -36     41    -86   -128      4     70    -48     63     39     35     87   -103    -90 
   120      2     -3     59    106     -4   -126    125    -75    -44   -111    -12     92    104     -1     23 
   -74   -118    117      9    113     51     -5    -49    -65    -99    -31    -29   -105    -18     43     49 
  -124     49   -108    -37    -21    -80     88    -84    -33    -66   -125     40    -19    -27    -50    108 
    32    -91      9   -125    -96     22    -13    115      0    100     53    126     17    -25   -108    -51 
    74    -61     62   -114     11    -20     23      2    -37     17     17     -4   -103    -90    -43     63 
    24     10    105   -100     -4     17    -87    -76   -104     73    -79     63   -103    -16      1     24 
   -15    -79    -91   -128    -85    -93    -86     98    -61     15     22   -120     47      4     71     64 
  -120   -113    -19     19     57     93    -27     63    -36     17    -10     42    -66    123    -41   -121 
   -37    -16     88    -45    119     -3   -127   -113    105    117   -109    -13    -79   -100    -56    -86 
    66   -101     79     85   -121     93     58     96     94     50    -24    100     51    -62    -62    -70 
    -5     42     -2    104   -101     66    -80   -104     54    -65    -60    109    116      0     67     71 
   119   -109    -55   -126     57    -59     72    -86    -33    -81     27    -50    -22    -16    -49    -72 
   -69   -120   -112     88    -75     98    -96     82     89     44    -89     68    -56    -18   -124    -15 
   -98    -25    -79    -76    -51     86     84    -63     65    -50    -69     16    -53    -75     88     -4 

B: 
    77    111     90    104     82     99     17    109     31    -32    -24    122    110     92    -46    -73 
  -110     42    122     72     37     -3     76    -28     81     72     95      6   -107   -102    -95    -61 
    19    -59    -89    -35    -50   -123    -76     45     81    108     47     19     69     -2     80    -68 
     5    -29    -85    -41     46     52     26    -77    -27    -39     66   -117     69     84     -4     93 
    52   -123     83     17    -20     15     25     36    -58    -19    -52      8    -84     62     22     71 
    28    -75     91   -121      0   -125     31     81    -58    -31     10    102      4     79   -120     63 
   -51    -79    108   -102    -85   -112     91    103    -27    -52    -41    -11   -127    -31     78     70 
    25    104    113    -15     24     58    -92   -100    -74    102     -9    -12     86    -83    -63    -38 
   -21    -33    -33     11     96    -78     94     92    -47    -40   -108    124    -33     87     91    116 
    47     29     75    -57     98     46     44    -77    -42     65    -21     91    -53     17   -123     11 
   -70     61     -2     30     58    -42     78    -34    -98      4     50    -39     68     78   -104    108 
   -76     10     59     82     10     50     35   -113     -9     84      3    -61     49    -48     74    121 
   -33    -70     85   -104    115     64     48     87    -98     15   -123     43     40    -61     89     91 
   -11     45      6    113     33    -11     68     16    -18    -67     27    -89     24     59     55     64 
    -7    -53     76     72    -62    -85     64    -29   -125    -29     74      3    -42    -90     90    -28 
    33     -5     88    102      0     50    -12     12     26    -66    -25    -91   -111    116     86     17 

C: 
  -212  17100  21107  26653    883 -14332  29499  12218  -4862 -18908  11408   5331 -32599   8204  -2403 -15608 
 -1692  33643 -19347  33540  37598  38572   3483    270   -497   -494 -18283   7117  41297  16712  -6952  14288 
 28984  14572  24328  25400  20372  52630 -23402  -2049  -3524   2702  -6167  -7621  35018   3512   3962 -16664 
 21949 -41650 -32673  -5061 -52246 -35216 -28424   8286   8656 -13554  13787 -23151  -7701  19800  28090  -8335 
-18956 -17191   1240   6806 -30195   9413     -7  -4234  29693 -17254  -8419 -36900 -59093 -21745  36538   -648 
  1383  37026  10654 -14456  20802  16437 -18027 -18588  -5712  37543 -21085  25013  39701 -10570 -27074   4442 
 19364  11673    400   8717 -19749  -1883 -25606   9050  23328   7692  -3955  15208  -2861  12292  -7974 -31055 
 15765   5652  -8115  20445 -21078     19 -26687 -13947  39856  23308  20987   8053  -3100  -6282 -10838 -43404 
 14564  33911   5320  14793   2696  27608 -25775 -14006 -16113  -3501  -8742  -3136   6534 -21150  -4432 -36862 
  7626  -8373 -20788 -21957 -12469 -14340 -10557 -24794 -19745   2752   5599 -16405  20452   3907 -15746  25304 
 23287 -27220 -40548 -14938   1788  -9325 -15065   4045  26219  18893 -13723  47598 -14365  11958  -8796 -16189 
  5451   4428  -5419 -45574  22624  -6136  -6276   5300 -12095  21156 -20763  30667  49251   6482   -978  23737 
-16674 -16975  -5663   9766  17962   4243  18127   2748   -643 -10021   2783  -9312   8827   2871  35509  25095 
 12633   1976  -9579   4245 -16705   2046  -2023  42859   7797 -25574 -22931  19656   4254  12085   7365 -12109 
 15669  12691 -27830 -25366  20206  22638 -20538 -30429  -5116   -609 -18303   2456  25742  22829 -22251  25563 
-11055 -30381   3735 -19235 -32667 -42358  12417  14354  -7943 -19563  -6383  13730 -40833 -17356  19105   6373 

----------------------------------------------
                 Case 6                    
----------------------------------------------
K:  16 M:  16 N: 16
A: 
    86    -20    -26     60   -122   -116     62    -17     -8   -118   -124    -27     -3    121      5    -48 
  -116     83    -30     34    118   -119     87   -112     -9    -75     -4     72     12     75   -102     68 
   -91     88    119     97   -104     67    -54    -88     62    -43     67     20    -83     24    -32   -116 
    67     67     87    -12    102    -91     46    -61    -69    -56    -23     15     52     20   -105     92 
   -96     80   -113     61     18    -56     84    109      1     42    118    -77   -126   -102     88    108 
    60     54    -23    -56     44     59     37    -46    -60    100    119    124   -103    -67     84     65 
    33    107     40   -124    -67     -2    -93    112     62    -63      2     63     69    -76    -41    -98 
   -20     -2     57   -105     23     70    -12    102     35      5     61    -43    -53    -90     87     -5 
  -128     51    -79    -92    -73    -29     -4    108     81    -33    -25     71    103     85     92    -86 
  -127     61    106    -72   -112    -21     82      1      4    -56     76    -34   -107   -115    121   -127 
   120     72     -1   -120    -92    -86    -13    -38     82     56    116    -91     46   -101     23    -40 
    37    -82    117    -72    -94     34    -51    124     88     82     81     83    -48    -90      2    -42 
   -36    -71     36   -123    -58    116     49    -90     93     35    -47    -91     32    123     -4      1 
  -120    -38     51     85   -116     -6    -18   -128   -102    -97     90    115     52    -25     32   -106 
   112     -3     90     27     71    -79     36     83     93     65    -10   -126     70    -70     86    110 
   -68    -43     58    -26     76     88    -88    -99   -109   -125    -41    -42    -33    120     -6   -103 

B: 
   -57      5    115    -52    -80    -66    -71     11    -81     91     77    -63     81     -8    -94    -18 
   -61    -54    -58     86    -54   -108    -82    -38   -123    -78     27      5     21     70     37    -83 
    16     27   -101    -51   -100     69    -76     43    105    -39    -73    -25    109    -49    124     17 
  -110    -33     23     92      2     34     13    -55    -66     62   -113    -85    122   -101     35    107 
  -114    122    -65     47    -90      4    -56      8    114    -57    -56     95     60    -41     -6    -54 
    83    -61   -107    -99    -89      9    -24    -13     41     45     47      9    -68     34     67    -75 
   120   -119     46     56   -105     63    100    -30    -79   -116    -84     34     70     58    -97    104 
  -109    -91     44     -8   -117     15     61     42     76    -67    104    -93    -55    -31     55     30 
    16   -106     79   -122    -63     22     31     78      8     30    -44    113     54    124     45    -49 
    95    -32    -15    -93    -18    -78     87   -109    114     96    119     13     95    -63    -56    -79 
  -106    -76     95     63     -4    -31      3    -36     15     56     65    -37      4     71    -83    122 
   -81   -113     43     91     83     14    -19    105     32    -75    -44    119    -92     94    117    -81 
     4    -73    -56      2     26    -22   -127     28   -114     59     46    -69    113     29    117     35 
   122    -70   -101    -39      5    100    109    -20    -81    -96    -64    110     44    -38    -40     24 
    10    -64    -93    -19     14     71     37   -127     31     67      1     77     70     -4     -2   -123 
    34   -122     55    -70     36    -71     58     64   -105   -109    -92    -47     86    -59    -91      8 

C: 
 20036   -427  10541  10233  13455  27272  13667   2902 -56554 -12912 -28419  -3818   8428  -8466 -11389  25889 
 -5539   2128  -2096  49573  21422   2930    905  18906 -37142 -62253 -62063  32192   9760   8395  -6864  21924 
 -1901    495 -20534  11416   1783  16587 -11843  -5295   7054  10614 -19006   9727 -13302  18085  37398   6663 
-12681  16993   1037  22025  -6490 -13849 -30006  24053 -31378 -40198 -31464  -8619  30536 -11125  -7160  17434 
-27088 -28354  33080  24362  -9775 -18370  44928 -31965   1565 -14453   3660 -15683   2124  -3289 -47682  15376 
-11241 -20830  14003   9274   -943 -25093   6843 -17654  20416   1672  16975  20095  -7386  15610 -30007 -31789 
-33070  -4582   6893   -122 -10036 -17628 -43435  32454   7358   2923  43786 -10027 -37672  40159  50562 -22677 
 -8086  -2742  -5077 -21740 -30074    -20    311  -3579  45916   6058  28509   -992 -15813  11555   5406 -20361 
 10542 -41498 -19466   4195  14916  20173  13502   5032  -7077 -16173  17039  32205 -28730  37669  37894 -20697 
  5766   2122 -10879  18495  -9261  21290   4351 -22319  30934   -826   4606   6527 -27118  30467  12611   1352 
 -3677  -2225  35908 -17062  -6501 -36449 -21139 -11295 -12918  42799  49950 -19157  15499  31283 -25684  -2949 
-12104 -21296  27388 -32589 -17732    -13   3633  19297  59414  24575  39189  -8006 -20724  17508  24243 -10686 
 84713 -11043 -32179 -58702  -9278  21635  20686  -2023  -1743   2150  -3668  29879   6888  11578  -6447 -10293 
-10686   2947 -15371  48840  49778  25157 -21912  -5484  -6262  15540 -21669  -2236 -22404  13939  37666  27040 
-11840 -12169  14937 -31629 -41407 -11576  -3668  -5491     62  13793   3044 -26425  72759 -21586 -15739   1343 
 14233  58166 -62358   6308   9806  33965 -20103  -4209  17893  -7297 -21341  21489 -27188 -16757  20922  -4574 

----------------------------------------------
                 Case 7                    
----------------------------------------------
K:  16 M:  16 N: 16
A: 
    86    -54     67    118    123    -97    107    -40     42     -4    105     53    -74     -9      4    -25 
    21     49     46    -39    -83    -63     45   -127    -56     97    -96    -90    115    105    -40    -91 
   -11     69    -57     91     39   -102    -18   -121   -124     67     25     -2   -103   -102    -50    -60 
  -123   -110    -83     83     62    115     21    -31     12     34     20    124   -105    -89    -66     69 
    64      4     83    -13     61     -3    -87    -94    -36    111     17    -39    113    -11     92     76 
     8    -43    -10    105    -91    -59      0    -35     64    -83   -102    -46     65     94    -81     95 
    11   -115    -53    100    -68    -31    -74    111     65     23     65     61     15    -93    -28    -65 
     2   -118    126     97     -6     34    -86     12    -34     90    120     49    108    -39    -58    -25 
    11   -124    -86     73    -52     38    -92    -29   -118     57   -124    -49   -102   -128    117     17 
  -103     33   -107      9    -34    103     54   -117   -122     92    111     49    -37     71    -51    117 
   -43    -87    -25     37   -124    -50   -110     93      0    -99      0    -10     15     65    -87   -115 
  -127     14    126     64     45    -84    -60     72     24   -124     92     72   -109   -116     12      1 
   -13    -34     90     43     98      6   -103    119    -74    -63     86      2     99     75   -111    117 
    57    -53    -23    -29    118   -116     48    101    104     -8     50    -43     41    -17   -116    -87 
  -117    -48    -35    -42    -42    -35     30     79    -47     42    126    -61     39    -30    -31     48 
   -16     65    -40     23   -116    -95    -36   -117    108    -34     -8     64    -32     74   -105    -61 

B: 
     2     79    -55     13     -2     98   -128     73   -118   -101    -83     81     73     20    -39     50 
   -37     37    -41    103     57    -78     40    125     66    -96    -36    125     10    -32     27    124 
   -74     58     27     78    -32    -69    -22    -90    -70    -36     15    -92    -67     14    112    -13 
   108    -18   -114    -58     53     51    -22     79   -102    -85     22    -73    -72     38    -72     -4 
    22     24    118     97    -22    -65     65     10    -58     -5    -19    -15     13     72    -54    -55 
   -76     68    -35    -56    -71   -125    -84     47     10     27     44    -89    107     70     95    113 
   -14     -7    -73    -69    -41     13   -105     -7     -6     26    -45   -112    -47     48     -6    -94 
     7    107    -14     59   -112    125     83   -118    -29    -88    -51    110     77     75    -73     20 
  -126    124    -20     47     -1     51    -45     88     93     36   -102     90    -77    -80    -72    -48 
   -74     36    -64     44   -124      2     11    -32     75     57    -25    -86    -96      1   -105    -20 
  -121    116    -14     19    -25     18    -13    -26     63     33     28   -127   -117    106   -128    -89 
    -7    105   -110     96     51     12    -68     99    125     15     70    115   -107   -127     99    100 
   119   -104     65    -48     -3     26     65   -101    122     65    106     36    -24    -35     66    -98 
    -2    -84    -48     84     22    -51   -119    -19   -126    -78     72    -95    -80    107    -56    -56 
    -8     -5    -87     92   -105     57     -3   -100     52     51    -34     74     46    -87     27    106 
   -27     57     45    -15    -78    111      7     40   -125    101     37    -11     70    -30    105     10 

C: 
 -7961  27701 -17236  13978   7220  15204 -26479  16048 -25739 -13761 -18060 -28512 -44012  16136 -37077 -30374 
 20432 -63143   1404 -11794  16991 -29163 -10833 -16379   3975  -7057  11624 -25051 -21473   -486   4262 -24648 
 17108 -16245  -5044  -9083  30360 -15780  17671  31178    899 -11164  -5921 -13851 -17187  -2307 -23740   6077 
 -9925  26460  -8278 -23120  -4386  -7287  -3475  34214   9698  33595  13693 -30155  -9119  -2481   5068   6280 
  -217  -7484  15966  15761 -22590  -1498  10160 -19542   -463  22471  12434 -10592   -570 -10894  15087   -578 
 32296 -33920   2455 -29882  26929  22632 -14090  14786 -40539  -7429  13360  -1773  -3187  -6114  11134 -23788 
  7438  25915 -17254 -13816   -794  41598  12131  -5834  25188  -1905  -5445  19019 -16275  -7459 -34361  -7153 
   924  14406   1947  -7845 -10490   2085   6186 -27065   9590   9181  30669 -42074 -37129  15136  -5332 -24808 
 28631 -21509 -10571 -31551 -17473  17924  13850  -7979 -19112  14342  -7522   4036  48175 -20156   9334  41618 
-15194  -8980 -16027 -20083  -3347 -27369 -17738  25329   4910  31496  38604 -63098 -18252  19521   6371    841 
 25094 -22141   2570 -16622  29516   9722   9456 -19107  -3221 -27264  14251  10657  -6667  10867 -17988 -13893 
-12812  37954   9871  24273  12943   4200  33047  -2510   4929  -8294  -4197  14033 -18114 -10019   5904   7405 
 16117   7745  38689   9310  -4480   6858  23981 -24139 -43561 -12442  37235 -19096   1683  40605   6537 -25998 
  2021  13823  26909   4354   4338  21243  14418 -11058   1957 -15157 -26634  10730 -17636  23548 -55109 -55211 
 -6887  -2188  17249 -18069 -22965  15249  29988 -39450  17005  26435  11675 -29543  -8500  20588 -19369 -34910 
 -4681 -10984 -17738    261  55192  -9681 -20949  47829  19946 -14486   1844  15926 -43700 -25238 -10103  -5763 

----------------------------------------------
                 Case 8                    
----------------------------------------------
K:  16 M:  16 N: 16
A: 
    48      2    -40   -115   -115    -76     79      2    -58    -63    -52     -8    -66   -110     51    -81 
   -64     -8    -62     97     45     32     45    -53    100    -17     36    111     -7    -51    -86    107 
    71    125     -6    -89     90    -87      7     23    -39     94    120    117    -76    -69      6     33 
   -65   -104     73    -78    -79    -66    -82   -106    117    -97     13    -65     76    -94   -106    106 
    41     15     48    115    119   -102    -58    117     -9     89    100     61     28    -95     63    -22 
    55     41    -10    116     67     41    115     72     56     41   -123    118    111    -42    -71   -106 
   -91     14    -87     92    -57    117     -8     30    -97     51     67    -81   -103   -104     94     56 
  -115    -76     30    -15     67    -23     50    -93     76    -79   -122   -104   -128   -100    -67     13 
    91     38    120     37     25     49    -81    101     11    -33     55    100     99    112    -76    -33 
   115     99      8   -113     64   -124    106     56     58   -128    -45      1    -80     -4     41     12 
   106    -38     59    107    -44    -45    -72    101    113    -38    -43    -98     36    -76    -14     30 
    21    109     -5    -18    -95     89    -63    -58     45     15    104    -57      6    -62    -23    106 
  -117    -61     19     87    -21     60    -22    -98     89    -31    109    104    -54   -111    -27   -108 
   -91   -127    -33    -52    -80     85    -88     85      3     56    -60   -124      7     60    104     31 
    92    -55     -9     77     98     95    122   -112    -15    108    -92     80    -58    -79     18     61 
   -79    -80     15    110    124    -96      4     27    -28     16     33    -36    -75    -25     36     67 

B: 
    76    -48     42   -107    -34   -122    115     94     94    -69     60    -43      2     -2    -89     15 
   -77     83    102    -21    -24     45    125    -37    -50    -42    113    115    -23    -65    -12    -31 
   -87    100    -39     78    -75    -82   -127   -122     98      0     47     49    -38    -82     77   -124 
    75     55    -12     16     48    -13     40    -86     20    -24    -89    -21     85   -101     76    -99 
   -36     57     13    -89     -7    -63    -74    -52    -45    -95    104    -46   -120     13    108      7 
  -116   -118    125    -95      7    -66     17    109     15    -42    -43      5     33     18    -59      9 
    -6     65     55    -63    -22    -83     51     51    -93     66    -60    -37   -103     81    -54     32 
    56    109   -112   -121     43     28      4    -65     99     30     -1     67     55     52     97   -106 
    35    -33     61   -112      2     89     68   -114     80   -121    -64    -25    -42     78     75    125 
   -37     14     10     55      1    -97    -71     59     -2     32    -65     70     26    -64    -25    -86 
    72    -45    -26    -89     -2   -125     32     73    -21      3     95    -33     -8    -95     74     55 
   -16     42     26    -97   -127      5     18     51      5      2     23    -74    -21    119    115     16 
    97     54    -19     34   -113    -93    -33     11     14    -94    -15    -78     -9     68      4    -53 
  -102     81    -33    -91     55   -122    -52    104    -92    104    -39    -38    104    -31    -80   -103 
    10     24    -99    -97   -117    -83     58   -102     24    -79    -92    -29    -97    -87      6    -88 
     9    -35     44    -81     15      3      9     42    -68    101    -24    -70     91      8    -28     57 

C: 
 12227 -10076  -8467  19913 -10412  27260  26353  -1276   7544   6139   3242  13609 -26722  15642 -24557  18733 
  9422 -13334  33664 -21763   3981  22041  12706   4161 -17642  -1174  -7518 -25973   4340  26105  27685  42043 
  -336  11243   8200 -27134 -20137 -13170  16663  12615  -7732   -609  51646  10607 -26603  -7241  23049  12379 
 22437 -34399   3791  44421   1424  42837 -21473 -19941  13297  -2782   2660 -16750   6069  18929   5141  52050 
 36312  33908 -32772 -14168 -19040 -20371  -3097 -40550  29647 -28910  20012   3680 -15183 -24958  62179 -32330 
  9853  34262  21481 -12932 -18875  -2661  11786 -10216  16986 -32134 -10799  -3670 -16071  42647  22239 -16558 
  -418 -28607   -729   2832  22154   7316  17165   2631 -11006  14860 -23660  19959  16451 -38953  -7496  -5932 
-16181 -18534  14841  38609  27558  57749 -19650 -39727  -8391   2538  -9732   5821 -23613  14423   2598  41757 
 -3029  28857  -4737 -29004 -14388 -33828 -10434   7688  28089 -12521  28250  -4845  21674   2922  26601 -34176 
  3202  22837   2437 -39871  -9396  15929  35794 -21561    592  -7747  31744    835 -39572  22513  -1214  23166 
 41973    634 -14865   1931  10499  19479  12914 -45965  52435 -26304 -11215   4518  17233  -5418  15558  -6542 
  -436 -37094  32914  -2678   3690   5201  27996  16153    530  -5462  11689  10871  18071 -21585 -16646  26883 
  4405 -25834  11671  14257  -6713  23589   -324 -18295  11408 -22839  -4828  -6281 -16649    -16  44096  31209 
 -8283 -18552 -31606   5593  19603   3088 -25976  -2676  10730  15131 -48655   8828  29041  -8413 -22419 -23470 
-13031 -17275  39332 -13462 -13838 -25858   5488  21238  -9707  -7364 -21201 -20605 -20410  10999 -11787  12056 
 12879  16896 -28283   3005  16653   1215 -23252 -33793 -10062  11797  -5869  -7440  -3749 -22918  34807 -10621 

----------------------------------------------
                 Case 9                    
----------------------------------------------
K:  16 M:  16 N: 16
A: 
    30   -116    -98    -17     16    121     28    -28     56   -128   -124    -83     43   -111    -67    -83 
    94     96     70     10    -39    -58   -111    -42   -100     76    -53    -82     -4    -28    100     60 
  -117    -32    -70     16     33    -21     -2    -80    113     59     65    -94    -73     21    -95      8 
   101      7     62     27     18    -50    -75     97    -58     55     94    113    113     98     38     97 
    50     39    -89    113    -33    -29   -111    -99     16     76   -106     34     71    -99     20    -70 
   -15     56   -122    -30    -81    104     63     75    126     59     34     -7    -87    -86   -126     -4 
   109    -41    -76    -96    -94    -60     92   -112    -24     45     71    106   -116    -45     79      2 
   -46     87     82    120    109     78     53    113    -10    -46    -24    108   -101     87     62    -18 
   -72    -35     40    -22    -60    114    -52     -2     40    123    -27   -118    -43      6    -34    -70 
   108     97   -114     90     75     69    107    -24      3    -58    -74    -61    101    -19     34    106 
  -116   -100    106    -52     44    102     42    101    -78     88    -24     73     12    -16     26      9 
   -39     90   -117     71     41      3     90    -96   -103    -31     11    -20     57    -97    -45     19 
   -72    -72    -66     -9     50     59    119    -77    -82    -65    -97    -85     44      9   -107    -87 
     0    -42    -11     39    -69     45     59     67     60     24    -29     45     96     78     18     97 
   -97   -117    -35     72    -43     26     60     62      0   -112     72     86   -113     46    -58   -116 
    80    -42    111    -38     14     92    -36   -105    -86    -26     91    111    -79    -56     89     74 

B: 
   -75     74     31    -17     -2    -81    -74      8    105   -109     26   -116    -79   -110    -55     82 
    36    -24     74     -7    113     38     66     92     94    -94     20   -101     94     93     32    120 
     4    -18    -85    -94     39    -45     84    102    -19   -107     29    -95     20     70      5     63 
    -4   -122    -69    112    -80     34    -59     -6    118    -52    124     49     32   -125      6    -77 
   -63     82     27    -80    -44    -28     75    -85   -128     95    -40     94     28     21     38     61 
   -65      3    -44    -57   -107    -49    -90     -1      9    -61    -77    -41    -40   -125     22   -102 
    80   -104   -121     -9     34      1    -35     69     -7     84     11     93     59     82   -106    -78 
  -120     69     54    -51     14     36     72     45    -29     74     98     37     -4     29     59     25 
    10    -95     -3   -110     81    -61    -31    111    -69    -80     86   -105    102    -47     -3      5 
   110     98    -59   -104    -88     60    -64    -93    -20     77     -6    -96     88      2    -39     16 
   -22    -91    109      3   -117    -68    -38    -93    -91     78   -114    -28    109     11     17     27 
    24    -22   -124     -8     28    109     59    -62     27     11    100     87    -70    -54     97    -28 
   -70   -123     86     38     29     85     75   -110    -14    108    -95    108     45     95     47    -59 
    91     99    108   -119    109     22     89     48   -107    101    -51     97     63    103    -96     50 
    25     25     68     22    -95   -116    -75     66    108   -111    -94    104     -3    112     96    -20 
  -123    104    -27     -6     87     56    125     42    126     88     49    -21    -38    -56    -52     -9 

C: 
-27384 -25666 -14388  21920 -12445 -17737 -35524  -4303  -6921 -17932  -3656   6135 -33367 -42102  -2078 -39367 
 -1557  37481  18059  10450  -2181  -8335    446  10549  54610 -40143  -7543 -36379  -9908  11622   2303  31890 
 23601 -10536    823 -11790  -4168  -3116 -12379  -7695 -42061  25772  -3553 -18367  35715 -11434 -24195  -3684 
-26566  25416  26945 -14508   5629  21124  39907 -23121   9886  29803    437  15000   1193  11218  13493  21986 
 10609 -17988  -8964  35325 -17569  16064 -31439 -26772  42431 -37518  15539 -13081 -10421 -32163  19649  -9827 
  -404 -14812 -18732 -11527    193   5632 -30528  10000  -5694    378  26952 -48253  13475 -41355 -11717 -12397 
 32497   6839 -21155  10648 -14862 -17611 -41386  -4844  24183 -14310  -7519 -11236 -17950  -9945 -13361   -423 
  1884   6813 -18890 -21272   1931   1052  20196  32005   2295 -13780  30493  30688   6089   5653  19032   4751 
 19846   9228  -6316 -24888 -23027 -11661 -29347   4386 -23559 -12725 -13761 -39861  14620  -8531 -10513  -8282 
-30367 -10014   7747  20788  10865   1769  -3118   8544  47899    150   -572  18592  -2441 -13328 -11855 -14771 
 -4003  19905 -35143 -26329 -25075  14289  14534 -14533 -24404  31899  -7171  27559  -9380  13463  16424 -23084 
   -86 -33792  -7932  46970 -10858  20087  -7477 -27421  25200  18303 -11325  21988   3427  -4023  -2266 -20099 
 12244 -18853 -17255  17355  -2491   8727  -9082 -17331 -29212  30531 -22070  38447  -8852   4171 -24344 -33096 
 -9755  -5835  -7280 -10660  18286  20300  12815  10467  11454  23776  12972  20725   3976  -1627  -8634 -24818 
 14088 -32415 -21645  12906 -17139   -947 -15958   -657 -34712  12139  18726  37568  -6316 -19169   2755 -29233 
-13559  16482 -23266    284 -33320 -27609 -11569  -7654  27396 -34107 -19476 -14761 -33329 -25841  14705   1010 

----------------------------------------------
                 Case 10                    
----------------------------------------------
K:  16 M:  16 N: 16
A: 
    36   -114    111     28     -8     73     62      7     23    -20    -24     65    -54    112    118    120 
   -87     12    -38     25      6    125    104   -121    -39     32   -118    -12     96     -5     47     76 
    55    -89    -60     29    -70    106    -13      0     18    -65    -19    -59    126    -31     10     26 
    65    -18    -75     18   -112   -100     68    -27   -120     44    -74     91    -20    -25    -69     -5 
   -91    119   -127     89    -65     79    -13     50   -128    -11    -61    -86    -58     38     74     12 
   -98     55    -56     -5   -117     82     63     31     16     -6   -128    -89      1    -43     72     76 
    38     -3    -64     98    -11    -40    -75    -38    -65     30     56     35    108   -109    110    117 
     2     78   -123     48     14    -52     17   -115     49    -95    108    104     36    -53    -47   -121 
     9   -117    -17    -30    -45   -115     47    123   -105     58    -10     68     86     81     41     77 
    54    -75    118    -80    116     -1     47    -79     24    112      4    107     66     47    -99     97 
    86     97    -38     22     17   -103     86    -65     20    100     41    -64   -122    -48    -19    -73 
   121    -26   -101    -78     66     58     -1    123    -28    118    -76      9     59   -116   -121    110 
   -55    -43    -84   -123    -81     40    -59     61      2    -59      8     40   -110     37    -85      4 
    22    114    -81   -121      6      1    -42   -104    -66   -110   -101      4    -43   -119    -64     -8 
   -58    -51     98     98   -119    -23     30      7   -117    -91    -17    -37     17      5     64    112 
   -50     70    -91    126    -55    -16    -40     -8     65   -113     60     -5    -35     17   -118    112 

B: 
   -75    -68     13    106     51   -111    -62     69     88    -98     96     18     12    -11     78    123 
   -16    117    -86    110     48    -58     61    -76    -27    -12    -31    -90    113     25    -37    -50 
  -103     98    -13    -36   -103     52   -119     68    -56    -67    108    -38    -37     44    -87    101 
    93     27     -6    116     83    -25    105     10     -8     61    -97     58    -17    118     42     47 
   -79      4     32    -95     15    -86    120      5     84   -119   -124    -44    117    -84    -86    -53 
  -102     55    -35     99     89    -15    101      3     59      8    -77    116     73   -110    104    -11 
   -93     20     43     27     19     66    101    -37     85    -43    -56    -66    -61    -42   -122     73 
    47    -29     28    -43    -31     25     89     -2     59    123    -16     32    -56    -74    -33    105 
   -96   -108     78     92    -78     63     19    -12   -119     18     91     38    -64     95   -106    -18 
   -13    -99    -15    -92     50     84   -110     61    -74     72    -45     -2    111    -53    -95     25 
    91    -59     23   -121    119     49    -28     98   -112    -51    -99     54    112     -9     30    -20 
   100    -85      7    -66    -51   -120     94    102    -55    -73    123     69     89     28      7    -80 
    65   -111    -33     34     65     -2     41   -128     47    120    -61    120     17   -120    103    -86 
     6    109    123   -100     47    -96   -118    -86     87     17    -66    -88    -71     -3      7   -110 
   -91     42    -63     54    -25   -112     84    108    -72   -103     37     99    -99     99   -122    -72 
   -79     28     68     50     34    106     72    -48     51    -67      8     16    119     26    -72   -117 

C: 
-42644  22773  26993   1794 -11488  -8799   6384  23893  11810 -37475  22641  14635 -23681  20689 -29587  -8309 
-28692  18686 -12814  34822  17696   6777  38214 -33248  24246   3382 -27472  12831   9694 -16684  -2968 -35930 
 -1369 -19550  -2838  41410  18718   4967  16353 -18473  21512  23945  -5883  44167 -16628 -16969  45604     76 
 34805 -15503  -4149   -861    412  -4348 -13908   1263  15046   9008  21060 -14816  -1779   2205  18344  18814 
 13971  52289 -23386  30952  28933 -13038  33295 -25089  19697  28057 -44697  -4734  -5401   3554  13609 -14705 
-26505  26216 -15202  52107  -4639  27696  31751 -32014   8030  27836  -3006   6433 -25047   4878 -15179  -7732 
 24601 -27405 -22177  22600  27122  -6877  31191  15636 -14718  -6365  -6317  46871  32800  13551  14431 -26383 
 45564 -27131 -10107   8966  15855 -29146  25424   1332 -24981  -9612  -7581   6479  18118  14190  30678 -18287 
 28331 -22340  19594 -43300  -2304   2654  -8890   -986  23477  17521   4130   7601 -16484 -17515  -7958  -6341 
-26368 -26059  27123 -41101  -3628  12660 -24920   5658  11617 -29830  12232  -8430  44219 -28515 -19940 -13790 
-10543  -3192  -5925   4890   8909   5027 -22019  17468 -17390 -18711  -4230 -40021   9133  18947 -29338  34730 
-10168 -49541   2322   6452  14901  20812  22690 -11948  43388  19657  -4249  13944  50193 -60442  13978  18804 
 18493    621  15305 -24191 -14437   8677 -14006  -2926   1554  12406  16324  -8433  -4521  -9169  20678  -6758 
 -6020  15419 -27823  29206 -12136 -17141  10224 -18267  14131 -21474  22242 -23126  21521  -6834  25173  -8707 
  7103  39158  -4520  16860  -2857  17558   4495  -4927   8545   2195   4303   8311 -30459  26005   3096   2812 
 32948   9376  17019  28981  19837  17407  24687 -29930  -3414  16074 -16612  -3481  16600  28679  23385 -21851 

----------------------------------------------
                 Case 11                    
----------------------------------------------
K:  16 M:  16 N: 16
A: 
   -15    -38    -89     88     43    -80     43     56    -64    -87     69     77    -59     83    -43     74 
    57    -13    104     24    123     73    -58      6    112    107     59    -32    -73    -80     61   -117 
  -127    -20   -114     72    -45    -92     70    -67    -94     -5      3    -49    -52    124    -80     54 
    49     -4   -101    -20    -73     44     -7    108     84   -104    -28   -111     43    -54     50    -18 
   -79    117     63     75    -23    -40    -82    -22    101    -17     83    -13     45   -124    -95      8 
   -13    -87    -37     -5    -78    -67    122     87     -9      5    117     95     85   -127   -127   -118 
     9     92    -33    -19     44     17    -57     59    121    -55    -98     36     71    -98    -87    -81 
  -127     29     19    -81    -53     39      8     42    -19      3   -120     75    -75    -57     30     59 
   -65   -114    111    -30     70     50   -116     32   -112    111    -86    -98    -65    -49     37     70 
  -109      7    -73    -47    -10     66   -123    -37     86    -68    102    108    -65    -53     64     95 
   -36    120    106    114   -102     23     38   -101    -96     71    -73     -5     55     23    -52    104 
    51    -24     15    -59   -120      0    -23     17     63     47    122   -120    -18    -19     -2     39 
    43     22    -45   -120     -2    -83     73   -117    115     33     80    102   -110    -34    -38     -2 
   -97    -93     41     -9    -57   -105     88    -15     86     19    104   -116    117     20    -71   -106 
    22     64     11    -59    115     63   -120   -119     84    -78     75    -91    104    -73     40     70 
   -65    -13    -28    -55    -44     43     78     62      3    -57     10    102    -20    -52    -57    -46 

B: 
   -57    -24     86   -111    -44    -93     -8    -54     91     18    -20    -15     24   -118    -84      6 
    42    106    -67      9     85      1    -59     61     63    -31    -80    104    112      0     74   -127 
    64     14     81    109    -50     53     77    -46    -66   -126   -113     82   -118     93     28     97 
   -92    -75     49   -104    -27     42     63     94     -7    -77   -112      2    -97     53    -87     33 
    86     29    -11    115     29     58    -67    -73      7     66     57     61      9     41     65    -42 
    59    -85     86     10     49     99    -25     97   -123      9     87    -24    -18    -53    -15    108 
   -40    -98    -91    -64    -35    -46    -30    101     30      0     56   -127     63   -100      0     27 
    86    -19     22    -71     85    -59     86     -6     92     58    -32   -105     48    -62    -36   -114 
    87    123    -20   -102     31    -11    -69     18     85    -56    -74     10     57     28     -2   -118 
   110    -32    -88   -112    -18     79    110     95    115    -25    -39     23     10    -15    -46     78 
   -78     18      0    -21     31    -24    122      6    -88    -21     -4    -19    -98     44   -125    -52 
   122     53    -95     86     21     32     21     82     29     32     50     80     82    -53     26    108 
    93    -92   -115    -65     87   -103   -117    125    -45    -85   -119   -115     48    -61   -116     80 
    44    -59    -42    -72     86    -89    -39    108     64    -72     -6    -81     29     60    -14    -70 
    36     95   -110     41    -47     91     32    -81      7   -114   -116     20    -34    123    -55    114 
    80     89   -113    -50   -113    105     76     41     29   -127    -10    -80      3     71   -121    -51 

C: 
-21048  -5478 -10387  -6272   -912 -13186  16493   9383   8610  12029  22122 -22157    867   3400 -13121 -30374 
 13909  16378  35358  12014     49  30567  17310 -31783  -1066   4260 -15654  44211 -27462  15492   8795  14628 
-38261 -24411 -20104 -17472  -6276 -10503   3472  28902   2172    982  23326 -26787  -2113  13163   1530 -24882 
-15206    914  14795 -31414  12616 -25665 -21580 -14765   3678   8865  -9199 -33464  14014 -19984 -14367 -29056 
 -1595  29377   8226   3103   9168   7463   4567   5095 -15671 -14389 -33442  31281 -11005  16019   1070 -27729 
-22344 -36249    955 -16095  13771 -43624  12212  18785  -8823  39150  17046 -26862   7383 -56431 -12330   9491 
 24320  15358  12143   4793  32156 -17101 -44851  -1482  12064  28445  -4352  19209  37772 -30863  30458 -26566 
 31664  23775 -17119  33485  -9338  34835   6631  -1822   1632   5422  17337  14003  17917   4018  32410  11808 
 21092  -3634  23694  33250 -30022  53714  37603 -37105 -16360  -4274   4497  14414 -41029  33394   6431  34185 
 17680  56674 -15964  31007   -222  39997  11643 -10398 -23231  -3396  15560  25041  -2928  31862  -2308  -9861 
  2884 -17960 -16720 -11607 -17507  21179   9316  51229  -7272 -47522 -29393   5057  -7407   9522  -8890  29576 
-18432   7457  12790 -35707  -9815  -9645  27572 -10169   -159 -15551 -13744 -18091 -18189   3844 -31832 -20056 
 -4833  40009 -20044   5381 -14046  -2816  -2285 -10397  22668  18040  29107  25950  23334 -10655  18995 -19222 
-22799 -29777  -2851 -26553  13729 -43216  -7022  12442 -14130  -9929 -19289 -33405 -16828    791 -12576 -11281 
 11015  36960    684  22856   3424  16548 -32594 -25190 -33882 -21451 -16373  19842 -10329  26865 -10890 -11880 
  3167  -6660    -16  15389  13247  -8144  -3536  11402 -10437  30170  32106  -7174  18660 -29780  18529   1844 

----------------------------------------------
                 Case 12                    
----------------------------------------------
K:  16 M:  16 N: 16
A: 
   -42   -128     43     45   -119    -32     -7     97     78     73    -99     -8    -10     -1     16     17 
  -128     96    -36   -124    -14     87    -69    126    -30    -40   -106     93     87    -51     95      7 
   -43     31    -69   -106    123    118    -17    102     27      6     80    -18    -19     -9    126    -52 
   -99    108     78    -24    126     72     60     88     88     63    -16   -105   -114    -91    -26     81 
   -38    124     19     89    -83    -81      1     61    -89   -103     65     30     64    -13     64    -47 
  -111    -26     46    -56    -19     15     63     58    115    -64     92     65     68    112     11   -112 
   -79     89   -105    -60    125     31    -95   -111    -36   -125     38    -87     64     32    -29     89 
    52    -21   -103      2     66    -80     81    -31   -125     87    -29    -55     93     -7     70    124 
  -115    -13    126    -69     92     14    -11   -101    106     36     18    -22     43    -45     66   -126 
    76      9     55    -40     10     71     -3   -125     81     96    -85     36     56     36    -17    -53 
    47     92    -47     -9    111    -50    -75     -5    109    124    -73   -119    121    -24     84     14 
    60    101    -44    104     18     21    -70    120    111     68     55     80    112     22     38      0 
  -121    -52    -13    -49    -95     -5    -73     66   -101    -71     87     68    -75    -48     74     71 
    51    -59   -122    -36    117     25    115     61    -73     41     -3     77    114     46    -68     93 
  -105    126      1     32     60    -80     35    -35      9    -53    -78     59   -105    110   -104   -115 
   -76    -92    -72     75    -44    -83     -1     86    -23    -15    -40     91   -121     10   -110     90 

B: 
   -83     75     -6     57     12     25     88   -118    113    106    -40   -113     -4    -87    -87      7 
    22    -55    -56     67    -96     65     41     80     67    116     82     13     56    -85     82    -81 
    51   -124     -8    -64      4    -55    -24     -9    -35     30    -93      5     68    -68     97   -121 
   -81    114    -24    102     42    -17    -79   -109   -106    -74     -9    -27    -69    -80    -84     49 
   -24    -46     99     53    -32    -33      1     54    -76     -3     61     77    -23     99    -63    126 
   124    -61     18     81    -73     10    -68   -108     57   -119     61     18    -48     85    103    -31 
  -119     66     -2     16    -14   -125     98    -67    -95     86     31   -123     74     48     98    120 
   -54   -124    -88    -84     80      3     90    -43    -10     35     45    -89    -83   -101    -42    -29 
    71    -38     -2   -105     64    121      5    117    -20    -14    113   -111   -127    -92    100     61 
  -104     30   -115   -102     77    -11    123    116     74    -61   -114     74      7     15    -49    -65 
    53   -113   -106     58     77     -1    115    -30    104     18    -44     -8     44     78    -75     39 
    44    -98   -105     92   -116    -42    -81      7     69     79     33    -17     92     36    101    -85 
    55    -56    -98     33    -53    -56    126     88    -46   -114    -66    117    -60    -92   -108    -78 
    14    -77     -1     88     87     10    -93     92    -20    117     93     99     57     55    -55    -68 
    17    120    -40    -98     30    -41     16   -117    -46    -88    -16    -80    -97     84   -128   -115 
    58    -34   -109    104    -16    -45     85      3    -64     70     60     19    -35    -71     14    114 

C: 
-13258  11800 -13612 -48623  32417    472  -4264    467 -21032 -21536 -12368 -19983 -27568 -29713   3155 -12801 
 40071 -36372 -19021 -17152 -41221    881  -4993  13228   2923 -21627  22758  13941 -17587   -771  21371 -51501 
 20209 -24561   2142 -19171   2902   8114  14700  -5689  14410 -21832  23931  -4682 -24985  44094 -12772  -5232 
  1467 -24752   9178 -26821   2140   7265  20192  15690 -19120   2093  28014 -12506 -15573  -5996  46800  35115 
  -965  -3917 -25762  14125  -9064  -8645   3499 -21186  -4731   9779  -7570  -8388  10113 -21958 -18482 -33419 
 28766 -52418  -8198 -15238  12505    731 -10333  25738  -5914   2091  20273  -3463   5677  16535  20992 -21677 
 43430 -15491  25370  46756 -28058  12887  -9275  30242  -9054  -5709  32534  53514  -4833  21295 -13130  29730 
-38143  44631 -17029  15269   -150 -35101  51908  -3323 -22266  -2284 -19030  18144  -4598   7556 -56589  25613 
 26882 -14253  23311 -46105  -3122   2141 -10495  34881 -10253 -41124 -15266  17027  -3737  27492  18650 -21162 
  8673   4069   7795  -4677 -14516   8144  -9012  27550  16334  -9464  -7953  15076   5368   -594  21273 -25065 
 -8917  21046  -5128 -32184  10416  20896  42511  47000  -8690 -28917  -1969  18221 -47300 -28885 -43655  -5209 
  4954 -24991 -51210   8933   8100  19101  26229  15513  16054  -7243  13704  -5648 -34307 -38970 -27260 -24510 
 27383 -18941 -21535  -4117  -1100  -9341 -12074 -28609   8670  -4635  -4508  -4038   6129  22647    646 -15187 
-20590 -13238 -19698  42571 -14269 -32877  38017   6917  -8599  15695  12936  18668   5869  14417 -20316  36754 
-12749 -12571  35333  15669 -13878  13397 -55968  40374 -12314  44579  36803  14074  40456   9708  42054   1258 
-20578  -1033  -6138  12491  11423  -3254 -25632  -2144 -16199  25145  17559  -9847   7643  -8718  14781  35667 

----------------------------------------------
                 Case 13                    
----------------------------------------------
K:  16 M:  16 N: 16
A: 
  -108     61     -6    102    -45    -56     55     80    -26    -41    -52    100     64    111     42    -28 
  -116     39   -100    -49     10     62    -70    -42   -104    -26    -21    -10     -3    -47    -78     51 
    36    -75   -111    108     20    -67     39     95     40     35     89     -7    -59     83     99   -127 
   -86   -116     45     94    102    114   -105    -23    -33     82    -88     43   -122   -108     75     31 
    31     24    -96     70    126    -82     21    -26    -12     28    -97   -115     26    -72    -74    -84 
   -94     68     25    -95    -16    -27    123     72     95    -73     47     84    -73    124      1    -83 
     7    -84    120   -115     80    -74    100    112    -99    106    -62     76    -85   -124     29    -87 
   -70    -71     30     43    -42    -86    -50     72   -103    112    -83   -125    122   -100     26     93 
   112    -52    -29      9      0    125    -45   -127     79    125     97    122     47     -6     79     86 
   -73     56    -87     92    -33   -106    -82    122    -16     12    -98     86     65     54   -112   -114 
   -44    118    117    -13     41     98    108    -38    124    -89    -18    -64     47     96     14     89 
    64   -112    115    111    -43     84     96    100     96    -41   -103    -84     30     58     33     69 
  -113    -88     59     79    -85    -35   -124    114     83     91    -33     -8     76   -119     57     52 
    20   -125     47     -4   -109    -67      3      3    118   -128    -60    -92    -95    -62     -3     41 
  -107    112    115    -64     64    -81    114    -94     21     97     46     71     42    -74     -8    -14 
    38    -61    -81   -127    -90    -82    -68     68    106    -12    -79     71    -62     72     31    -18 

B: 
   -62   -114     90    -35    -11   -105     26     -7    -78     -8      1     25    121     86     24     -8 
   -10     41     -8   -110    -47    -21     78     54     62    -45    123    -94   -112     52    -62     48 
    58     23     27    112    112    -24    -99   -105    114     51    120    -61    -57   -120   -122    -25 
   -89     52    -10     11    -38     16     97    117    -24      1    114    -80     76    -48     88     64 
    61     55    -62    102    -42    -96     59     38     81    -67     54     69    -97    -43    -79    -91 
    62    -57     77    -75    119    120    -75    -81   -128    -83    -73     81    -27   -127   -106     69 
   -79     21    -61    -17    -88     70   -128    -85     32     96     66     21     33    -65     42     43 
    -7    106    115     74     48    119    -18   -125     83    125     35     27    -37     55    -49    -95 
  -112     10    -30    120   -123    -94   -104     73    -89    -59     77    -40    -23    -24     78     99 
  -122    -79    -66     73    -65   -121      8   -103    -56   -119    -98     66   -117     23     24   -123 
   -95     39     32    -64     46      4    104     63    -59    107      1    -60     68     67     19     86 
    95     69     93    -60    -22    -29     32    105     50    -66    -45    123    -46    -59    -47    -14 
    47     10    113     74    -18     -3     21    -92    112     10     25     76     -2   -109     -8    116 
   115     16    118     -7    -96    -44     93     39     23      0     25    -27     98    -69    113    -28 
  -127    -51    -92    -88     60    -62    117    123     84    107    -84   -114    -37    125    -58     77 
   -98    -38    -87      7   -122   -109    -14    -15     47     89    123    -76   -127    -66    -28    121 

C: 
 21075  39520  22957  -6603 -16602  22474  22644  18341  45608  17749  21258  -7593   2937 -17660  12894   6225 
 30868   1832  -9280 -22623   8607  24041   4659  -4960  -5731 -19956 -16437  15093 -23553  -8125 -16414  -1119 
-35437  12830   5665  -3291  -9511   3056  41047  37920 -16848  19534 -21610  -8432  47009  45353  44710 -17497 
 -2098  -9784 -39689  14204  32301  -5639  -3252  10941 -11913 -31455 -29624  11974 -42270 -14320 -36260 -26860 
 -6045    195 -25820  25078 -23051  -6374   4408  -2744  -3773 -29571   8853  13309   5494  13921  19620 -28161 
 22799  38716  17107  -7721 -12691  23199 -16399  11869  16669  17550  13903  -5239   4531  -3668   7347  -5303 
  7063   7583 -16464  28151  32642   7501 -35529 -50321  35442  10198 -28648  38819 -31774  16336 -41654 -77091 
-25785  -9811 -25120  39156   7158   -703  -3103 -51573  34889  23877   -631  -6259 -30324   2138  -7784 -11102 
-35378 -40438   1071 -17110 -11725 -52941  16515  25763 -41313 -31228 -31871  16956  -8433 -10189  -1448  37853 
 40240  41400  41118  16227 -17603  23240  23509   6998  20027 -26020   3662  24371   7817   1312  26313 -37174 
  5151   7841  -4335   9277 -21819  -4049 -30076  -7764  20118  11195  62364 -31286 -21076 -52707 -13649  50726 
-18574  -6699  13342  38815  -3203  13228 -45408 -36234   1985  31839  37126 -14204  18629 -41900   8806  22289 
-34551   7314 -10932  46611  14440   -500 -11672 -16653  13348  11656  -2747 -10477 -35255   -754  -8281   6546 
-23841  -9070 -21040  20479   3106   7878 -47281   2058 -18549  31685  16217 -32305  27239  10122  19932  16549 
 -7545  16090 -35739  13939 -16404 -24405 -15780  -7342  36541 -10982  20888   1314 -50923 -18079 -22589   -576 
  6216  -6335  16116   2763 -17721 -14494  -7541  14635 -10339  -3879 -31149   8960  11226  32907  23494 -21004 

----------------------------------------------
                 Case 14                    
----------------------------------------------
K:  16 M:  16 N: 16
A: 
   -95      1     -3    -45     69     52     54      9   -117     93     79    -37    -47    120    -85     37 
    21    108     12     48     15     49    -43    -90    -39    111     45     98     25    113     11    125 
   -25    104   -124    -32     28    -58     97     90     14    125      5    120    122     41     99      1 
    -4    -73     15    125      8     -1    108     19    -70    -49    -81    122     39     85     84     89 
   -66     52   -117      3    -70    -50     65     34    -28    -77    -81   -116     83    -64     94     42 
  -105     -5    119    -73    -23     61    -35    -62     24    -85   -125   -115     50    -55    -91     22 
     9    -73    -45     70      5    113    -54     43    122    -87    -55   -103     70    125     73     59 
  -101     39     46   -110    -28    -40   -113    -77   -122    -98     60     60     33     42     42    -92 
   102    125    -98      2     98   -111    -42     32     95    -34    -59     91    -50    -53    103     36 
  -126   -124    109     -2   -114     73     34   -128   -102     62     10     19     70   -113     -2    -68 
    25     77   -105    -74    -28    108    102     76    -88     45   -101   -111      0     15     26    104 
   -43    -78     24    -60     70    -24   -116     94     60    -57    -23    -64     99     -2     30     43 
    96     38     23    -34     99    -89     59     36    -64     53   -113     62    -27     38     66    -24 
   -16     44     21     93   -105     86     82    -17    -63   -100    -31     98     66    100    -86    102 
    15     62     84   -109    -76     88   -109    -52    -28    -13     15     28    -15    -29      9   -119 
  -103    -95   -118    -61    -49     90     71     29    -40    -13   -104     62     95    -94    104    106 

B: 
   100    -31    118    -75    124    126     57     40   -123    -71    -57    -68     77     63     15   -115 
   -38   -103    104   -101    -91   -109    118     64      1     69    -69     39   -127   -121     81    123 
    56     32      2     -4     58    124     40     63   -119     53   -106   -104    -47     63    -32   -124 
  -119   -103     -7    -56     85    -51    -90    -81    -99     -6     99     77    -50    -75   -119    100 
    50     51     56     63    -90     94    -12    106     46   -117    109    -65    -28    -12     61     51 
    99   -121     72    -69     23     29   -126     50    103   -127    -80   -107     84    -48     82    116 
     5    104    102    -15    126   -117     19     34    -75     66   -101     89   -106   -125   -109     78 
   -79     30     71     95    -10      8    -78    -24    -68     20    121     67     10     26    -31     66 
    10    -30    -87    -35    -67     50      1    -32     25      4    -67    -91     61     58    119    -18 
   107     36     47    -18     22   -115    -58   -117     14   -117     10     49    -27     97      7    -59 
    18   -127    -78     98     -3    117    -65     56   -113   -102    -50   -116    -64     99    -20    -67 
  -104      1     46     84    -29     -9     90      9     17      1    107    -24    -41    -71    -72      3 
    63    109   -110     21     -7    -89    -58     39   -107    -15     85   -118     89     23     42     13 
    58     46    -63    -47     56    -81    -27    -26    -47    -17    -43    -35    -65     -9   -114    -92 
   -53    124     15    -97    -28    -32     90     24   -104     32    -76    -43    -82   -113     13    -65 
   -36    114     73     45     49    115    -18    -19   -112      2    100     17     55    -56   -114    -70 

C: 
 25029   1357   8680  20698   7793 -13939 -31229    512  13272 -27433   2070  11264 -24414   5295 -26750   3776 
 10603  -5585  16019 -13779   6859 -10631   3607  -3053 -19543 -25636   6888 -14680 -19130 -16769 -22382 -16768 
-14649  41764  16860   5427 -17972 -69311  14510  -6022 -18792    547  27095  16557 -30374 -30802  -5162  19756 
-32679  47047  17661   -306  37130 -20072   1526  -5827 -40949  16664  31873  16723 -16370 -52741 -66226   3032 
-29186  33683  -1934 -16500  -7397 -45367   7028  -4768  -8711  41543   6399  36951   1333 -41412   3417  34781 
 19499   7167 -20446  -6799 -11757  11832  -5756  11720  33857  25242 -17647 -12130  32636   6706  29955  11183 
  7894  10094 -26473 -25206   6435   9041 -37333  -7126 -11029 -10668   1998 -29014  36983  -6864   6794   1403 
 -7023  -5913 -36715  12447 -34088  -3463  29270  25523  16430  17187 -11235 -24815 -20153    330   9886 -15843 
-35296   8140  32247 -10273 -34539   8661  53025   8055  -3698  12162  23606  10485 -11524 -29207  21887   6488 
 14491   3894 -27973   5706  16838 -18407 -17077  -6500  14186   1938 -20054  -8380   6147  10769  -5614  -3859 
 15707  26694  52854 -24113  16425 -35795 -10351  -1463   6740   1588  -8434  35677   7630 -36183   -921  31301 
  3992  31871 -31908  23597 -27237  32104 -17308   6381  -4871  -2829  32222 -29462  35868  26712  23124 -15540 
  1498  42876  42813  -8728   6295 -15971  38974   7737 -12735   8517   8167  19346 -25207 -19143 -12299 -11590 
-19382  -5603   9851  -5113  36881 -21708  -9474   1166 -22708  20632   9496   7784  -2296 -44301 -52186  23356 
 22161 -37280  -6713 -15928 -19394  10161  20026  18730  29550  -1524 -44055 -33518   5139  18046  42223 -10449 
-20421  55363   9797  11346  -3759 -29425 -10442  -7503  15563  10183  31889  15680  28318 -42642  -5713  28429 

----------------------------------------------
                 Case 15                    
----------------------------------------------
K:  16 M:  16 N: 16
A: 
     3     55    108     79    -86    -35     49    -22     60     -2     93     26    -15    -76   -105     81 
   -70     22    -79    -82      8     99    -12    107    -81     -7     52     -2    -85    -91     11     33 
    65     -3    -61     57    112     69      8     38     22    -72     18     63    -36     81    -41   -118 
  -124   -116     61     56     52     52    -15   -105    -27     39    -77    -98     91     89    -59    -83 
   110    -11     39     58    -26      2    -33    -65     54    -85    -90     35   -115    106      7    -86 
   -72    -42     10    -53    -15     57    119   -120     13   -117   -126    -83     48     60    -25    -41 
    71    116    -65    -86    -78     79     97    -27    -64    105     49    -14    -50     74    -48      5 
    16    -15    122    -24    -51    -20      3    -13     88    -99   -124     36     59     44    -55    -16 
  -128     91     35     62     24    -55    -50    -33   -117    -72     62     51    -40      6     10     87 
   -79     70    122    -23    107    105     38    113    -56     29    -78    -80    -50   -108    -28    -71 
   -61     48     48    -84     19    115    -73     46     61     34     75    -55     94      0     10     27 
   -34     31     57   -113     46     81     37    -14    -13     52    -33     48     23    -54    117     17 
   -28     -8     17     68    -39   -100     90    -90    -87    -51    -44     95    -84    -41     38    -54 
  -109    -75   -122    -53     78    112     47     51   -100    -87    -55   -125    -49      0    117    -76 
    24     88     79    -55    102     64     45    113    102      4     90    -58    111   -115    -16   -103 
   -82   -106    104     70    -10    -53    -42   -108    116     84   -101    -39    -21    -95     84     11 

B: 
   108     -3    -43    -55    -91     82     22   -101     58    -62    -77     -3    120   -113   -119    -55 
   -43     62    -84    -31     36    102     14    -36    -75   -112    106     98    -78    -61     46     48 
   -56      7     78    -13    -14     36     47     -9     64   -104     26    -24   -118     20    -47    -74 
   -72    -88     -7    -31    -80    -55   -100     57     79     18    -98     33     12      3    -87     70 
   -83     78   -110    -14    -61   -102    125   -109     10    -49     -7     50    102     23      8    -19 
    86     64     87     28     10    -37    -21    109    -88     -1     62    -54     14    -60    102     -9 
   -54   -112     86     17   -123    -41    -69    -36     29    -22     82   -128    -83     95   -105    115 
    88     50    -26    -82     28     82    123    -64    -25     71    -83     74    -14     80    -86    113 
    38     58   -124    101     19    -92     70      0    -11    -75    -66    117    -20     73    -87     49 
    36    -22     44    103    110     51     51    -27    105     53      3    -39    -81     29     50    -99 
   -21    112     52     63     44    -81     86     55   -106     99   -113    -95      9    -83   -121     42 
   102    -10     27   -104     69    -41     18     25   -108     59   -119   -125    -67     83    -35    -67 
   -88    -41     93     38     41    116    -26    -20    -55   -119    -95    -85    104    -62   -113     62 
  -124    -86     25     14    -47     37    -78     34   -113     43    124    -81    -39      7     -8    -73 
    26    -62     -5     75    -86    109    -52    -40     94    -11     37   -116    -86    -19    -21     96 
   -84    -56    -38    -15    112     97     38     10    -75     59     63     62     94    -88     43     94 

C: 
-10114   4474   6485  -4577  19993 -10708   9330  14996  -6675  -3961 -19409  14732 -12642  -4254 -26779  12565 
 31388  31972    390  -9173  23185  -2905  24564   7313 -20522  34748   8885   7536   -424  -2672  34405  19253 
 12273  16238 -14210 -19223 -33127 -38327   2310  -1623 -19767   1930 -18185  -3746  13974  11240 -16829 -11182 
-45733 -20654  32237  25125 -13020 -24012 -31238  21601  16725 -14944  20936 -15031   2908  11550  21727 -30561 
 13219 -12744 -18267 -16507 -41547 -15732 -27286   3625  12211 -13525   9785   6429 -10953   7301  -2405 -33412 
-31961 -27740  19832  11804 -34560 -14679 -46018  12741  -2091 -33109  52181 -13982  -1517  11331  18324   2222 
 10613  -1162  19208   7532   9050  18925  -9641   4681 -22232  11855  42339 -23057 -17747 -18902  18655 -13847 
 -6202 -13119   1448 -13878  -8507   6595 -11104   -330  -4667 -38369   3575  10192  -6766  16683 -13299 -12128 
-38497    -19  -1696 -20800  15752    657  -4805  16275 -25072  17003  14223   2638 -11317 -10605  20344  10520 
  6745  29143   2381  -9586  -6490  -4278  27616 -15103  24482 -23485  26393  28159 -23789  21550  29355   3119 
 -2912  35959   7377  25813  34007  13729  30167   9183 -29265 -12568   3745   6536   3067 -18790   9682   7418 
 13110   5716  12666  12682   8169  17912  11383 -10082   3656 -15516  22906 -26316 -23060   3104  20724    111 
 -3199 -32463  10242 -20683 -29106 -16917 -36195   2268  25587   5429   4165 -26774 -31885  23307  -2255  -4591 
  2420    240   5805   8737 -37922 -13870 -19569   2275   9008  15674  40109 -11810   6064   9782  37785  27219 
 11838  52026  -4513  13862  -1543  -5744  50215 -25560  -1496 -44584 -29385  14915   2072   2115 -38085  24965 
 -5663 -19461  -6422  33140    733 -14131  -8901   4031  62849 -17210  -4108  14602 -21857  22465  11652  -9271 

----------------------------------------------
                 Case 16                    
----------------------------------------------
K:  16 M:  16 N: 16
A: 
   -32     46    -96     49   -109    -56    -12   -116    -11    -46     85    -16    118     61    -72    -75 
    69    -25    117    108     98     84     37    -11   -121    -89    -82    -75     36    -99    -13     80 
    50     25    -82   -125    -51    -66   -125    -93    123    113    -10     20    119    -23    -10    -36 
  -105    -79     58    -75     90     88    -60     92    -22   -117     63     38    -93    -69    -54    -53 
     3     98    109    -89    -75     34   -110    114     96    106    -72     77    124    -85    -86    -95 
    15     54   -116    -92     24      9     77    -47     46    -99     25     52   -110    -52    107   -114 
  -108    -73     -8   -112    -18      2     69     41     76   -126     24    -58    -59    121    -39    -67 
  -109    111   -124    -31    -54    -51   -102      9     79     55    -74     48   -118    -98     21     53 
    40     93     48    -18    -92    -17     98    112     54     99    -10   -124    111    -80    -21     99 
   -79    -37    -47    104   -100    115    -16     46     45     81    115    -58    -65    -71    -84   -102 
   -39     47   -111     23    -83    108     59     76    105     70    120     63    -33     27    123     18 
   110    -34     51     44     26     -6    -78   -117   -111    -33    100    121     83     87      6    -47 
   -70     86    -49     41     20    124     60    -70     71    -60   -114    -48    -44     86     27     13 
   123     29      5    -74     37    101     16    -89     13    -51    105     34     86    -81     76    103 
    53     27    -86     99     81   -104    -79     16    -23   -108    -55   -105    -31     66    102     82 
    87     82   -110    -69     -5     59    -70    -27     66    -31     44    113     71    -22   -107    -14 

B: 
   -29   -109    -27    -88    -24     91     12     60   -101    -77     94     64   -109     62     42    -20 
   107    106     72     91    -89     68    -34    -69    -80    -66     85     63    -58    -38    101     83 
    64    117     10     41    -48    -87    -68    -89   -100    -85    -83   -112    -21    -56     18    -33 
    81   -111     70     15    -54     68     78    -91     88    109     -1     66     79     -9      8    -10 
    19   -125     29    -98    -91    -67     61     48     87    125     70    -74     61     -6     -8     31 
  -103     47     79     -2    106   -124    -37     -6   -118   -108    -39     24    -21    -52    -97    -82 
   -31    107   -104     24     83    -63    -97    -77    -25     29     58    120    -79   -125     40    -86 
   -26     -2   -118   -100      5    104    -23     98     -9    -10     23    113     45     -5    -75     33 
    38    -62     -9   -125    -86    -59    -10     97     21    -74   -105    104     32   -107    -35   -104 
   106     -2    -43   -116     92   -120    -62    -39    -68     78     83     41     -7    -63    -56     14 
    39    -61    -34      9     39    -64      6     -5   -119      8    100     35    -75     54     12    -21 
    92    -35    -42     73     31    -93    126    -45     44    -46    107     42    -92     92     -5     10 
  -108    -59    -72     38     91    -45     99   -111    -75   -101     82     36     73     71     34     90 
    32    -65     51     51    100    112      3    -49    -89   -126    -88   -100     41    -46     25    -71 
     0     84   -119   -126     59    104     22     44    -52     33     39    -52    -56    -62     62     52 
    37     48     28   -111    -83    -56     -7    -44    -31    -83     19     35    107    -70     67    -35 

C: 
 -6258 -22792  14939  57207  19391  15290  19919 -31282  -4199 -10949   4211   5550   -849  29328  16599   9278 
-24317   9575  18995  -1401 -25213  -7211    887 -21821   4899   9100   1789 -12755  18458  -2280   8629   3312 
  1156 -24471  -7864 -14440   5041 -14304  15139  14143 -10810 -21848  11683   6149  -4581  21362    520  18826 
-17067   3781   7033   8965 -11952 -27086    -21  32306  21879  11242 -21522 -23274   1035  16095 -34399  -6568 
  5218  13626 -11563   7465   -681 -28664  -2903    524 -23242 -42763   1566  23487  -5936  13963 -24525  23306 
 -8158  13872 -15020   3731    384  15778  -1715  36773  15052  17181  13014   9121 -49368   -423   6730  -2066 
-25119  10405  -3100  17547  14304   9560 -21793  23918   6313 -16874 -52498 -17113   5099 -18173 -14228 -32154 
 33677  21467  11383 -15238 -35380   6174  -1269  26328  39264  20142  -3208  19620   6978  -8452  -3805  17535 
 -5679  37118 -28579 -28738  -2430  -6267 -37183 -14209 -40366 -23893  15665  53341   9644 -32984   9869   5178 
  -278  -7692  11537   5399  18785 -22704 -18115   7509    431  25793 -15133  33327  -1503  -3451 -41982 -18764 
 11393  10518 -25103 -27702  34620  -4617  -6592  11456 -29766 -10997  18250  49799 -21089 -26908  -9942 -16832 
  5969 -41846  10737  36757  20170    122  42446 -30342 -23131 -17331  28366 -34543 -22696  50648  17033  10442 
 -5554  20600  35396  10248  -2332   7216 -12129  -7525   5800 -15322 -35657  -2297  13487 -43004   3600 -22700 
-19778   3698  -7878 -17788   1445 -32904  10561  -2686 -43697 -34990  38859  11017 -26681   8411  20818  -1019 
  2518 -28749  13931 -27997 -40132  77388  21537  20193  28340  20187  -6270 -18208  33680    236  28409  17333 
 -7234 -33128  13211  16256  -3815 -16510  25748   9192  -9962 -37955  27322  30544 -17201  36236  -3373   5308 

----------------------------------------------
                 Case 17                    
----------------------------------------------
K:  16 M:  16 N: 16
A: 
  -121     38    -46   -128    -39     85      8    -10   -119   -115    -58   -102     66    -36    114      7 
   -35    -30     47    122    -46    104    -73    -95     57     21     38     50    112   -120    -25    -65 
  -118    -73     46     93    -54   -117    -47    -57     35    103    -60    -84    -95    106     95    -60 
    48    104    107     46     49     82     98    -50    110    -15    118     -8     37     62    113    -33 
   -27      4      1     -4     10    -35    -48   -111    -30     26    -37     11    -42   -100     35     95 
    95     84    -21   -101      5     12    -77     73    -74    -70     86    -27     42    -49      3     28 
    78     42   -103     89     99     -6     32    -16    -24    -25     54    -89    -23     80     90   -103 
   -30     38     67     60    120    -91    -72    -18     73    100     92     11    -35     20    -73   -120 
   -67   -103    -64     -9     -4   -123    -46    -26    -65     39    -89      3     72    -73    -64     49 
   -55    -36     78     36    -65     -4     42    -51     43     91     21     72    -61    -74     93     14 
   -58     44   -123    -10    103    -87    -88     88     30    -30    117     85    -88    125   -110    -21 
   -28    102     76     65     85      4     75    -83    110    -36    126   -104    117    -48     54     11 
   -37    -19    -96    -29     20    119    -71    -86    -49     51     16    -28    -22    -30    -79    -13 
    51    -26     57    -29     14    -69    -73    -82   -114     51     -8    -81      0    -96    -93     -6 
  -101     19     50    -37      7     23   -105     60     64     99    -80    -52     10     88     21     53 
  -119     16    -49     44      2    -78      4   -121    -41    -87   -115    -83     71     11     64     16 

B: 
    14     91    116     15     70     16    -32    -45   -111    -56     78    -97     79      5    -58    -69 
    80    -16    -38    -74    -43    -68     20    101     37    -27    -17     48    -19    -67     93    -35 
    87    -15    -31    -87   -117    -26     -4    105    -78    110      5     71     50    -14     68    -34 
    82    -44    122    -45    -58    107   -110   -107    -22    -99   -110    -73    -55   -120     31    -98 
   -32     53    -83     -4   -101    -77     61    -17    -28    118    -82     68     97     23     52     88 
   -44    -20     69    -77    -67     87    -87    116     11     13    -17     14      8    -63    -23     13 
   120    -65    -73     31    -74   -128     76    -77    -91   -119     22      0    -52    -63    -74     25 
     5     31     55      7    109    -67     19     -5    -38    -49    116    -42     80     77    -12     95 
    30   -115    -18    -20    -91   -114    -16    -55    -36    -30    120     45     11    -79     96    -78 
   -30     41    -77     71     12    -42    -54     52     13    -67     14     47    -70     89    105    117 
   115    -49     33    -12     89      8    -34    -83    -50     70     75    119    -56   -112    -94    -27 
   -99     64    -38     11     92    -12     83    -63     -9    -12   -122     25   -106    -27     98    -16 
   -68    119    -38     94     30    122    -61     29    -27     87      6     88    -77    -34    -44     77 
    61   -108    -23    119     38     -2   -122    -68     36    103    -51    -15     49   -117   -107    106 
    25      5   -108    -68      3     59     33    -60   -124   -105   -104    -86     19    -60   -124   -117 
    57     97    -92     49     47   -127    -14   -116   -116      7    113     65     -7    -10    -23    -25 

C: 
-14861   8381 -23379 -12776  -4550  26141  15190  36621  11501   7955 -12094  -4616   6212   8801 -42391   4828 
-19902   4006  25500 -23428 -22293  54619 -23590  21469   8277   3625 -20096  17609 -36784 -19647  29488 -26996 
 16344 -43922 -15206   3507 -21713   9280 -20084 -10934  16827 -13960 -30438 -23341   1133  -1684   4132  -6253 
 48729 -32376 -13029 -25391 -37614  -5619 -13847  -6175 -37260   2926  -7210  19705     16 -65796 -14806 -28388 
 -9372  20774 -21374 -10780  -8888  -4416  15112     15  -3581  -6742 -11296   4739 -10543  15584  18520 -23338 
 -3353  32072  13423  -6773  35486   5402   7552  15797  -8173  18175  28634   7073  17197  11650 -20256   -596 
 21519 -20679  15967  -2767  -6885  20135 -13779 -22783  -3241 -13752 -27642 -27753  17948 -29177 -36819  -6491 
  8419 -21110   1744  -4791 -20102 -10416  -5542   7622  19675  27769 -12696  27059    787  -2229  46717  12761 
-37402  35851 -12736  30473  17199   7825  11722  -5664  17699   3940  -2361   1278 -16560  45031  13980  21772 
  9733  -9938 -20926 -19091 -13383  -6915  10656  -7014 -18447 -30530 -12299   3348 -26307  -5673  17991 -28890 
 -1899 -19582   7587  21055  36485 -28977   4163 -30590  33570  31605    267  16289   7719  -5408  13277  31217 
 45658 -17715 -19653 -21668 -48889  -5254  -7943  -3441 -29134  14785   7907  40324  -8902 -50161  -4150 -26272 
-29032   4398  12673   1660  -1701  22030 -14046  25563  34705  14175  -7459  10475  -9286  13228   8217  17185 
-11741  29533  10238   1167  -2013  12985   1907  29449  12845  20697   7008   6737   4791  41133  15469   6241 
 -8982  -5798 -25518   8478  -9871 -13203 -20293  24449  13757  19557   8591  13150  14654  13602  22047  28119 
 -3071  -4027 -24559   4114 -25990  22433   2987  -3547  15504   1868 -37045 -10329  -7840  -7954 -13524 -11031 

----------------------------------------------
                 Case 18                    
----------------------------------------------
K:  16 M:  16 N: 16
A: 
    30    -26    -84    -55    -67     75   -113   -112     14    -76    -65     85    120    -47    126      8 
   -65     21    -30     14     21    -57    -71    122    -53     84     80    114    -97     42     20     11 
  -106    -53    -61    -66    -92    -86    -93    117     90    -31    -43    112    114    -31     83     41 
    15     46    -29     53    -58    -57    -11     63     46     17     90     27    -84     77   -120     69 
    59    -85    -15     29    125    110    -74    105    -52   -104    -23    -96   -112    -49   -123    -13 
    75     93   -121      1     76   -128     99   -118    -70    -59    -87     -6     15   -116    -94     48 
   -70    -40     32   -105    -92     17    -98    -33     37     27     23     72    -87     -5     95     90 
   -12     12    -70     37     15     35    -21     28    -98     17    -55     70    112     82    -79    -94 
     2    126    -52    120     79    -33     -6    121   -103    -71    -65    -18      2     77    -75    -35 
    34     40     10    -48     48     68    -58    -86    -11    -23      2     80    -20    -24    -25   -125 
    18    -56    -76   -102    -91    114     89     -7      0     34     96    114    -35     -1    -81    126 
   -68    -49    -84    -69    -84   -106   -111      2     79     -1   -104   -104    -63     39    -29   -116 
    16    114    -83   -120   -125     57    -21     34    -57    -38   -114     75     -4   -123   -120   -111 
     4     18   -114     73     29     33    -67    107     40     49     31     42     73     59    -43    -66 
    15     -1    -44    -52   -105    -99     61     -9   -107   -121    -41     35    124    -38     96     10 
    94   -117    -81     43    -10     97    -75    122     95     93     99    -26      7   -113    -45     11 

B: 
    -3    -48    -74    -50     28     50    -36     63     60   -100    124    126    -28    -68    -14     24 
   -88     58     79   -102    -16     45     55     54     -4    -93   -107    122     44    -63    100     18 
    60     85    -51     35     41    122    -48    -48     29     25     77     41    112     50    -76     47 
    -1    -59    -17    121     60    -99     56     21     67    -57    -88     19    -47   -122     -1    -45 
    71    -52     14     26     -1     -1    -81   -103    100   -114    -46    104    -66   -119    104     72 
   -65     78    -49    -97    111   -126   -121     77     57     56    110     43    -64    -42     -4     78 
   103    -45     67     18    110    -32     92     17    -73   -105    -46     98    110     19     24     42 
  -122      0    115     -2    -95    -11     79    125    102    -59     48     98   -118   -110   -103     33 
   118     60    -13   -114     87     60    -10     74   -125   -110   -117    -48     57     33    -75     10 
    89     50    -74    110      3    -15   -109    -89    -38    100    -33    -65    112     20    -43     93 
  -124     38     12    -32     85     89    123    -49     29     58     66   -117     -5     16      6     41 
    13    -87    104    -51     54   -115     49    -58    -46    -10    -81    112     26     58     54    -76 
    68    -12     61    -80     25   -123     50    -25   -123    -85    116     70     73     37    -44     71 
    19     56    -63    -70     34     95   -124     12    -77    -85     50     79     56    113     -2   -104 
    63    -88     12    -50     56     63      6    -11    -32    -89     18     47    118     62    -81    -63 
    27      3    103    -81     63    -65    -23     73     21    -85     33     70     20    -70     51    -68 

C: 
  9080 -20385   2000 -44739  10131 -34395  -7736   1807 -29479  -1095  19825   2888   7578  26317  -3591 -19764 
-31925  -5450  20220  16142 -18881   6776  10630 -12154  21359  17360 -20917  -3131 -14416  -5535   3542 -16477 
  4741 -14829  44422 -27800 -20223 -21221  30455  11788 -37619  -8241  -8592  -6919   6431  26621 -31834 -25729 
-28932  16189   9315  -2237   -483  13946  15935  20503   6270  -1666 -17998  -7493 -15125 -11490   8582 -16990 
-42768   3205 -15780  19455 -26041  -8698 -22043  22637  75683  14145  25187    561 -86942 -61525   9130  17751 
 14028 -35135  23997  11372 -16268 -25019  26999  -7722   1575 -28811 -37137  23922  -9469 -32909  56966    -17 
  -693  11329    394 -20130   5814  16391 -15510  -2645 -12950  32141   1134 -29936  20086  35803 -13113 -26084 
-12708  -7258   2757   6060 -16406 -40257  -5734  -9617  -5182   4149   8225  23435 -17580    690  11265   2644 
-36678 -10551  21361  12618 -32197 -13725  13474  18361  34953 -33846 -15839  49235 -43074 -47081  25609  -8364 
 -8787   1815 -18180  -8223      5   1051 -14954 -20773   4202  20182  -3655     -6  -8955   8911  17722  10556 
-14930   8365  18578 -30430  32275 -31997   4098  15015 -11679  22535  18214  -4334   -717  13028  12762  -1123 
  1069  13378 -28184  15877 -49553  32574 -14564   5463 -21909  29066 -23537 -57296 -12485  27337 -21672 -16746 
-41994   4970  16672 -13016 -39775 -32234  18190  22026   -908  36222  -9540   4503 -29353  -3270  14126  12759 
-21173   -676   6320  -5838  -8576 -25544   4077   9201    912  -9726  -5305   6870 -28597 -17338  -5276   6436 
   -12 -35564  34005 -14946 -11260 -14532  46179   3963 -25384 -18753  19370  21503  18006  22958  -2821 -23039 
-21849   4696 -10181   4606   4761 -24898   1943  22046  27257  21186  23761 -32079 -43314 -37045 -30507  32100 

----------------------------------------------
                 Case 19                    
----------------------------------------------
K:  16 M:  16 N: 16
A: 
   -11      7   -108    -27    -97     62    102   -110    -88    -22    114      3     87   -118    -55    111 
   -53   -100      8    -29     59     55    126     65     37    -17     99     22    -24     33   -124    -60 
   -90      6     16     27    124   -112      5    -25   -106    -81    -71    103     19    -64     99    -53 
   -14     -2     -6     18     95    -30     19     51    -96   -112      2     12    -93     25     21     47 
   -47    -83   -114     20     24   -103     20    108    -38    109     93     34     90    108     60     50 
   -96    -57     53    -49     60     27   -112    120    -97    -28     38    122    113    -73     94    -72 
    34   -101     79    114    -82     25    -76    -50    118     37     99     13    -12     76     88    116 
    11    -95    -50   -126     72     45     13   -122    117     12    -15     72    -40   -108     75    -87 
  -120    -41     -1     43    121   -104    -86   -110    -68     49     20     42    -62     -2    -45     74 
    52     38    -62   -116     53    -90    -79    109    -87    -39    -75     10     15     21    -42    -62 
   -41     50    -86   -113    -58      7     96     71    -19     77     72      2    -79    -15    -53     -2 
    95   -111     67    -22     86    -86   -114     76    103     26    -61     99     22     16    119     -2 
    90    -14    -37     -3   -110    117    -14    -15    -97     76    113     66    -77      2    -36     -7 
    -6    -19    -25    -43     55    -26     52     90    -10     34     19    101     69     -9    -25     76 
    56   -101     90    -84    125    -13    -36    117     25     13    122     43    -28     79     71   -114 
   -41   -119    -44   -127     47    -35     40    -99    -62    126     17    -60   -120    -90    -97     80 

B: 
   -11    -80     22     49    -53     56    -84    126     63   -113     14   -121   -123    121    -19   -124 
   -17     27     69    -63    -42    -98    -96    -79    -35    -15    -24    -38     -8     34   -108    -50 
   121     52   -115   -109     71     -9   -128     23    111     68    104      3    -84      7    -25     92 
    60     36   -119    -16    -47     36    -72    -89    112    -90   -106    -85    -56     20     10    -27 
   -73     22   -108   -115      0    -24      8     -2   -119    113     30    101    -75    -63    -88   -114 
   -85    121     52    -36    -94    -70    -71    -21     97    -96     83     80    -95     87    -29     51 
   -48    -87    -70     66     48   -100     30     40      0     54     87    -28     20    -30     74    -86 
    75    -42     35     92     44    126   -112    -20    -85   -120    106    -93   -103     64    -44    -61 
   -53   -111     -5    -99     10     13    -93     -8    120    -41    -54    -76    103    105   -103    -85 
  -107      7     70    -71    -30   -108     13     79     37     79     38    -50     13    -38    -70     47 
    91    103    -42   -111     40     -9     81    -12      2      1    -18    -10    -71     -3    115     95 
    82    -91    -32     95     84    -71    -27     92   -116     77    -78   -101     77    -28     88     -4 
    13    -87     45    -51     72     82    -82     35     30     83     60      7      0     68     28    -24 
   -91   -128      6    -17     16    -93   -124    116    -41    -14    100     68   -127    -90    -66     31 
    82     51    104     69      1    -54    -41     35    -28     14    120     -9    -65     62    -15    107 
    82   -114     89    -68     25    -25     64      4    -27     85     10    -52   -128     25     49   -100 

C: 
  8078   8754  19966    890   -194  -9078  60130 -11098   5454  17772 -19682   -774  13776   6087  61475  -1502 
-16376  -2478 -40947  -6342  16542   -937  11066   4059  -4934    677   9989  14626   4250 -19061  17764  -5927 
 28910  11100 -26464  25303  20353    599  14086  -9774 -50529  41933  -8413  14223  21659 -28198  12899   4349 
 19400   5657 -18759  16852   3918   2178  12571  -9598 -40736    339   4605  12222 -29032 -19608   9232 -12715 
  5441 -34728  16615  10480  24781   2819  12611  25893 -41540  21652  18485 -11713 -18336 -21061  17423   2313 
 44714  32322   1695  15493  27814  26497  -8192  -1759 -39436  20251  21761  13097  -2391   1077  16635  40136 
 31019  -8547   1672 -30051   2955  -3267 -18040  15460  48794  -8768  -2427 -24094 -32602  20957   9291  26755 
-25593  10488      5   4761  -3645 -15573  29248  15991    102  20807 -11594  14304  52607   5745   1070   5842 
  5740  13217 -26087 -29761   6285 -15685  48500 -10671 -30252  52905 -36184  23222  12333 -51406  10274   9711 
 -7397 -16281  15091  31580   4126  28373  -4333   9570 -52984  -6665   5591   5603   1398  -9725 -16826 -21013 
-17917    527  21340  14684    869 -21766  30684    539 -24725  -2528   5859  -6501  16179 -12747   9778    131 
 22583 -33901    207   8457  19409  25726 -35104  37645 -11751   8655  12856 -25518 -10191  17756 -21621  -9317 
   218  26312  15172  15326 -17907 -18956  15283  17110   9978 -27166  -6197 -14116 -18244   3581  27991  27889 
 10034 -33797   4382   6442  25085   1644   3921  17343 -34554  26707  10498 -16510  -5607  -3309  14511 -25364 
 10267   8754 -22915  -4997  21075   9595 -23883  34356 -22688   -435  40607   8536 -32510  -5047 -10001  21722 
-28604  13552   -673 -13175  -6067 -18501  85291   5758 -13237  42202 -11871  24235  24520 -39140  19852    629 

----------------------------------------------
                 Case 20                    
----------------------------------------------
K:  16 M:  16 N: 16
A: 
    24     63     82   -102    -82     -5    -56      3    -80   -122    -88    -87     14      2    123    -69 
    24     18    -44     -4    -82    -32    -57     28     -1    116    114    -32     73    -57    -63      5 
    33     -1     15     83    -85    110     23   -107   -112    -18   -110    106    -38     54     94    -62 
  -117     21     34     83    -94    -28     23    -41    107    -71    123     61   -106    123    113     81 
    -1    108    106      4     80   -111    -88    -49     51     16    -68    -30   -114    113     71     30 
    14    -50    100     20    102    -82    -33     55    -78    -34     25     -8   -114    -18    -59    125 
    40    -20      8    -34     78    -60     90     56    -59     65   -114     69    100    -57    110     28 
   -38    104    -68   -113    -73   -126     22     13     58    -66     43     82     31    -31     79     82 
   109    -72      3    -44      7      2   -117    115   -123     59   -122    -80      8     79     42     29 
  -120    -18     36    117    -78    111     14     21    -43    -56     65   -120     91    -66     75    110 
  -124    -84     -5     53    -57   -103     81     -2     53     -6      4    -20     57     -2     51     -8 
    30    -90    -64    100   -100    -90     54    -45    -47     17    -79     -5     54     51     -7    -89 
    17     26    105   -109    -22   -104      9     21     -6   -102     75     25    101      9    -98    -39 
   -38   -101     88     71   -112    -81    -41    -76    122    -89    -14     57    120     95    -42    -13 
    27      0   -105    -80    -90    -53    -68      2     32    -97    101      1    -98    -97     15     77 
    12    -87   -123   -101    119     92    106    -99    -90   -119     39    -39   -108    122    -95    106 

B: 
   120    107    107    116    -23     -4    -35      1    100    -69     28     23    126    126    -21    -65 
    41   -110     41     60    -90   -124     25    -64     24    -54      8    -10    -62    -62   -112     43 
   -20    -63     28      8     80    126     48     13     98     67     53   -116    -67    -95    -58    -69 
    28    -29   -121     15    -71     26    -23    -31     14    -16     10     62    -45    102     48    -81 
   -37   -106      7     57      3   -103    121    -88    -37    -88    -79     29    113   -126    -42    -25 
  -121    -47     -6      6    113     33    -98    -48    -91     -8     -9   -108    -74     88    -53    112 
    -5     15      9    -36     67    -39    -52   -124    -35    115    -69     63      1     72     28     89 
   -26     12     44     32     60    -71    -49     86     13     91   -119     36     95     36     53    -48 
    40   -114     84    100     17      9    -81    -78    -49   -125     58    -15    -54    102     69    -54 
   -62   -102      6   -118    -82    -26    -17     88     50    -60    -93     52    -38     49     11    -92 
    92   -126   -108     74    -35    100   -120    -91     94     88    -96     68    -93    -52    100      4 
   -88     36    -63   -105     65     94    124     54     55    -83     57     65     86    -70      4   -106 
    45    120   -119    -21    -80     59     13     17     39   -121    -89    124   -106     16     52     34 
   -41     11    -89    -11    -75    -98    114    -77     76    -30    118    -47    -57     27    -24    -25 
  -126     85    -40    -66     73    -18     93     -2    -82     14   -113   -126     -7   -117    -84    -34 
    22     16    -68    -51    -37    -64    -81    -32     10   -107    -45    -87   -108   -118    -87     65 

C: 
 -7736  42126  24334   7202  19528  -1670  26114  15738  -9307  27305  12923 -45808   4198 -22551 -34571  16288 
 30591 -11223  -8223   2539 -33357  15723 -38956  20432  25305  -4734 -24132  34676 -21555  18404  27368  -5773 
-41499  38502 -16031 -34488  20392  16291  35761   7743  -8781   4492  33114 -26119   4659  12617 -29030  -2158 
-11357 -26969 -39762  -7402   5071  10395  -1538 -36938    868  13996  22506 -34606 -49066 -25633    163  -7808 
 -6132 -29832  17326   9031 -17937 -35495  50876 -10416  11399 -22097  33471 -43661    695 -43430 -41008 -31324 
 10857 -14646   3233   7007   4492  -6536   5757   3627  20144  15791  -1250 -13972  22564 -43579 -12184 -13898 
-24021  41651   2246 -33780  12189 -14477  35834  21545  -5972 -15668 -41358  14293  32045 -22408 -14892 -12265 
 13067  15261  -2018  -7246  -5305 -10227   4005  -2898   -379 -11398 -10116   4478  -7762 -40694  -4791   8727 
-14365  45818  14766  -9187  -5786 -28774  20988  44415  10270  -4464  -6898 -22212  31517   4649 -21981 -14748 
 -5680   3425 -45732  -8596   6321  19686 -45807 -11531 -22398  23953 -38406 -22395 -66904  -8321   -155  39483 
 -1856  11195 -25262 -21245   -692  13421  -1383  -1541 -11355  17362 -12404  15653 -21541   1482  28196  -2746 
  8981  47762 -15658 -19277 -19478   8770  12897  16346   6501   8216  17067  32632  10126  46647  24998 -13916 
 37211   8915   3450  21805  -3751  25881   6339   -800  37212  13621  12978  22463  -1332 -18872  15935   1656 
 18258  24246 -30881   -974 -10576  48196  11554   -110  21961 -20731  50759   7644 -34979  17406  29121 -22179 
 29000   6095  14387  18379   4353   6143 -36516   3350  -6674  10452   -214  -8030   8058 -14770   6992  13218 
  -748   3079  -8070   7837   9761 -34594  -6574 -52973 -18237  11013  16202 -15318  13144  -8677 -13936  57158 

----------------------------------------------
                 Case 21                    
----------------------------------------------
K:  16 M:  16 N: 16
A: 
     0     78     18    -11     23   -116      3    -96     60    120     28    -92    -65    -95    -88    -25 
  -120     66     16    -94     29     68    -38     77    -74     80    -29     33    -14    -61    110    -60 
  -125     19     87   -126    -62   -101     41   -124    -37     -9   -100     16   -104   -117    -16     58 
   -67    -37   -101     77     29      4    -52     86    -85   -124    -36   -106   -115      2     74     58 
  -123     76    -40     29     -9    -65     99    105    -74     45   -118    -55    -73    -34   -102    106 
   112    -80     16     62    -93     63     10     75     25   -104    -31     67     54    121    114    109 
    16    -87    -77     14     -7    -60    -86    119     82     62    -99   -101    -46     28    106     62 
  -104   -105   -128     12    -80   -118    -28     67     94     80   -120    106     67     35     97    -10 
    18     13     59    -65     30     16     90     40     50    -31   -123     80    -21    -84     -5     86 
    45     36     -7    -78    101     98     86     -8     74    -38    -92    108     64   -122     72    -66 
    96   -106     88   -106    102    -17     -1     15    -16    -27    -91     60     -4    120    -19    -41 
   -47     51    -17    -79   -106    -14    116     -9     -1     19   -125    -98    -27     50     44     20 
    32     82    -74     43     94     43      9   -112     17    125   -110    -14      7   -119     -6    102 
   -19    110    -18     42    -23    -22     12    -17   -111    107    -60     71     69     15      1     77 
  -123   -101     89     48    -88   -124    117    -82    -11    109     56     33     85    -32      2    -32 
    73   -100    -19     78     71    -54    -23     98     74   -126   -106   -110     47    -99     -1     32 

B: 
   -77      3     98    -22     58    -65    -62     24     34     30    -52    -55     88    -60     69     35 
  -108   -124    -29    -50     58   -107    -21    -90    -37     21      4   -120    124    -97    -72    -17 
   -69     48    123     43     82    -13     86   -118    121     46    -71      8   -115     13    -98     92 
    71    -58     61     -9    -95     60      8     60     87    -72    105    -94    -94     55    -53    -47 
    -7    -98     87    -61     78    -26    -95    114     51    -91   -108   -105    -97    -77    -30     68 
    73    -86   -120    101    -17     25    -93     47     96    -78   -103    -73     88     26      0    103 
    30      4     36     82     93     87     79     86     20    -80    -56    -36    -29   -112    -66   -119 
   -91    -57    125     11    -81    -24     -6   -116     -3    -65    -78     90     99     37    -47     55 
    27   -117    -92     -8     17    -79     67    -60    -47     38   -117     44      9    -39   -115    -44 
  -108    -43     52    -40    103    -17     21    114    -75    -35    -97    -59    -21     42    109     39 
   -65     26    -63     71     20    -50      1     95    -97    -46     13    -66    -47   -110    -34     21 
   110   -112    -70   -116     78    120    -17     28   -102   -110     34     28    -55    -10     99    112 
    71     17    -14     10    -86     82    -72    -80   -105    -78     93   -122    -38    -24     22    -99 
  -126     71   -106    -95    -37    -41     86    -58   -104    118    -98     20    -82      6     53     56 
   -81   -108    -78     -1   -109   -108     94   -108    100    115     15     -4     74     10     50    125 
   105     35    119    -14     26     72   -117    -33   -110    -96     70     -5    -86   -110    -59   -105 

C: 
-21672   4667  23575   -763  43677 -23124   8533  29963  -5777   9265  -6566 -13234  -5732 -13212 -16443 -30110 
-22693 -33336 -13393   1594  -2668 -14269   3389 -15559  16591   -222 -14747   3143  32552  19252  15383  45784 
 21176  24754  13040   3233  37911  15200  19187  -9379   8536  16670  21704  34455 -12094    -15 -11312 -20467 
  5750   5215  11290   6759 -51184  -8420  -8801  -8940  34620   9216  23432  22822  15509  17667 -12779   -392 
  8070   8374  51925  -1906  10481  25262  -5941   1071  -7845 -28011   9840  14616   -991     57 -25555 -46137 
 14130   1138  -6818  -3261 -40586  12241   2726 -45433   -668   7184   7917  15285   1237   1089   7585  12870 
-21296  -6547  19617 -13358 -38025 -28152   9906 -28201   4569  28305 -13194  35643  19441  27080   7274   2701 
 18839 -16707 -25344 -34051 -38207  18262  28231 -24556 -39729   7943  19314  42712  -2161  36634  34644  -7934 
 28563 -20638  29368   -920  29141  20043  -9331 -16053  11088 -22833 -14444  14933   4771 -15675 -18016  -5242 
 28463 -56839 -15112   3262  19766   6214 -15017    300  26576 -24073 -23211 -16706  30526 -15460    607  18461 
-16063  17427  15133 -22990  20359   1399   5585  -8215   8151  17629 -43112  21769 -20896   6243  23223  37875 
-16721  15935  -7645   9326  -2178  -7537  30252 -28719   3760  33583  -9378  19280  25683   2535  -5305 -27255 
 29038 -35376  21589 -11627  29948   8587 -40616  37215   4024 -31365   5427 -43126   4513 -15078   4680 -24081 
  2439  -8135  15357 -23958   9761  22668 -16113   -257 -27639 -22060  27114 -27944  -6377  -3541  22321 -10560 
 14648  30270   5016  12899  10071  37798  43519  17456 -17639  -9066  28228   1240 -56523   8213   2962 -30835 
 27629    513  51294  10392 -36013   2054 -19224 -21036  37567  -7516  11625  13372   5457   8024 -30934 -30164 

----------------------------------------------
                 Case 22                    
----------------------------------------------
K:  16 M:  16 N: 16
A: 
   112     84    -28    -44     14    121    -99    104    -24     31    -93   -118    -79    -16    121     17 
     5     34     34   -110    -62     70    -85   -108    115    -70    -62     29     64    108     77    -11 
    30    115     -4     39    124     97    -27     59    -69    107     85    -69    -79    -96    -35     42 
    62    114     58     58     99     54    -28    -24    -96    -63    108     68    -44    -74    -72     50 
    90    -18    -94     13     34   -112     42    -97     63     33    -95     -3    -57    -89     94    116 
    -1    -19      9     53    -15    -35    -37    100     72     28     -7     67    -30    -86     51    -21 
    37    101   -111    -18    107    121    115    -83    -97   -112     73    -45    -39    -17     87    117 
   115     37    -12     -3   -106     27     86    120    106     25     62     63      8     47     26    -73 
  -102     34    -83     35      4     96    119     37     28     33     12   -123    -86     33   -102     12 
   -17    -45    112   -123     86     48    -32    -47    -99     38     20   -104    -16    105   -125     41 
   -80    -62    -73      2    -98     90     23     51   -122     -3    114     73     60    -37    -81    -59 
    33   -101   -118     81   -126   -126    113     53    -46    113     39    118     73    -56     77    -81 
   -76    -21   -104    -36    108     64    -60   -109   -127    -84    -40   -110     -7     -6    -70    -20 
   -70    -47     -4    -31    100     56      9     80    -64    -88    122    125      0      0     24    -92 
   108    -85     70    -43     -4    101    -89     67    105     37    -31     -7    -75    -46     27     27 
   -92    -56     59    -84     79    104   -100    -69     73    -68     -9    -29    -65     16     -5      0 

B: 
    51     28     80    -87    -64     43     98    101   -109     23    108    -89    -94    -46    -63      1 
  -124   -121    -24    -74   -112     -7     33    -74     67     -3    -86      3     84   -114     13    126 
    85     78    -99      7    -26   -126    -79    -95    -90     41      6     51    -99     93    -35    -36 
   -81     -3   -125    100    -46    -11     41    -84    -61    -72     55     92    -87   -100     95    -48 
    75    -56    -91    -36    -24     22    115     37    -49    -52     90     69   -108    -59    -17     80 
   -20     90    -32    -13    -19    -12    -65   -100    -27    -39    105      6   -117   -105    -40   -118 
  -110     -5      0     22     76   -115     10     78     40    111    -29     -7   -125     89     -3    -56 
    24     -5    -79     -5    102     12    -81    -87    -72     11   -111    120     63   -105     71    -71 
     9     94   -123   -102    -98    -53    -89    -17    -42      2     16    -33    119    -47     -2    -77 
    82    -75     28    -82    -28     63    121     32     56      5     38    -89    -69   -123    112   -114 
    97    -55    -42    125      0    -84   -118    -25    -44   -120     -5     17    119    111    -49    -21 
    19     84   -118   -122   -100    -66    -93    -93     50    109   -114     81     96    125     23     95 
    18     68   -123    -58     46    -85     34    -58    -37   -110     90     68     48    -53     45    -97 
  -106   -123    -31    121     93    -23    -59    -89     24     45   -125    -28    -94    -84    105    118 
    40    -45    -64     62     90    121    114     35    -97     29     82     11     72   -124     15    -71 
    80     41     84   -103     37    -53    -53    -24     30     51    -81    -66    -76     17    -71     73 

C: 
  6033 -16529  27401 -14257   6306  59377  37473   7632 -24529   -197  25722 -18148 -15872 -83136  -5825 -13700 
 -9717  18803 -12093 -15736  -9969  -2057 -18287 -18236  -1240   9171   3642 -18321  24138 -12112  -8881  11001 
 21318 -27127  10628 -10085 -20835  16211  23793   -945  -4633 -27033  20071    235 -26389 -36664  -9040  -4750 
 12017  -1259  -5611  -8240 -38054 -19977  -8962 -18379  -6091 -15423   1600  18696 -13899  23338 -29379  37438 
 11070   1635  34483 -38439 -12233  30831  53408  56805   4240  25800  19654 -36802  -6517  -5580 -15070  10971 
 17296  16252 -26911 -15493 -12172   9844  -4627  -7344 -16536   3990  -2011  19136  33783  -8581  10154 -21977 
-17542 -23243  27346  11491  11367   4704  21349  20807   4334  -3542  17096 -11139 -30106  -6298 -39244  29928 
-13993   5723 -23436  -6814  -3257 -13030 -24741 -10481 -16038  15613 -15474    400  26547 -13988  14222 -28383 
-39511 -21573  17088  22683  13175  -7578 -14080  -1350  26261  -4734 -15168  -9680 -31403 -18793   8896 -12310 
 21129 -14716  33188  12934  17006 -14271  -9226   -425   9528  -6014  -1654 -19728 -61195  18025 -15141  21331 
 -5072  11256   -411  24978  16048 -18139 -36688 -21261  17203 -19696 -12130  23395  21030  33634   6387 -23194 
 -1745  -1382  -7783   8284  19581   9670  24129  25192   4095  11191  -1377   8720  33779  13330  36901 -41654 
-14283 -17120  37731  24005   9968  22961  24373  18852  20056 -29742  24789  -4420 -27640    157 -17519  28163 
 11756   2025 -41143  26618  11646 -13253 -31257 -22121 -11526 -10485  -9316  48285  25982  30386  -3232   6701 
 42164  36984   2404 -29466 -13912  15732 -11604    707 -33521   7524  25484 -14409 -10323 -18645 -17817 -33485 
 17851  18693  -5687   4049  -8322    157 -26745 -11295  -4275  -8054  12878  -1986  -2596  10297 -24387   7420 

----------------------------------------------
                 Case 23                    
----------------------------------------------
K:  16 M:  16 N: 16
A: 
   123     92    -90     56     10     85    -82    119    -92    120    125    103    -43      2     51     31 
   -15    117      6     91     30     -9    101    -82    -17   -122    117    -22     81    -89    -40    103 
   -16      3    -61    124   -101    -96    102    -33     56     72   -127     44    -44     -8   -113     40 
   -38    -62     65    -57     42    103    -31     58     26    -32     43    -89    119   -117     36    -53 
   -18     14      3    -75    108   -121      4    126     91    -70     81    -90     65     36   -120    102 
   109     91     10    -40    -78    -60    -72    -46     32    -23    -19     50     79   -107     45   -105 
    50     51   -119    -81     41    -40    122     72     58     -3    -86     11     32     89     70    104 
    33     16     37     -5    -56      9     59     88     63    119      1      7    -68    -21     21   -126 
    10     36    -49    -44    -15     65    -49    -28    121    -83     82   -104    119    -11     43    108 
    -9     43    100    -95     58     88     43   -109     -3    -78     25    -52     -7     83    108     66 
   -51    -12    117   -119   -110    -10    -45    -26    -76    -92    101     97     64    -35     43     26 
   -51    115    113    -85    -46     91    -99   -118    101    -78    102    -88    121   -118   -116    119 
  -124   -122    -31    -11    -21     30    -68    -87     97     68   -110    -96     77      2      4     20 
    96   -105    -70     13    -55   -122    113    -18     40     95    118    -29    -77     47     37    -98 
   119     -2    -58     63     57     10    121     27    -69   -101   -114    -38     13     92    -60    103 
   -49    -34     44     46     52     81     70    -68   -104    117    118     77   -116    -34    -98   -108 

B: 
   -11   -112    -40    -41     14    116    123     61    113     32    -61     41      5     -4     87     11 
    85     80     95    113    113    -81     -6     84    -69     -9   -104    -57   -105    -20   -100     84 
    40    -73    104     94    -91   -128     -4   -107    112     39      9     12    -85    -87    -38     58 
   116   -100    100     43    -11     46    -48    -32   -100    -31    -47    -91    -72     68     -4     77 
   114     70    -81    110    -27     19     35    -79     61     -3   -114    -29    -19     10    -96     56 
    42     76    -29    107     39    106   -117    -36    -44   -104      4     -7   -120    -34     67     87 
    59    -81     36   -118   -127    123   -101    -99   -115     -6    117     45    -87    -16   -124     78 
   -26    109    -75    -18     17     22   -108    -98     44     60    118     62     35   -111    -37     71 
    45     67     20    -98     75    -44      9    -85     37      8    -41    -85     21    106   -118    117 
    36     29   -117     72     69    -31     99     -5     63    -56   -100   -123    -53    -59      2    -50 
   -25    -33    -27     30    -61    125    -15     68    -95    -12    -42     53    -20    -43     98    -60 
   -96    108     20     14     17   -119   -113     49     76     52      8    -56   -103    -63      2   -113 
    11     -2    -39     69     78    124      7   -111     75     61     45     -4    -58    -43    124    -87 
   111     -7    105    -90      6    102     56     93   -116      6    -46     13    -44    -91     -2   -118 
    80    -56     -6      7     14    102   -107     20   -100    -78     45   -107     26    -89     38    125 
   -36   -107    -65     38    121   -126     16     65    -56   -102    -75   -111     31     -3    -67      0 

C: 
 -3979  19541 -32721  38266  31803  22508  -9528  44436  -6777 -16727 -31576 -18357 -21226 -37042  33274  -7842 
 10173 -33435  20432  23525  -3435   8117 -16170  -1090 -37664  -7631 -10770  -1589 -23163  21096 -11585  18003 
 -4084 -15165  20052 -37316   7211 -37507   9805   -714  -7661   3163    -50 -21786  -4154  34962 -39269  -6062 
 -2490  13871 -27539  28637  -6743  27837 -19481 -52600  27073   2483  26819  17228   4556  -6276  26032  26840 
 -3373   9289 -18325 -12937   7353  -8925  25002 -20687  13241  23669  -6900  22966  28074   5841 -32939  -5290 
-19509   5950   7324   6102  15734  -7875  11983   8369  40353  24194   1220   1067   1518   6738  27432   -365 
 13632   5153 -15830 -36104  27416  18868  -4121   4387 -19483  -4710   6636 -13609   8005 -11236 -36086  11456 
  6643  17944   -692 -14946 -12564   6924  -8794 -18521  13101   7800  14430   2419 -10586 -13072 -10942  23554 
  4774  -7819 -12047   5527  37302  26741   3903    983 -18407 -16605 -11035  -9301  13431  14525  14775  17368 
 29237 -20549  19219  13238  -7336  13785  -6191   8821 -29360 -23699 -10415  -3785 -14903 -17562  -8282  20757 
-43768  -5228  11036  13291 -11585 -21897 -24249  13955  10103  12872  28497  19948  -3056 -31535  35999 -33708 
-16895     -2   5074  49529  34271 -42268  17307  -5660  16985  -8478 -28337  -2101  -9252  25389   7869   6787 
  5042   3527 -15129  -4932  21853  -9599  18797 -26056   8475 -15954    -90 -25549  21978  27539   4385  -5342 
   380 -32931  -6379 -60890 -37424  53589  22812  13440 -18209   6750   7762  14947  18497   3901  10526 -15076 
 18468 -33887   8315 -23623  -2679  30245   6240   1157 -19340   -691   3692  14465  -3737   6232 -19361   6669 
   161  10031    112  25132 -46637   2538  -9372   1471  -5040  -7468 -12421  12017 -39253  -6354   4972 -18655 

----------------------------------------------
                 Case 24                    
----------------------------------------------
K:  16 M:  16 N: 16
A: 
    60     16    -90     72     48    -86    -82    -31    -14    -89   -116    -27     53    -85    -53    -50 
   -89    -29    -78   -113    -91     22     -5    101     92   -112    -36     86    -25    -55     40    -98 
   -56   -122    -79   -119    -82     68   -104      4    103    -87     95     80     79     -2    -79   -115 
    77      0    124    -37   -107     -3    -45    -47    126   -109    -55    -99    -81    122      6     68 
   -43     23    116   -126    -92     34    -56    -75    -28     98    -36    111    119    -32    125    122 
  -104    -11   -127     93    -98     87     43      7     17     13     36     33    -84     29     69   -101 
  -114    -42     76     13    -11    -35    105    116     -4    -31     -4    -39    118     75    111     -3 
    98     77     -8     35   -118     -5     69     25     13      9   -114   -128    117     90    -78     10 
   -51     -8    -88   -106     73     13    115     62     19     48    -52    -66      8    -28     49     48 
   -95     37    104    -58    -11     38     53     28    -65    -33      0    -58    -89     30     81   -113 
   -48    -68     14    -24     72    -58     68    -88    -94    -72     71    -95    -23     75     40     31 
   -12    -45    -47    -57     64   -106   -108     21     65     73      6    -73     42    -34    -12     49 
   -35      6    -27    121     84   -100     80    -59    -82     60     71     93    -73    -14     37    -62 
   -15    -72   -117    -56    -81     61    105    101     37   -110    -69     23     -6     39     -5    -55 
    -8    -27    117     27     -7    103     96     38    -46    -58    -26    -69     26    -18     22     15 
   -66    -30     64    108      4    117   -100    -56     -1    106      7     51    -41     86   -107     51 

B: 
    79     87    -62     34     74     44     96    -46   -100     17    111     65     -1    -25     13     36 
   -11    -81    -12      1    -53    -54     64     43     75    110    -67     98    -98     -8    -26      3 
   -88     -3    -32     64     55    -46    -37    -75     35     81    -10    -91     29    -52    -36   -105 
    -2     71    -93     47     32     39    -12     -8     49     81    -54    -28     37    107     69    -69 
   -32    -27     -7   -101     37    -54    -73    -54      2     31     46    -15    119    109    115     56 
    70     97   -124     76    -10    -88   -119    -97    -56     91    -22    -89   -103    -61    -16    -26 
    67      5     62    -93     93    -47    -66     35    -84    -95    118    116    -96      5      4    123 
    39    -33    -19    123    -99    -77     40     45   -105   -114    -10    -66    117    -68     27     84 
   -30     55     53    120   -105   -111    -17     93     62    -19    120    -28     45    -10     65    115 
   103     75   -117     60     25     46    -73    110    -86    -85   -127    111     36     17    -65    -33 
    33      3    -54    -73    -41    100   -128    -82     -9    -75    -75     20     43      9   -119    -23 
    21    114     28    -33    -97    -52     76    122      2    -44    -86   -106    -46    104   -104    -52 
  -125      7   -112    115     80     47     40    -14    -15     39    -88    -28      4   -119     28    107 
   -57    -93    -69   -106     66    106     45    -30    -99     -7     -3   -102     68     19   -121    -97 
    14   -126     94    -48    -70     34     16    -40     27    -89     81     75    -27    -64     -4     18 
   -27    -94    -86     68     82     12    -57     62     83    103   -113    -71     85     40     13     30 

C: 
-16233   9064  12531   8697   3885  -1716  39980   1541  20448  26256  14927   8926   1274  11177  47121  15785 
  4222   3518  55666   8874 -62798 -37990  22744  20755   1457 -39588  29923 -14780 -22956 -22486   -381  25969 
-10318  35004  10651  13773 -41970  -4519   2966  -4458  -7294 -24266    648 -41114  -6546 -22444 -19749   7454 
-23871 -24133   8922  15749  10504  -1190  16307 -16557  15922  32208  40775 -26276   6072 -20452  -3776 -16945 
-17477 -11974 -12983  28780   1181   3158   2662  18138  19668  11425 -48197 -10940 -20449 -30628 -34560 -13840 
 30525  13191  15365 -17743 -36367   1418 -11394   7134  -8181 -31339   3181   9297 -30541   8891 -17284 -13339 
-27211 -39078   7494   3838   6576   1950  -4001  -6222 -11586 -27458   6024 -12693  15349 -30222    651  19788 
-10477  -5188 -30048  35723  41007  10265  30765   4853 -22106  23880   8444  15140 -12368 -33953   9402  19454 
 13970 -24293  17626  -5876   2583 -19182 -17945  16065 -15181 -28554  21186  27524   2191 -11310  20927  48920 
  1640 -28027  29653 -29602 -12207 -11513 -11368 -28003  -6604 -14866  22151   8529 -21249 -19177 -14811 -20695 
-15393 -41017  13595 -58815  35560  32539 -23678 -37096   2042  -3608  16121   7315  11112   9475  -3387  -8447 
-12657 -13440  -1474  18460  -3798  10261  -1284  15216  10349 -10061  -8193   7297  43823  -1384  20297  20891 
 17725   8282  14958 -55401    608  18869  -9731   8850   1814 -25078  -8771  29363  -1414  50570  -9958 -20094 
 13559   4529  29782  -1433 -17465 -21521  17268   9003 -29792 -33554  41493 -11860 -20811 -18744   4673  32781 
 -4559  -4687 -10000  12776  23736 -15679 -20884 -31045  -8180  15779  14236 -11666 -11707 -24109  11269   3597 
 -1956  30886 -54503  16617  10493   5682 -28905   1148   3924  36980 -54991 -47197  14965  29305 -21809 -56011 

----------------------------------------------
                 Case 25                    
----------------------------------------------
K:  16 M:  16 N: 16
A: 
    33     -8     80    -81    106      3    -14     84     38   -105     78    -71    -47   -112   -101    -48 
    39    -53     36    -25   -108     60     62   -120    113    -22    114     48     82     37     44    118 
    47    -46     85     30    126     73     13    -13     63    -18      0    -87     -3     23    -27    -38 
   -34   -109    -57    -42    118    -93     52    -47     37    -39     52     18     32     63    -12     92 
    33     -9   -102   -103     48     82    121     -3   -103   -111      7    -84    125    119     39     36 
    30    -35     98    -57     -2    -70    -32     34    -33      7    126    -93    108   -100      6   -112 
   -81     21    118   -106    -32    -38    -69     95   -113    -26    -41    -42    -30     22     32     71 
   -90      1    -23    -54    -55    124   -111    121   -126     18    100    -69   -102    -15    -12     -1 
   -11     -4    -85   -120   -104    -15   -108     11    -49     64     12     24    125    -39    -64     43 
   -86    -45     31    -56     47    110      7    -18   -105   -100    -50    -39    110   -116   -100    106 
    30     57   -112      4    -80    -50     30   -100    102    101    -43    120     68     50      5    -48 
    84     11    -99      3   -108    -33     73    113     86   -111    -51     50    -28    -99   -108      4 
     5   -107    -63    -21     67     70     31     17    120    -15     54    -30     14     25    -12   -107 
    26     46   -115    105    113   -128     47     -4    -21      5    122     76    -25   -104     79    -16 
   -39     15     77    106   -102     33     83     18   -119    -31    -66    -89    -89    104     93   -106 
   -75     19    -70      0    -13   -124    -92   -115     38    -67    -93      8    -14     -4    -47     -3 

B: 
   -39    -41    -45     91     -6    -67    -48     77     95    -93    110     -2    -51     49   -106      9 
    82     63     11   -119     71     38     15     95     53   -112    115    -92    -61    -69      0    123 
   111      6    -63     94     29    -43   -101     75     20    125     53    -70    -80    -44     10     -7 
   -96   -107   -111     46    114    -43    -53      9   -107   -124     34    -87     37      7     53     28 
   -84    -48     -1     58    -15    -49    118    -29    -52     16     80     26    -71    116    -28     -1 
   119     28    114    125   -126   -116     88      4     62    -35     12     23    -90    -92   -104    114 
    16    -65    105    -22     -3    -21     99    112    -14   -128   -103    -53    -27     37    -10    -79 
    31    -59    -10    -20     63    -83      9    -50    117    -55   -100     39    101    -34    -19    -19 
    90    101     24     81     79   -101   -116   -110    -96     18     -2     47    -77     10     68     41 
  -106    -97     79     20   -107    -85     -3    -83    -15     40   -111    -63    126    -19    113    -54 
   -66     29     80     18   -125    100    -62     70    104    102     37     30     -5     52    -60    108 
  -118     69     44     55     28    -99     85    -55     73     55    -52   -127     57     49     56    -39 
    98   -117    -51    116     88     -7    -86     33   -118    -54    100    105     78      9      7    -50 
    51    -49    -39     -9    -81    116   -117    117     65    -62    -83    -90    -96    -13    -22   -117 
   106     55      8    -39     82    -17    -56     -5     38     25   -100     -6     31     73    -15    -30 
    56     73    -30   -126     91    -34     70    -75    -47     40    111     87     48   -107     57    -85 

C: 
  2614  11554   3434  16920  -9529  -4090  11129   1572  15216  22206  33279  30293 -28468   8476 -28750  37216 
 34522  27659  16220  20362  -2549  -2047 -28999   9460  -7584  19265  14712  14362 -13522  -7194    217  -6308 
 12591 -14536  -5173  40772 -12941 -15458  -8889   9564 -12732  -1632  18991   8952 -39642   9248 -18455  10873 
-19374   -701   -392  -6234   -944  17364   9565  -9842 -24488  17671   1570  23316  -1275  27281   7808 -36319 
 40525 -20119  12149  -7505 -18793  32002  19244  46553  11106 -41377   6221  31810 -20758   4508 -45949 -21782 
  3484 -20895  -5711  26569  -9039  16860 -35774  17534   4870  28553  16282  26778  11722  19268 -15950  18731 
 33960  12443 -15383 -37235   7242  18734    149   2079  25266  31830  -5620   6134   9822 -27994    240 -16682 
  3779  11184  21913 -23567 -48203  17217  17668  -7262  50921  25367 -18743  13752  12935 -31129 -22756  33276 
 -1183   1224   5310  -9010 -10619  10151  -1577 -22117   2166  17816  10369  31621  42645 -19964   8967  -5166 
 26429  -1694   -156   5347   4201  -6753  48444  -7212 -27540  10710  45145  46323   2551 -26467 -12786   3466 
-16954   1554  12748   5452   6147  -6006 -15862  -7703 -17204 -22017 -18459 -26197  13653  10531  29166 -13829 
 -5880  13085    846  -9159  33935 -21763  16657 -13193   6363 -38157   1828  12581   9817  -7409  -3161   9263 
 -2472  -7614  22016  42005 -28714 -10085  -7801  -8788  -5121  -1501 -20870  20441 -19568  25351 -16888  10440 
-63899  -4546   4634 -17742  21715   2776  22270  -5566  -3444  -8894   5193 -10447  26461  49023   7502  12784 
 23441 -23346 -12392 -15070  -4729  24822 -18769  49291  19888 -34539 -45726 -44306 -15932 -10417 -14193  -7472 
-12998  20991 -25524 -26469  25604  27555  -5301 -19932 -38681   6997  15476   1615  -1538   2525  25180  -4865 

----------------------------------------------
                 Case 26                    
----------------------------------------------
K:  16 M:  16 N: 16
A: 
    92     49   -125    -31     74    -94    -87    -87     38   -126   -113   -106    -75    -56    125    -71 
    69    -56     84    102     43    122     18    -17   -115     81    -53     20    -55    -85     55    -39 
    32    -91     74     20    -58    -83     88   -107    -22     80    -35    -27    113     20    -21   -123 
   -66    -18    101    -90     76     -9     78      5     -1     56    112     17     78    108    -16   -101 
    23     25     12     55    122    120   -101   -123     50     41    -82     -2    -51    118   -113     -5 
    80     95    -24     22   -120    112     29     47    100    113   -112    -17    -81     88    -60     56 
   100    -66    -75     88    -90    -83      4    126     44   -109   -112    -30    -80    -32   -110     77 
   -52    -92   -114     98     69     87    108     97     52   -116    -75    -71     -1   -126   -105    121 
  -100    100    -11     83    109     52    -19     45    119     61     48    -90    -24    -58    -19   -105 
   -93     93    100    -69     63     76    -68    -15    114    -27     59    -83     38    -12   -101    -56 
    28    -35     51     31    -21     77     22   -110    -36    -38     96    -90    -84    -28    -70    -73 
  -113    -67    116     57     -4     52    -36    -49    -60    -51    124     -8     12    -26    125     32 
  -109     87    107     21     72     -5     -7    -44     74   -117     15    -57    -82   -111    -14    -78 
   -76    -98   -101    -83     20    -17   -104    -62     62    -36    -79   -104    114      5    -80   -117 
    20    -19     34    117     40    -79     12     84     76    -40    -42      8     94     41    -82   -100 
     8    -28     82    -29   -105     41     24    -67     79    112    101     70     97    -92    -99     35 

B: 
   -97     12     -3     81    -26   -115    -36    -22    -77     94     21     52     32      1    114    -85 
    52    -98     37      4     84    115    101    -46    -37    -72      3     84    110    -26   -117     66 
    87    -64    -10    -49     39    -90   -123      9     15     19    -20   -126     -7    -73    -89     22 
   -38     99    107     40    -60     21     23    -82    -35   -110     99    -98    -20    -16   -117    103 
   -21    103    -41   -116    -78     96   -124     79    -28     -8    -41    -63    116    -67     21    103 
   115     24    -62     20    -29     25    -47    -85     -5    -35    -39     84    119   -120     73    -14 
   -73     79   -106    -33    -13     82    -79     12   -119    -24    -54    -18     96     17     59   -124 
   -80    -30    -44    -41    116    120     38    -31    -28    -78    -42    -18    107     63    124      2 
   -95     63    -67    -23    -69    110     87     84    114    -40     32    -92    -56     27   -107    -52 
    34     55      1    -14     43   -116    114     94    -11    -49    118      5   -117     95    -78      5 
   -70     15     97     26     71    114     62     39   -108   -105     33     46    -98    -72     25     62 
    91     22     -5     47   -114    110    102     86     24    122   -105    116     51     67     45    -24 
    68   -111    -93    -31     99    -73     55     56    -87    -65    100     89    -62    122   -100     67 
   -37      1    -23    114    -33   -124   -119    116    -98    -96     44    -96     25   -100     82   -107 
   -85   -123    -20    -83   -117     52    -68   -102     29     20     81    -10   -112    -60    126    -66 
  -124   -126     48    -64     53     96   -108     38     56      8    104   -103     48    -49      8    -56 

C: 
-29605  -4387   4566  -8413 -41242   -809 -12061 -35691  28540  33497  -2980   1406  -6310  -9680  14535  -1352 
 25775  21351   3951  -6097 -24207 -25396 -23715 -35205  -4302  18333  -3892   3424   9265 -14378  14481   9831 
 20435  16195 -17318  11552  -1399 -75941   1919  17455 -23668   5041  14359  -1542 -45643  32067 -29250  -7249 
 19846  10437 -25518  -5106  12610 -12975 -10499  43819 -37000 -24600 -10318  -1255  -9028  -4909   -180   2916 
 31067  38099   3093  20981 -30549 -34114 -20864  22833  10379  -4574   1062 -19801  26742 -34405 -27885  13052 
 -6194   6437  -9266  28538   5841 -15844  15293  -1147   8892 -13304  12994  -7976  27877   -402  -4113 -41412 
-48258  13567  10593  17739   5474   7137    486 -18512  18277  15117  -8777 -27264  28165  23033  15188 -21839 
-32050  32070 -15182 -27100   2191  61682 -20216 -22272  14099 -11119 -14123 -22857  55027   5854   5636   5964 
  6635  35310   1432 -20807   5324  40801  33530  -6999   5511 -49546   3905 -10953   2071  -5577 -47219  47337 
 33886    -65  -9543 -12940  27927  12867  10738  13603  10737 -29654 -11359  -5178   8881 -18805 -51621  36182 
 12757  30500  18511  18149  -2325 -22223 -16372 -19797 -12796  -3358 -12090  -1044  -5554 -34865  -6175   9306 
  9758 -22775  20266 -18941  -7218  12623 -28986 -21275   3491 -11591  13390 -16497 -33004 -38355   -712  21121 
 17700  11199   8139 -25612  -6954  42970  -3488 -23073  26091  -4262 -29908 -19721  12591 -25891 -43579  37330 
 24647  12621 -23349   1695   2579 -43440  17066  16253  18725   -645  -1003   9911 -27587  27114 -25630  17420 
 -2604  26588 -12385   7560   2338  -8877  13798  14819 -15269 -21551  -1821 -19836   5880  27456 -28887  19726 
 26210   -104  -1795   5326  25928  -9805  45060  28124   2632   1685  12797  22315 -34386  28966 -46773   3741 

----------------------------------------------
                 Case 27                    
----------------------------------------------
K:  16 M:  16 N: 16
A: 
    37     28     39      7     86   -108     28   -104     64     60    -74     97     35     68    -73    -84 
  -106   -127   -110    113    -52   -105     -6     12    -18    -35    121    -89     32    -73     85    -98 
    91     24    101   -122     34     71    -68    -34     16    -57     25    -85      1    -26    -72   -105 
   -39     90   -114     68    -87     67     49      0    -14    -46    -11    115    -21    -22     36     19 
   -31    -63    -14      4   -110      1     -4     15     52    -39    -71   -100      0     49     33    125 
    58    113    -45    -39     87    102    114     -1    -11     51    -33     91    123    -43    -59     38 
    23    -91     93    -72     68     36    104     37     57    -60    -98     27    -74   -115     57     42 
    62    120     22   -110     20    -91    -11    -70    -62     20   -114    -17      2     87    -68    -49 
    98    126    -56     77    -61    -52    -68   -105    -31    -26   -114    125     74    -67     21     80 
    77   -109    -17     40    -66   -100    -37     34    -56     46    102    126    -62    112    107    -15 
    58      4    119      4     86     96     91      8     52     -7     54    -15    -38     11     26     23 
    67    -64    -26      1     15    -30    -52   -104   -117    -96    -79    102     72    -10     76   -120 
   111    -42    -78     45    -94    -24    -53    -32    -58     -6      7    -41     70     63    -37    116 
     7    -95     83     86     22    120     25     80    114      4    105    117     39   -118     23     85 
   -33    121    -92    -51     21    -72     82     15    114     67     90     15     13     -8     25   -108 
    69    115     29     27    -91     57      2   -106    -25     91     13     -5     17    116     53    103 

B: 
     0     -9    110      9    -79    -45      5   -108     64    -79     60    -74     23     87     19   -101 
    92     33    -86   -127    -40     20    -94    120    -26     53    -83     30    -46   -108     -5    -15 
   -99     45     56     67     95   -104    -21     15     32     88    -55      1     46    104     90    126 
   -68     65     70    -49     42     68    -72    -81    103     79    102     95   -124    119    -74     41 
   -22     39    -26     16    -35   -111    119    -45     56    -75    -60    -63   -103     49     76    -48 
   -42    -79    -72   -117     14    -32     -3     47     59   -120     -4    -26    107    -28     72     21 
   -37   -127    -79     50   -122     16    -74     30      0     63    -86    122    -47      5     90      5 
   -71     76    -94     42    121      4     59    -51      7    -73    122    -22     63    -29    115    -50 
    -2   -127    126   -110    122     40     70     18     41   -124    -59    -10     25   -122     84     31 
     8     -9    -89     64     48     43     51     42      2     35    -75   -121     95      1     49     46 
   -75    -13    -24     66     66    -48     83    -78     59     22   -127     54     10    -40    -99   -124 
    94     74    -42    -20   -107   -110     88    -45     71     68     19    -77     74    -44    -96    -31 
   -65     39     94    -66     83     87    -97    -80    -24   -123     -5    -99    -30    -12     45   -111 
    62     39   -124     49    -93     38    115    -45      5     72    -34   -111   -107     16    121    -91 
   -33   -118   -124     32    -92     97    -58     98     30     14    -64    -31     12    -72    -99    -62 
   -45    -61     53     53     92    -73      0    -71     26     59     88     97    -68   -123     65    103 

C: 
 30381  20454  17324  -5699 -29572  -8041  17173  -5391   1716  12157 -23601 -34363 -17545  22678  10775  -3298 
-26240  -4110   7277  15268  16526  47604 -16402  -9196  -5505    -31   2164  30265 -15125  12134 -59153 -23641 
 -3224   4149  24374 -13342   9734 -23566   5618   7208  -7341 -37946 -20367 -19573  23885  20037  18831  -7295 
 21482  -8537 -25026 -31495 -28696  13114 -22037  14676   6419  15091  12213  23154    918 -30758 -33178  -3852 
-11388 -27229  15582   4321  24367  24786 -15460    856 -11128    167  27513  20584 -10247 -18856  21120  25099 
  8193  -4707  -9837 -29440 -18338 -15526 -11381  -1832   6416 -25342 -12245 -15594   4027 -18354  28223 -15128 
-18963 -34379  10672  11334  -4563 -31222    190  12322   7944 -15103   6244  17192  21308    200  24765  33763 
 42050  23690  -7394    -67 -39816  -3739  -4698  17128 -27879  15444 -13715 -29259 -14033  12318  19480  -4535 
 32294  15964  35564 -36880 -25998   5550 -42047  -3835   3341  14301  31498  -2109 -13740 -11067 -42329   3984 
  6334  15089 -24334  47184 -30280    231  35966 -30696  19608  37610   8000 -23955   6516  13789 -39568 -35124 
-25905 -23831  -4541   5615   1655 -26972  10699   -794  24948  -5741 -24893   7703   2545   7295  32715   6216 
 19427  22903  10780  -5976 -58482   2304 -16797  -7636  -1461  -3349  12498 -30378  -3003  35601 -48278 -31015 
  -847   6331  30255   6921   4451  13586 -10971 -38993   -916   1223  37704  -1176 -19251   5323  -5300 -14153 
-46442 -17791  27426  -6412  50710 -28804  14666 -29383  43862 -23491  10009  13475  31014 -12461   2346  13100 
 19833 -17240 -27007 -14625 -12001  23957   8153  24810  -7649  -8957 -52152  -5834   2326 -35457  -7590 -33423 
 11969 -15661 -15968  -4592 -17315  12248 -18273  10720   6669  32489 -17571  -8120  -8527 -15151   4327   3776 

----------------------------------------------
                 Case 28                    
----------------------------------------------
K:  16 M:  16 N: 16
A: 
    31    -92   -113    104     72    -89     50    101     11     50      5    -50      3     -7    111    -86 
    -9    -22    -16     -3    -90    -79    -36   -124   -122    -43     92    103     20    -70    -70    -67 
   -74    -49      1    123     20    125     -3    -62   -106   -100     92   -104     40     47    111     75 
    27    -13    -66     17   -122     67    -87   -113      9     13    112    -18     80    -46   -119     76 
   -42     88    -20    -20    -92    -49    -49      2     69    -27    118    -10    -77    -82    -81     66 
   -58    -47    -19     56     46     -2   -128     71     31     86     87    114    -14     77     62     26 
   -27     43    121    -98    -59    -30    -50     71     77     33    105   -114    -93    110     17   -113 
    48     86     95   -126   -103    -25    -36    123     47    -98    -98    101    -52     65    -62     -5 
   -30     28    -93     75     42     73    -40     58    -46    -22     -8     52   -114     59     98   -117 
    70    -45   -100   -102    113   -118    109     -3    -40     44    -29     94     82    -86    115    -54 
   115    -96    -84     38   -109    -44     64    -10      3    -79    -65    119     51    -28     75     75 
     2   -118     72    -69     35   -124    106     37    -21    -82    -39     64    108    -19     85     67 
    -5     97    110     44    -48    -12     11    -23     77     41    112    -64   -101     52    120    109 
   -16     34     77    112     51    -77    -50    111     71    -60     50    -37      1    -61     81     82 
    61    -18     44    -55    -11     80    102     13    -39     91    123     40     62   -111     89     62 
    89   -100   -114   -112     98    -18   -112     65     96   -126      4    -25    114     66    117    125 

B: 
    98    -27     -3    110    -68    -97    -74    -74    116    -48     91    -75    -98     48    125     74 
   -31     35     70   -126   -128    -71     49     73     59     10   -115      5      6   -116    120   -104 
   126   -116    -64     15     44    -57     66   -117     -1    -32    -27    122   -119      8    118     94 
   -21    111   -122      9     18   -107     54    -14    114   -128    -92     14   -103     15    -86    -64 
   126      7     57    -50     -6    107     14    -39     62    -43    125    -58     77    -15    -78     74 
   -12    -74     53   -103   -115     40     -9    -33    -50    122    102    113    121     30    120   -127 
   -55     39     15     35     14    -75     73    -78   -110    -23   -113     75    -55   -113     67   -127 
   -15    -99     91    -91   -114    -80     15    -37     18    -95    113     57    -10    -54   -124     -9 
   -53     68     26   -126     27   -115    111     26      8    -53    122     49    -47   -122    -28     15 
    84     66    -93    121    -52     82     56     43    -11    -41   -100    115   -101     -2   -108     90 
   -64     11    -36    -44     29    -22     93    100     95     21     34    -25    -79    -22    106     11 
    -3    -21     40    109    -37     58    -17     70      6    122     88     68    113   -125     41    -51 
   -45    -98     82     74    112     45     10     59    -76   -110    109     79    109    -36   -115     99 
   -78     33    111   -127    -83     79    -82   -114      4    -59     57    -77     46     99    104     72 
   116     80     47     18    126    114     17    -24     29     10     12    112    -43     85    118     83 
  -100    -55    -19      3    -37    114    -30     95     28    105   -117   -126     41     65     86     33 

C: 
 20677  37874  -2885  14214  23334  -6591   8737 -15176  15637 -53268  16003   6967 -29746   5704 -57512  17394 
 -8908  -1386 -27776  50433  25435  -2296  -9052  30351    579  24870 -20036 -13551   3365  -6193   3542 -11651 
-14523   2505  -4839 -24096  26737  32415  -3070  -5990   7585   8409 -13219  -7188  12506  52753  34429  -6856 
-43235  -9637 -25142  13605    374  -2975  -3712  48824   3865  24516  -9384 -23353  10226   8357   6292  -8719 
-36865   4335 -19208 -23225 -11782 -32161  20514  45857  17254  23147 -29808 -23403 -18198 -24996  11962 -24899 
  2885  10580   2380  -7797  -6239  36486   4372  20491  27361    644  32258   7753   7807   8205 -18246  28011 
  9126   1430   6184 -53266 -10695 -27798  19485 -26313   7113 -21412  10775  13475 -46104   5833  28498  23820 
-10065 -39659  36661 -25686 -42453 -32126 -19728 -18713  -7755  14697  25015   -960  13906 -23876  33751  -9503 
 13187  30127  17041 -29207 -23347   8015  -9383 -15199  19105   4876  20125   9334  12306   8643   3494 -28454 
 36649  10071  20314  62328  34647  30603  -3761   7043 -12949  -6322  22802  12014  11906 -22661 -27277  24456 
-15615   1205   2879  51759  21818  -2348 -23642   4896  -3967  11041   6418  -7327   7640   3166  11385  -4466 
 10199 -27012  16437  40464  50312  20286  -4570 -13759 -23822  -8744  15900   7036   8698  -3501  -5246  35349 
  -829  24649 -18247 -32848   -978  -7981  30496   2299  30886   4059 -45582   4897 -55221  12536  69325  10491 
  7180    292  -8281 -23265  17538 -22511  27131   7969  37432 -28532     81   -421 -30903  -4712 -10372  17492 
 16795 -18954  -7760  39186  11293  14867  22206  17211  -6195  22104  -3690  41802 -14752  -9876  34169   4494 
 -7500 -21624  55428 -20917  19812  44937 -32361   8120  13113  -2324  88611 -45372  47287  32493  -1434  57908 

----------------------------------------------
                 Case 29                    
----------------------------------------------
K:  16 M:  16 N: 16
A: 
    88    -29   -101    -84     11   -115     47   -102     63     78    -37     55    -45     40     67    -46 
    35    119     98     -1     -8     69   -126    -97     90    -40     29     59    -50     -6    -84     28 
    96    126    -77    100     82     -8   -112     11   -125     -6     61    -67    -78    -36      7    125 
  -101    -23    -69    121    108    -96     69     94     43      6    -34    -43     72    -88     86     19 
    10    -18    120    -36    -34    107    -28      6   -119    -34    -82   -114    115    -37      8     30 
    56   -117    -80    -19    102    -93     -8    -24    -72     23    -81   -100    121    110     -7   -101 
   -13     50     41    -43    105    -15     33    -76     71    -42      6     37    -53     83    115    -10 
   122     32    -45   -116     20     36    -30    -95     78     27   -110     35    113     34    -82     35 
   -98    -12   -110     52     94    -29     58   -113     11    -73    111    -38    -43   -106    125    -70 
   -21      2     31    -95     87    105   -103     21     14      5     -4    -13      6     30     52     -1 
   106    121     63     32    109    -63     97   -116     97     -9    -11    -79     18    -27    -49     80 
    58     51   -108   -113    -60     34    -10    124    126    -95    -69    -99     78   -113     73    -73 
    -9    108    -10    -78     57    109    -56   -111     40    110     96    -14    118     12     39     54 
  -125    125    -80     48   -102    108    -26   -111     93    -59    -56     -4     87    -35     11      1 
  -102   -122      0     85     50     80    104      4     92     66    -88   -112    -93      6    -11     -6 
   112    118    108     90     76     30     -7   -125   -113    -45   -120    121   -112     -5      3    -17 

B: 
    61    -42    112    -86   -103    104    -99     92     79    -96   -112   -121     52     95    -73    102 
   -91     67      3    106    -78     -9   -109    -95     57     87     17    -76    -56     -6    -26   -121 
   -59     12    -69    -50     30     -3     18   -125     83    -99     75     -1      1    -54    -26   -127 
    -7      5      7     45     77    -13   -101     67   -102     19    -19    125     94     -1     61    -82 
   -29     76     18     86     33   -122    -38     40     48    -33     43    108    -81     18     35    -41 
   113    -74     34    -25     93     72    107    -50     44     94    -26    -16   -111   -114     46    -78 
    78    -30    -52      9    -25    -57    -40    -70     88    -72     17    106    -17   -101     33     75 
   -81    -35     51      5      4   -104     91     18    108    -15    118     37     35     52     44     72 
    15     39     21     83    -80     96    -62    122     76    -49    -48     11     20     31    103     49 
     0     91    -96     19     90     63    -65    -29     12    -56     17     67     74    -58     12    -81 
    84    123      9    110    107      8    -66    -91    -98    -28     12    -44     33     17     42    -82 
   -55     20    -86     25     90     32     21    -36    -47     61    120     49     35      0    -62    -79 
   -11     47   -111    -74   -114    -31     -2     -8     68     69     49    124   -103    -77     51      7 
   -42    -61    -91    -55      7   -116      0    125    -79    -72    -91     14   -123     54    -41    -27 
   -49   -120    -70     33     63     11    -11     73     65      5    -80     97    -98    -26    -67    -52 
   110     59    -31    124   -110    -59     21   -117    114    125    -18     58    -64    -99     38     72 

C: 
 -1548  -4970  -8345  -3985 -10553  21747 -29762  41356  -6272 -30059 -30021  -5554   9537  22566 -23721  24167 
   128  23500  13340  16732  -6210  33412 -12714 -19479  -5577  15228  -3514 -45298   1086   5533  -3052 -37874 
  8035  19592  36563  37778  -4232 -12297 -27804 -11300  -7065  29246 -17923 -21087   4294  15709  -7344 -10507 
-16122   9164  -8761  31496  -3173 -34801 -11945  17800  18122   7854  19636  70559   3807  -9051  30902  13907 
  6621 -21867  -3735 -41093 -17984  -4691  34093 -29861  33281  15482   2538  -1899 -31763 -32198  -3561  -1509 
-12333 -14352  -6495 -47876 -17876 -28764  -4074  59460 -14428 -32991 -20892  20009 -15799  24220  -8203  32451 
-13575  -6586 -15663  20347   5779  -9961 -15573  15686   7427 -14735 -16084   9304 -33113   3911 -12734 -21035 
 12042   6792  -1584 -22831 -55056  24800  -6198  16175  28248   8827 -18119 -18974 -23700   -926  -5697  25628 
 11593   5751   8214  39005  30979   -277 -22320   7609 -30261   6596 -12216  21696  -2134  -2357  10789 -12843 
 -6415  -5488    304    218  11561  -2251  24167   3466  16149   8158   -519  -5764 -35596  -2514  -2026 -18409 
 15209  31791   7977  26393 -52138   1475 -55279  -9358  37051 -15860 -20014   -497  -6443  -6923  11111   6702 
 -5362 -28702  38667 -12359 -51942  22999  14116  32343  51684  11247 -11376 -24264 -11843  15115  10969  52606 
 17707  35353 -24803  24541  -1968  18049 -17338 -25769  14564  26391 -10837   2125 -42797 -30707   8933 -40705 
  4504  -1921 -10058  14211 -17377  24797    240  -5905  -7160  57536 -11590   2859 -26529 -29268  18479 -20537 
 20461 -16086   2390   4776  22768  -6177  11318  21436   5297 -21111 -11860  38486   5163 -21666  33877  11739 
-19148 -14075   6118  -7231  12235   9696 -21643 -12034  -5809   2543  -3757 -16719   1672   3191 -41328 -42571 

----------------------------------------------
                 Case 30                    
----------------------------------------------
K:  16 M:  16 N: 16
A: 
    -4    -93    -67     82   -126    115      4     69    -96   -106    -82     57    110     51     63     39 
  -123    -12    125     47   -112    119    -67   -102    -79   -117     83    -82    -56    106     87     12 
     1    -73    -78     37    -72      7    126    -78     82    -93     -1    -37     40    -36    -56    107 
   -51    -85    -22     55   -103    -75     25     23     74     60    -48     40     66    -90    -11     50 
    49     40    -44   -114    -93     12     56     58     59    -85   -117   -109    -23   -119      4   -122 
   123    -15     51     82    -57    -72    -75    -35    -63   -121    -20     73      6    -21   -104   -116 
   -11    -44     65   -108   -108    -44      4    -67     26    115    -73    -74    -58     58    -81    -85 
    42    -22    -83    -72    -43    105     12     62    103     20     49     68     56    -48    -52     23 
   -50      6      8    102    -38     66    -53    121     69     47     14    -40    -56    -16     39     32 
    98     68   -118   -121     40    -57     48   -111     42    -49    -17    -81     86    -47    103    -15 
   -57    -69     22    -14     18    -93     79     33   -125    -44    -95     -1    -78    -19     25     83 
  -121     40     93     -8    103    -62    -43    116   -103     54     80    122    -62     97    119    -70 
    96     71     10    -53     20    -75    108   -110    107     99    -40    -77    -47   -125   -108    -97 
    78      2     62     21     40     35     14     23    -36    -28    -14    -95    -93    119     40    -83 
    65     17    -83     41     32    -92    -50    -30     30     -1     19    -79    115   -116     -5     65 
   -69     74    108    -10    -44     67     -3    -52     76    -28    108    -26     73    115     77    -24 

B: 
    76     49    116   -101     -1    125   -107     83      7    114    126    -35     21     22     73     73 
   -18     45    -36    -80     10   -123   -103    -63     38    -19    -35     73    115    -29     26     68 
  -121     79     34    -58     -7    -29   -111    -40    -84    -48     16     21     41    119   -108    -89 
   -52     -9   -122    126     25     49    102     42    -84   -125   -115     96    -84    -60     90    -58 
    32   -110    124     75    -14     27     15    -81    111    104     32    -86    -52     77    -44    -45 
  -109      5     54    -73    -29     35    -73    -53    113    -32     62   -110     98    -44      8     -7 
   -45    120    -99    -17    -79     52    -90      8    -38     66    -95    113    -83   -124     92    104 
    92     77    -13     75   -101     30    -45     57   -120     77    109     52      3     97     83    -50 
    64    109     25    -41    -10    -72    -46    -51    -28    -62    -53    -67    -43     -7    -55   -117 
   -92     54   -128   -122    -27    -32     59     99    -57     56    -38      0     81   -126    -66     86 
   -92      0    -63     -9      3    -34    -15     12     43    -52    -91    106     -7     95     62     68 
    24    -31     60     45     82    -79     54     81    -46     82     90     83    111    122    -14    102 
  -108     -8     30     80     34    -91   -111     45    103    -24    -23     86    -68    119     14     23 
   -39   -104    -80    -27    -41    -70    -22    -59     85    -71     44    -71   -111     90    125    -64 
   117    -92    -70    -67     65     62     63     29    113     83    -54     79     53    106     43    -98 
    29    103     58    104    -97    -69     63      0     12    111    -99      7    -22    101    -32     35 

C: 
  1967 -16102  -3279  36753   2948  16025   7622  21530  11589  -4679  16647  15602 -10934  22640  40235  -6767 
-41080 -29825 -27525 -10390   9730  -5294   6748 -35515  29475 -63724 -25676  -3867    581  20737   6873 -41024 
  -366  31998   1571  26402 -13060   3746  -1254  -2719  -1272  -9231 -39288   5804 -40147 -25479  10583  11123 
  4463  32229 -17466  24732   1194  -8617  23036  30932 -40868   -918 -26010  26348 -10095 -14195 -14431   3299 
 36587  28073  14134 -31898  -2912  29606 -40151  -6385 -13240   3813  24045 -14110  11906 -46946  -1221  -7012 
   693 -13050  25427  12543  29146  16551 -10250  13796 -28162 -25665  36796   7209  -1797   7751   8476   6348 
-19213  15036 -19150 -50116  -5367  -4561 -10883  -3176 -25444 -21085  10657 -32456   2794 -47614 -26315   -129 
  2001  28524  21472  -5576  -8720  -9808 -20147  13383   2717  13987  16339  -6789  15367   1465    873  22679 
  4934  18120 -24509   5444 -13826   2574  16455   3106 -23134 -15578 -12019   1625   7855  -4656   4589 -30309 
 32892 -10221  20036 -25268  14106   8036 -23208  -6802  53775  28325 -11148  -2652  -6268  -7939   5005  14260 
 24431  -1579  -2036  30041 -14494  20335  28205   3266 -23025  32763  -3660  10820 -14285    401  -2265    564 
   722 -44421 -28382   3874   9963 -16889  23556    971  -2226  12734  15248  29674  22110  58265   6054 -15566 
 -4527  43798   2981 -48552   -569  10206 -30683  -2427 -25828   3826 -12101 -12219   5991 -79304 -29314  29906 
  3205 -18505  -8371 -28278  -9077  32267 -17462 -17767   9185  -9520  22090 -24603 -11203  -3829  24896 -28063 
 14859   8698  15235  24364   6253    921   5312  13614   9153   9502 -25953  12950 -17059   -235  -5878   8886 
-39660  -5140 -23313 -25277   7253 -36365 -31654 -26829  34153 -44346 -24576  10722  -1022  33639   6407 -25913 

----------------------------------------------
                 Case 31                    
----------------------------------------------
K:  16 M:  16 N: 16
A: 
  -100    -73    -65     49   -105    -69    110    -53   -118   -113     53     -3    -41    -31     17    -89 
   -79     37    -14    -13    104    -12     97    -30   -103    -19    108     55      8   -117    -65    -96 
    31   -119     74    -73    -92    107    -18     54     14     86     10     40     98   -123     23     64 
   -21    102     78     25    -43    -36   -110     86     56     22     42    110     52   -112    -13    -77 
   -84     20    -55      3    -37    -12    123     97     50     33     38     84    126     65     72    117 
    14     53     49    -35   -102     79     80      8    -69    -53   -111    -23   -104   -114    -97     32 
    44   -107     -6    -24     76     87      3   -121    -71    100     93    -40    -31     54    -84    -63 
    31    -17    -11    -80    -89    -96    -91    -66    -37    -82     37     96     61   -103     60     39 
  -117     81     -2    118    -78    -36    -10     75    -16     53   -101     37     23     69    -77    -32 
     6    -68      5     82     84    -64    -72     70     70    125    117     29     24     69     -4   -125 
   109     18   -119      0    -58    -69    -76    -24    -62    -33     39    -78     72     86   -113     37 
  -105      8    116     88    120    -15    -72     46     68     43    -19    -88    111     75    -56   -120 
    66    -24    122    123    -51     66    -87   -112     80    -34    -18    -19    -64    -48    -74    -55 
   -46     53    -81    -96     18     88     19    125    -68    -14    121    -33    -55     66     22     30 
   100     29     25     59    126    121    -24    -71     84    107    -93    -80      5    -32     17     16 
     7      1     10     67     -7    -81    -46    -17   -126    -77     62     88      9    118    -30    -42 

B: 
     3     49     73     98     24    -79     73   -119    -30     87    106     52    -97    -30   -118    -55 
   -81    -55   -119    102    -31     16     12    -58    -53    -65     95   -128   -114     49    113    -59 
   -70     80     77     66     63    110    -97     -9    -91    -37   -116     25     49    115    124    -57 
   -15     58     21    -65     92     32   -111    -95    -56    -21    -24    -45    -93     93     42     85 
  -110     14    118    108     60     52    -42    -31    -83   -122     70      7    -42    107    106     23 
   -30     60     49    -27    -69     21     40     77     11    123    -36   -111    -79    -31    -10    -66 
  -104    -25     24     -2   -106    -37    120     81     37      3     45    115     -9     27    -19     44 
   -35     -1    -41     29     35     -3    -15    113   -110   -117    -77     54     51    -82     77    -48 
   -26    -49    117   -108     16     79     77   -127    -60    107   -111     42   -122    -25    -51   -110 
   120    -71    -52    -63    -18    -25    -32     46    -43    102   -115      0     76    -66   -120    -87 
   -43    119    -58    -21   -116     11    -64     46      1    -33   -115     85    -38     93     -5    -38 
     6     20    -29     80    -39    -19     63      9    110     16   -102     91     12     50    -44    -30 
    69    119    -71    116    -94      8    105   -107     14   -126    100    -58   -126    -52    117     86 
   -71   -112    -67     74   -112   -121    -57     87     61     70      0     68     14     93     -9    -19 
    91    -97    -28      1     37    -85    -85     -2     40    -59    102    -56    -11    -45     49    110 
    44      2     89    -62    -51    124   -126     -3    109     75   -121     87    -59    103    -86   -126 

C: 
 -2323   5268 -27873 -18960  -8169 -24585   6515  27049  28072 -22356  21701   7877  30002   -771   4352  58234 
-27373  31078 -14654  19055 -10521   6857  19080  15988  -6398 -47056  12838   -287   9556  16306  29845  25833 
 42709  33811  14091 -16313  -8619  19372  14422   6790   6575  20305 -42383   5614   6130 -37189 -21965 -23040 
  7087  23684 -23039  13900  20562  21262   5727 -25354 -30812 -32232 -27075 -18305  -6938 -10496  31771 -12863 
  7485 -11479 -24073   -435 -46765  -2538   7806  19543  29338 -12571 -21284  28251 -17453   1844   4035  -2029 
-13338   4305  13554 -12089   9735  17648  19543  17093    663  21913   -626 -11037  15006 -11085 -10764 -18460 
 -4250  17430  10830  -2657 -19402 -14365   -757  20124   2597  33915  -6868   7576  15156  11702 -31118  -4077 
 36689  19280 -13559  10187    719    827   7691 -26698  33241 -15131  10071   2935    546 -10916  -7162  12385 
  -853 -18425 -36930  -3112   4856   -563  -6036   9293  -9138  -9871 -15856 -16466  12143   -678  20106   4448 
   880   5720 -10462   1690  10059 -13086 -15337  -3738 -35171 -13981 -30259  16816   7758   2782   4284   2167 
 10107  10236 -24368  13744 -21290 -20793   7105 -17986  12853   7740  29265   2438 -17279  -3619 -22156  -1231 
-21636  10928   -670  16421  21277  19903 -16767 -16086 -55426 -41429  -5204 -26244  -4690  13313  64381  13767 
 -7307  27781  37031 -21567  35198  26146  -8496 -42023 -22863  37715 -21880 -19809 -17565  15794  -8269 -13084 
-18764 -10231 -27903   4658 -35836 -15434 -10838  58885   6324  -9097  -7096   5894   9955  -1480   5097 -16952 
  1850  -3396  44860  -4120  24027  16305   -749 -38113 -30313  31415  15414 -33368 -37275  -2476  -8619 -18080 
-13623  12643 -30962  34670  -7903 -23488 -19696   6580  17092 -24719   9391  13719  11252  35062  16591  24745 

----------------------------------------------
                 Case 32                    
----------------------------------------------
K:  16 M:  16 N: 16
A: 
    41   -116     78   -116     19     99    -76     65    -25     13    -53    -24     67   -113     -9    -73 
    46     53     92      3    -16    -26    -48    -14   -122     42     47     87     10    -16   -113    -49 
     5      2    117    -48     29   -113    -46    -99     99     13     66    -19    -63     75   -103   -104 
   -78    -13    123     32    -35     94    -63    -13     64    -34    105   -101    -89    -12      8     24 
    70   -122     24   -113    -21    114    -43      4    115   -119     67     57    -11     40     54      4 
   118    -32   -125   -101     58    -32    -72    -17    115    -71    -30    -97   -117     97    -79     53 
   -45   -114    110     87    -27    115    -59     56    -50     -9   -116     52    -93   -100     47   -105 
    87    -81     75   -119   -107    -88     55   -106   -118    -33    -47    -16    123     34     17   -117 
  -115    106     47     40     32    -41    -94    -97     84     74    -25    -20      9     90    -55    -52 
    -5    -74    -14    -15    -45     29    -13     96    102     12     10    -57    -18    -87     71   -104 
   103    -66     63    -71    -42    -67   -125     64     16     94    -37    -85     40     97      5     94 
   115     88     78   -118    -35    118   -103     63   -110   -123     60    -77    -84    -16    -71    -84 
  -121     23    -91     97    -35     17     69    -45    -87     13     66     33      1    -28      2     77 
   -54     65   -103    -86    -95    115    -95    124    -59     -9    120   -107    119   -113     90    -52 
  -122     31     14    -62    108   -107     12     27     -5    108    -84    -60    -71     52     97     -3 
  -104   -117    -22     -1     87     21     65     80    -92   -119     98    101     19    -90    -28    121 

B: 
    98     73     66     53    112    -54    -13     48    -42     -4     86     86    -82    -86     58    -35 
  -107    -28     24     72    111    -17     52    -47    -14    106   -108     24   -100    -72    -66     -2 
   -54   -109    -62   -108   -103     32    -54     99     11   -110    120    -34     -6     79    -79     84 
     4    101    -85     64    110    -83     18   -116     58     92     72    -86    -72     83    -99     84 
   -29    -22    -90    -91   -100     96   -122    -37    -26     36     48   -122    -56     50     67   -121 
   115     94     87     64    -66    -21    112    -94    126    -74     18    -68     34     74   -114    -77 
   105     80     63     38    -56   -124     94   -118    -56    -98     72     76    -44    -75     93    -73 
    59    -58     74    121     94     27    -52     60   -128     16    123   -126     61     96    109     91 
    64    114     54     21     27      1    -67     81     19     -7    104    -88     55   -103    -96     90 
   117    -67    -34     25    -88     67     75     39     95     34     21     93     62     75     30    -15 
    32     60     -7     56    -93   -118    -81     82    100    -34   -119     60   -116   -121     21     -5 
   -84    -43    -70   -113    -22   -102    125    -89    -76    -36    100   -112    -33    -51    -18   -111 
  -111    112    -38    -67    -94    -78    -55    -24    -32     55     25     38      2    123   -115    -78 
   -34     17     28     -9     64     46   -125    -59     45    -20    -38    121    -35     57    -50    109 
   113     86     52    -80     55    -74    -99    -46     39    -54    -65     13     83    104     -4     63 
    90     83     74     68     14    -46    124    -70     26    -48     16    -52    -47     47     12     14 

C: 
  7502 -22058    550 -20615 -38555  25954  -8397  38312 -10246 -16648  29245 -19481  38877  30196   4574 -21502 
-40954 -43551 -31298 -10745 -15563   1266  17453  13536  -6829   8294   1794  10919 -27495  -8868   -586 -19399 
-35732 -34569 -28247 -25936 -19311  31502 -44501  51068   8351   -986  -3912  23087 -14527 -43594  -9304  20796 
 16989   2540   6776  13778 -14175   8232 -15565  26698  44019 -21679 -12921 -16386   4132   2333 -28938  39619 
 24722  29079  29643 -13761 -10532 -13589 -23681  20188   6894 -44856  14327 -15603  13806 -18777 -11695   1733 
 19182  10264  32157  25678  38055  39052 -28832  24575  -4855   6474 -10024   9935  -4732 -44982  25318  13901 
 10564 -30942 -16873 -19970  -3233  16225  16512   -714   1292 -17301  41675 -52678  40182  43623 -11286  10454 
-29820 -14213  -8439 -45558 -22246  -8207 -17623  17768 -20061 -19897  -9302  71176   6608  -2247   4994 -15086 
-46266 -21428 -31842 -17899  -6221  35494 -20400   7517  25776  29711 -19906   5029  -1784   4611 -45784  22151 
 33722   6680  16159  10712   3951   4072 -22702  34027  -1378  -5306  14583 -15762  39773    908   6811  20999 
 16899 -12435  14444   4545  13059  34070 -31723  44961   2349  -1270  12118  26422  18853  33040   6252  39779 
-14101 -34667  22533  23317  14795  20576 -11834  39103  -3474  -8572 -25057   8760 -15503 -22907   7125    191 
  1833  18688  -7323  16455  -7727 -33734  42807 -46214  18795   6286 -29905    727 -17254   2246  -1986 -15457 
 10414  15396  30354  34492  -2601 -13410 -10407  23031  13066  16208 -55012   7002  25627  18929  -4744  -3812 
  2611 -39843  -9359 -21671  -5569  47664 -28941   4174  -4528   6276 -13541   3893  27092  29411  27580  19213 
 -1534   5856  -8633  -6874 -39425 -30052  20033 -24992 -21323 -24991  14076 -53327 -13668   7780  31108 -37225 

----------------------------------------------
                 Case 33                    
----------------------------------------------
K:  16 M:  16 N: 16
A: 
    23   -111   -117    -31   -110     42    120     68    -70    -79    111      0    -64     61    -95     25 
  -109    -27    -95    110     76     61    -15     48    -65     84     12     67     63    -92    -68     30 
   -92    -74    -13     25    -94    -14    -82    125     -6   -125     33    -68    -83     88      5     27 
   -57     31    100     77    -66    -66      9     41   -106   -116    -50    -41    100      2      1     50 
    73   -121    124     38   -117   -106     78     86    102    -82     78    -63     20     -6     19    101 
     4     83    105    -17    -41   -114    -84      1     29     85     44     42     43    -24    118    -48 
  -112     22     14     98    -13     28     77    108     -6     75    -67     -3    103     72   -101      3 
    69     41    102    108    -76    -70   -107    -63     98      0    124     68     20    121   -118     26 
  -120    -97    -75     66    -16    112    -57    -67     60    -60    -57    -28     25     71     36     10 
   -89     85    -45     18    -27     58     95     31    123     69     21     80     62    -97     98   -123 
   -38    -77    -82     83     37     47   -110    -92     14     25    -99    -45     80    -64     62    -78 
   -71    -99     34     29      6    117    -61    -53    -99      5   -123     46    -65     43    120     -1 
   -99    -41     31    -75     77     88    110    101    -25     55    -98     71     76     -4    -31     38 
  -114    -52    101    -69    -38     65   -128    -66     94    -73    -14    106    -86     99    102    -41 
   106    -62   -107     21    -17    -18    101     46     -4     55     62     69     79    -67     56    123 
    37    -31    115     68    103     -7    122    -66    113     70   -119    -77    119   -113    -13     82 

B: 
   -30    -60    -46     77     -5     65     28    124     76   -122    -47    -52    120     78    -16     12 
   -47     66    126     53    -20     95   -124    -20     24    121     23    121    -18    -29     15     46 
    98     78     90     79    111    -39    -40    -11   -112    -51    107     10    -51    -35     -4     28 
    45    104     11    -59    -70     27    -96   -118     39     98     12     73    116    -79    111     84 
    66   -119      6    106     45    111    -84     10     65     56    -97     42     34    -71    109      3 
  -124   -110     76    -86   -110     83    -54     53      4    -49    -74    -53     46    -77   -128   -104 
    84    -29     64     26     35     82    103   -116   -103     11    -90    116      5   -112   -107    -34 
   -70     -8    -94    -29     37    -45    -36    -86    -99     84     36    -71    -71     66     18   -111 
    -9     96     42    -67    -93      9     25     32     85     80   -119    120     12    111    -49    -85 
    -8    124     99    -76    -16    -73    110      6    -95     59    -49     15    120     84    -86    -58 
   -67    -22    -61   -104    -10     83   -109   -125      7    -39    -41    -89     61     17    -44     66 
   -64    101     84    -31     54   -104    -88    -65    -56    102    -37     79    -57    117    126     30 
    68    -78     98     91      6    123    -31     88   -108     80   -110    -24   -124    -38     76    -16 
  -114     49    -56    118     13    -49     68     30    -89     -2    118    -86    -13     24     76     -9 
    -4    -20     32   -100    -15    -83    101    -29    -72    -86    -58    -30    -93    -69     84     81 
    72    -75     46    -38     46    105     64     93    -40     -2     78    -52    -21    -40    -66    110 

C: 
-30783 -27562 -51205 -16576  -1918   6731  14546 -23936  -5440 -26206  12033 -37438  12997   4113 -38506 -13648 
  5036  -6548  14904 -27608  -9418  15496 -32161 -23191  -4118  47924 -24005   8857  12209 -11555  10853  -5837 
-24574   1317 -56625 -18142  -1819 -28992   -297 -18600  -1336 -12975  52897 -42102 -20337   3916   5801   -876 
 33256  -3274   3375  28061  24408   8505 -14288  -8294 -30419   6486  41911  -6256 -41186 -36440  27293  26990 
 31097   5627 -25210  -8377  17513   1893  26857 -10069 -20839 -25793  17660 -17472 -12105   7404 -18566  12176 
  4963  44815  22760  -5926  12696 -32384  -4372  -8721 -21433   8323   3637   8294 -19618  24325  27152  20431 
  6237  22010  21064  12568    913   6306  -4848 -19652 -43402  56063   7746  15355  -8985 -11528   2680 -27764 
-13687  56432    526  11521  -1222    290 -35885   1676  10971  16024  31512    254  24241  40891  19480  26112 
-11530  -9610  -3869 -21058 -32488  -5688   9075  12968  11396    -74  -4349  -9037  -8035 -19417   7764  -8024 
-10249  28800  44786 -42323 -27083  -6434 -10311 -40457 -13991  42721 -62951  50944 -14284   2243  -4212 -26072 
 10331  -8902   6123 -13349 -31953  -6814   2421  23435  27070   1684 -31441   3824   6516 -13444  24547  -4933 
 -7832  -4677   6897 -14398  -1453 -43219  19376   8519 -15795 -26469  19451 -18002 -10415 -24265  18088   5439 
 11191 -19596  30814  11189  20254   3111  11278   -793 -50029  28867 -16517   8811 -32390 -13469 -10190 -37292 
-30645  29302   3632 -17882  -2486 -58712  -1692   3585  -2743 -17759  23232  -7167 -33931  18917  20933    813 
  9235 -23657   4818 -27268    834  23757  23710   -989 -17279    923 -39622  -7793   7247   6378 -10465  11186 
 75465  -9061  53401  20436   4288  44538  23254  27103  -6230  15100 -40583  46080   8583 -32632 -18159  -4584 

----------------------------------------------
                 Case 34                    
----------------------------------------------
K:  16 M:  16 N: 16
A: 
   -17    -75    125    -54     53     59    -29    -30    107    -84   -124    101     64     86     91     29 
    40    -15    -22     37   -114     55   -104   -111    -97     56     52    -85     34    -33    -38     15 
   -63    -17     85     66    109    -68     -6    -90    108      1    -14    -14     -8    -72     86    -57 
    59     27    101    -88     70    -10   -109     -1     96     91     68     71    -71    122     34     38 
    69     29     10     23    -93    -81    -57     94    -82    -38    -76    -39     97    -11    -70     92 
    46     -9    120     -4    122    -69   -124     28    -44   -116    -40    107     31     83   -109     -9 
   -86     70    -87     95    -87    105     16     46   -108     94     64     53     58     94    -72    108 
   -90    -32    122    -87    -16     38     87    -49    -77      7    -97   -127     47     32     49    -16 
   -67    117    112     19    -47     64   -116     48      8     42     42     15     80     92     21   -109 
    90    -23     22     39   -120    -86    -38     27    -75    -84     70    -90   -124     73    -42    -14 
   -57     -6    -50     85    -48     18   -118    -69    -93    119    100    -20   -113    -57     77    -38 
   -42     74     48    -82     59     98    -99    114     71     24     95     -9     27    -44    -28     16 
    49    -78     58    -39    -30     60      5   -118    -72     99     84     73   -106    -50    110    -63 
   -41      7   -117    -96    -40    118    120    -25    -34   -122    -53   -118     -2    -19     34     43 
    -7     55     -6    -61    -59   -120    -24     95     24    101     84     95    -58    119     36    116 
   -56    -24   -101    118     35    107     77    122    -65   -104    -97    108    -12    -75    100    -72 

B: 
   -71   -115    -36     47    -84    -48      9     23     37    -97      3     40    -22    -70     74    120 
   -76     -6    -61    -20    -74    -49    -85    -22    -38     97     39    -54    -55     50    -30     -2 
   -37     79     -8    104     85     23     33    -50     78    -13    125    -30    -39    121     39    -34 
    53     -1    -25     21   -114    -52     71     86    -15   -109     53      9    117     28     15    120 
    43    -21   -122     11    -36     29    -54   -125    -71    115   -116    -74    -61    -25    -41     84 
    28    117    -77    -94     30    -24     64    100     59     43    -16    126     13     93     41   -118 
   -83    -84    -43     41    102    -80    -32   -116     -6    -53   -105    126   -116    -65     36     58 
    76     83    118    -27   -120      8    -76    -73   -106   -114    -75     33   -126    120     29    -17 
    81     40     97      9    -26     17     78     35    109     21    106    -24   -100    105    -26     20 
    15    -24    -20    -40    -42    -59     18     53     96    -41    -92    -75    -75     71    -23    -99 
  -109    102     -2    -52    -89    -68     41     45    -27   -124    -88   -126    -52    -58     29    -22 
   126     49    -89     21    -69    109    -30     27   -118   -118     15    -78    -77     81    -50   -104 
   -84     68    -14     13    101    -93    -60     81     48      6    -30   -106     35     63     65   -107 
   -55     25    123   -123    -42     29     16    -46     45    -74     23    -24    105    -43     20     90 
   113   -126     16    -16    -99     75    -30   -104     18    -79    117   -121   -121    -81    112     65 
   100     56    117     96     16     79      5    -75     90   -102     58    -44    121     59    110   -116 

C: 
 40204  13327  10084  11699  23383  44249   4306 -18777  22072   5246  51874 -11655  -3977  28818  13155 -10179 
-29321   5097  -6683  -8075  10357 -24347  21747  52166  27750   1706   3695   1334  52330 -12357   9009 -20799 
 19734 -17405 -19756  20650   2627   8739   9914 -11988   8472  26267  26813 -29051 -22981   -414 -11065  26269 
 14630  15690  16447  -9489 -34477  28797   9631 -13477  20655 -15855  20754 -47550 -23267  19379  -1412  -5803 
-10741   5986  29580  22383   5954  -6697 -17825   5088   -663 -16986   9716   5537  38423  15874  17254 -11257 
   652  25953  -7315  16371  -2527  27656 -11986 -10793 -28520   7723  11284 -18975  25693  17504 -15410  10168 
 -4607  43051   9449 -30143 -13514 -17691   -414  30438  -1945 -37922 -26757  -1653  41591  25804   8668 -48994 
-24204  -8765   1972   4172  64086  -5511  -5910 -27342  29779  35077   6865  21478   5493  -6152  14479  -9272 
-15942  41356   1658 -30580 -16008  -9535   -656  27186   4795   6943  21741 -31914  -6558  40604  -5352 -21599 
-31801 -10975  33774  -1834 -20008  -4371  14406   -674  -6045 -31651  13392  22070  34001 -36548   7170  45551 
 12208  -8440 -16369 -21724 -37546  -1429  20102  30479  -3640  -9833   -327 -23048  11883 -19599  -8716  -4142 
  6608  52938   4281 -13587 -14567   -324  -4585   7253   -497  16603  -9500 -22478 -31315  47631  -3039 -43583 
  2722 -22067 -37500  -3982  -6721   8039  19849   9850   7780 -20306   1342  -9480 -26822 -26204   3972  -7301 
-12976 -14090   5085 -11441  40930  -6922  -8339 -18074   5731  32711 -10927  53261  10468 -30693  16907  -1813 
 16889   9912  48432  -7280 -43823  24325 -11045 -25171  -2226 -57855   5002 -46575 -18434  11752   6214 -17316 
 49762 -10100 -29610  -8544 -22268  12820 -18196  -8833 -56199 -10703 -11489  35066 -22830   2800    538  12912 

----------------------------------------------
                 Case 35                    
----------------------------------------------
K:  16 M:  16 N: 16
A: 
  -102     18     12    -34    116     80   -127    -73   -105   -110     -6    -83    -14    -94   -103     53 
   -45    -31    -23    -29    -90     69    -22    110     44     30    -74    -47    -31    -93     24     58 
   -81     11    -99    103     16     68     80    -51     51     58    125    -58   -120   -118     51      0 
    80    115     -2    -13    -58    105     51    -72    111     53     45    -46     86     95    -47    -37 
   -93     92    -26    -32     61     69     12    -81     68    121    -17     57    -32     93     -3     50 
    -6   -106    -52    125     94    -59     86     45     47     40     67    -21    123    -11    -41     12 
   111     17    108     14    102    -77    -56    -20    -39     78     35     33    -68      6     81    -22 
  -121   -102     45      3    -78     13    -18    -69   -100     84    119    -75     52    110    -73     -6 
   -67    -87   -107     50   -103    -92    101    -90    125    114     50    -77    113     63    101   -107 
   -24     39     78     76     -7     52     37   -104    -80     24     98    -74     94     62    -87   -119 
   -44      9   -109    -77     -6    121    100     16    -99      4     97     54     69    118    -36    -53 
   -81    -44     -9    -90     -9     50    106     65    -46    -49     13     88      2    -37    -42     83 
    91     54    -41     12   -106    125    122     37   -113     36    -55    -79    -69     60   -106     85 
    14    103      2    -69     61    112    -34     85    -72    -42     75     66     23     26   -116    112 
    99   -104    -73     72     81    -89   -112    -80     -2   -111    123    -95   -128     50     23    -12 
    96     39    -32   -126    -88     54    -85    -94     53    -31    -25    102    105    122     21     60 

B: 
   -59     10     30     87     30     28     -9    -34    108     40   -101     57    -20     90    111     71 
  -118      6    -37     11     75     58    -36    -78    -20   -113     31     93    -28     11    -17    -96 
   122    -39    -95     12   -114      0   -109   -105    107   -117   -127   -110    -67     55     83     78 
   109     18     -4    -52   -119     14     55     56    115     92    -46      2     -4   -123      4     51 
    63   -126    -16     95    102    -24    -38    -44    100    -49    -19     61    -49     28     64    -31 
   -67    -73    100    -34     16    -59   -113     72   -114    118     14     54     74     75     73    -94 
  -114    -20    114   -111    -20   -124     30      0     -8     -5      9    -46     54    -96     27    -67 
   -38    -81    -43     43    -57     24    -35   -105    -16    113    -28     36     51    -78     92     13 
   -20     98    -84     68    -50     45    -60     44    -82    -82    -41     56    -65    105   -119    -64 
   -83    -35    -65      3     60     90    -26     28   -116    117    -43     -6     62    -90   -114   -100 
   -73      2    -50    -92   -125     -3     27     88    -77    125     22     -2    -28    -24   -109     40 
     1    124     23     49     50    -84    -66   -106    -69   -127   -113    -78    -70     47    109     35 
    65     89     24    -65    -10    -77    100     37    -11   -121     89   -100     82      2     74    -70 
  -120    -50    -58     94     39     97      5     75    -99    -53     66   -126     29     98    114     -4 
   -23     -1     95   -127    -63    -33   -127    -19    -30    -74     60     78    -20     -8    115    -12 
    -7   -103     73    -20     69    -71   -101    -90    -38    119    -56    -79    -96    -69    -17     89 

C: 
 44805 -32641   3636   5604  22651 -11835   2723  -2590  28757  11632  12401  11371 -10396   6039 -15505   8560 
 -1447  -9249  11337 -10096  -5835  -2701 -21241 -10435 -20009  37245  -2879  18438  10438 -17785 -14525  -7289 
-17930  -8283  17184 -45804 -22759  -7605  -3750  34363 -18753  60248   8464  44262     59 -41240 -62622 -20021 
-48138  15960  -7964   2402   4606  16138   4026  35198 -35471 -11716  13918    726  17390  32979 -11339 -39947 
-34725  -9524  -7034  12454  39006  10564 -27172   7903 -51813 -13746   4706  -4002  -5311  12158 -19141 -38112 
 19506   1718  -1163 -13426 -20341 -15684  36088  22558  13307  24439   2365 -15182  12493 -36092 -11325  -2545 
  9811 -13796 -21147  19192    257  19944 -24524 -25163  32298 -13087 -32282   8780 -25557   9330  19479  22012 
  2048 -10678 -17920 -24906 -20852  10923  30997  47601 -28478  34340  26065 -51811  25658 -16564 -29554   2766 
-19282  45484  -2333 -44049 -33084  10871  44201  68328 -38830 -10316  45498  -9862  32126 -20461 -46236 -37289 
  4307   3040 -15609 -20550 -22187   7248  38114  42923   9750  -4326  21005 -22879  26537    256  -7692 -16315 
-54505  -6110  23889 -16888  17644 -18637  19019  30648 -53788  14379  39024 -18054  38778   2776  20186 -31978 
-10327 -10578  27532 -14578   9108 -42559 -10516 -21691 -23539  10853  -2992 -22827   2386 -14556  11490   1846 
-52436 -38187  30176  -3376  22973    329   2484   3331 -11132  66718  -1535  -5168  28975 -19911   9693  -5372 
-23496 -30554   2134  20132  30802 -12578 -17885 -25944 -19181  22075  -8097  -8138  -5660  11048  20472   2471 
 17661 -11004 -11674  16461 -17170  25353  19527  32226  40011  32251   3439  23512 -27048  15131 -16504  47549 
-29082  32555   9119  21731  33633    294 -15126   3316 -43104 -45565   8049 -23285  -7279  61492  28343  -4197 

----------------------------------------------
                 Case 36                    
----------------------------------------------
K:  16 M:  16 N: 16
A: 
    18     45     38     54     44     81    107    125    -77     76    -34      1     31     80    111    105 
    21    -56     65     58    -46     31    110    117    -26   -111     90     65     29    -51    -80     78 
  -111   -128   -124   -109   -120     61    -81    -79    -84    -86   -100      4     44     78     -2     56 
   -57    119     98      3    -15    120    112    -36   -106    110     96     27   -105     93     15     29 
    14     99     -3    123     12    -22    122      9     22    -38    -95   -105    108     90   -117    -29 
   -14     59     35     22     78   -120     94     74   -121   -101    -45   -106    -32    -35      1     79 
    45   -121     58    -34     62    -18     46     51     26    -53     12     17     40    115    111    -31 
    46    -91    -37    -14     90    -44    121   -102    -39    -13   -107    -60     19     18    -90    -14 
     3    -51    -53    -81    -33     79     11    -88      5    -99     74     77    117     94     -5   -128 
    15    -26    -55    -53    -31    118    -54     81   -116    -88    -85     84     -8     95      4      8 
   -40      9   -121    -93    -71    103    -88     92    -92    120     -8    -29     -9    -24    -89    121 
    10    -30    -26    -91      7    115    114   -112   -109   -116   -114    -79    105    -86   -128    108 
   -94     50     68    -95      6     15     41     26    -30     42    118     73     72   -113     62    -12 
   -61     62     81    108    -61   -128    -19    116    106      2    -92     17    -71    -32    -31    -98 
    33    105    -46     70     95     75     39    117      5    -83     96   -125    -96    -32    -62    126 
     0    115   -102    116     85     22    110     20     17      5      8    -38    -31    -40    -92      2 

B: 
    33     -2     35     50    -79    -37    -11     64    -83    -98    120    -97   -103     17   -103    122 
    18     78     75    112    -13    -28    -62    -56     88    -96     73    -16     -4     45     15      2 
    39      5   -115    -86    104     57    114    -75    -33    -41    -70    -70     -6    -42    -25    -54 
   -56   -100    -79      2   -120    -63    -37    -40     10    -76    -65     -8     88    -50    -27    -82 
   115    -27    124     60   -119   -121     58    -31    -53   -100     85    -97    -21    -88    -31    113 
   -58    124    -58     87     95    -45    -95     38   -128    115    -97   -111     58    -23    -57     72 
    98    -18    116      3    124    -59     32    -11     42     -3    -80    -38    -31    -13     44    -11 
   102    116   -117   -110    -21    -13    108     37    -67    -54    -76    -60     76   -115     88     22 
   -13     96     74    -45     41    -12     43    -52   -119    -60     19     53   -128     35    -91    111 
   -13   -123    -28      3    -94    -80     63    120    109    -43     46    122      7    -95    -87     88 
  -117    -10    120     41     54     66    -53    -57     25      1     54     75    106    -66     85    -13 
  -125      8   -116    -22    -76   -124     59   -120     45     66     -7     -5   -122     50    -44     30 
   -54    119   -115    -82     69     70    -56     52    -81     84   -122    -90    -28    122    -31     68 
    -2     60     51     19   -108    -49    -99     74   -109     -9   -102   -105    -76     79    112     84 
  -118     19    -93    -56    110     63    -66     -5    -12     17      1     81     29   -108     69     66 
   -18    -54     50     44    -13     90    123    -18   -105   -101     96   -122     93     54    100    123 

C: 
 10504   8230 -22666  -1303    698 -12900  10398  18813 -21775 -19352 -24463 -42756  25145 -27303  29759  35865 
  4296  12229 -14105 -15637  25454  10583  28301 -25160 -20835   2132 -26620 -38080  23180    -37  21083 -17290 
-27927  14016 -23553  -3102  14907  30035 -31485  24060 -18226  66264 -29462  -6554   2714  49106  24567  -7351 
 -8933 -13967  18144  35147  13047 -18443 -10137  -4496  27912  -1999 -10183  -4991  26362 -23299  25164  -4628 
 43533  15666  19479   5915 -13481 -16292 -16934  14134 -12389 -22192 -37150 -42793 -11918  32254  -2553  -8592 
 55082 -17235  23572    332   1573  15283  26069  -9203  11230 -39050  10299 -29052  30919 -13470  41606 -24763 
  3249  19818 -11115 -29562  12032   1082    545   5598 -40762   5446 -26713 -22216 -21412 -10615  17350  25699 
 44082 -27039  37829  10274 -14309 -19700   4699  18597  -1069  -1956     82 -23188 -26262  18826 -16692   1263 
-35298  43045    166   1098  25968   -723 -55160    682 -18097  60973 -36205  -7660 -34021  38970  -3486   2639 
 -4866  34406 -37613   4008 -11639 -10886 -18158  14384 -28132  33703 -28092 -43250  -1612  16085  19113   8152 
  -993   1942  -8839  18945 -15663   8543   8700  39361   2125  13490  13010  -3104  39865   1510  12423  17646 
 31555   9020  20314  25578  41728  19509  -3062  12183 -21334  30823 -11231 -61046   6337  49050  -7107  -3064 
-21589  12876 -16380 -13553  50291  16920  13240 -22819  28134  22703  -3541  22843  17153 -18515   8432  -6329 
 23148   -544 -31956 -36741 -15897 -12699  30306 -22452  25943 -28051 -16043  30350 -12658 -14522 -10879 -41864 
 35299   7902  57243  39470  -7892    813   8219  -9323 -26206 -50499  28429 -38693  51900 -25595  30368   9703 
 29017  -9679  47542  34464 -25246 -35557  -4136  -6027  15382 -30799  11979 -10100  12730  -7263  -5443  -3566 

----------------------------------------------
                 Case 37                    
----------------------------------------------
K:  16 M:  16 N: 16
A: 
    12     39    -67     41    -47    112     88     72    -71    -85   -127     53   -104    -17    -27    -97 
   -88     70     58     56    -21    -43     49    -26    -27     64    125     80    117    -86    120      4 
   -20     19    -20    101   -115    -61   -101     69    -98   -127     38   -111    -50    -83    -40    -39 
  -101    -43    -27    -58    -74     15    -36    -48    119    -67     27    -67    -52     38     75     68 
   -56    -10     22     -7    114   -124   -126     75    -87      7   -116      2    -39    -60    -88     97 
    20     62    115    -93     59    -69    125    -89   -121     43    -52     21    120    -57    -59    -27 
    31    -35    -80    -90     -6    -63     12     28     -5     64    -20     22     -7     84    -68    -34 
   -24    -44    111    -71   -106    107    -56   -116     85   -104    -87     65    -29    125    110    102 
   -66    -86   -119    -12     30    -82     80    -49      8     48    -11     99    -39    -56   -110     34 
   -48    111    -40     84    -21    100     99    -73    103   -119      7    -34   -119     82    -82    -77 
    90     89   -108    101     39     66   -107    119    -37    -60     94    -85    -36    -92   -106     47 
   -98    -61    -63     56    122    109    -99     16    -87     -9    -55     68    -99     77     76     17 
   -40    -76     49    -33    -35    -99     79    -45    -98     41     82    -36     62    -97    -48     49 
    79     47    -36     61    -18     13      7     28    -31    119     15     80     39     77      9      3 
   105     -6    -76    113    105    -71    -59    -68    -30    -50     -3    -88     74    122     93    -44 
    13    -44    -45    107     66    -25      4    -74    -96     -5    -43     96    -37     46     54    -39 

B: 
    44     49     27    -86     91    -83    116     22   -118    -64    -20     97     12    -98   -100     49 
  -102    -93   -107    -45    -50    -22    106   -115    -67    115   -126     82    125     17     62     56 
    64    -41    110    100    -19    -60     11      2    -73    100     92     16      0    -86   -113    -55 
   -88    -20    -60    -32     62    -26    -15     87   -109     53     77    -94    115     21    -39   -102 
   -41     51     17    -39    -52   -104     63    119    114     68     56      1    -83   -120    -25     76 
    14    -38     52     92     71    126    114     49    -35     17    -96    -15     79     73     54     54 
   -99     59    -79    -16    -54    -96    -91   -121    -66    108    -27     75     60    123     81   -101 
   -97     68     94     98     98    -48     34     56     26    -35    -97    103     36      3     -4     68 
    21    -38    -24    105     84    -13    -78    -93   -120     33   -117    -44   -121    -12    109   -113 
    44     60    116    -39    -37     -8    118     54    107    -12    -65    -14    -11     50     87    -19 
   -23      6     62    -18     55     64    -73    -84    -96   -110     33     -9    -81    110    -87    -88 
   126    -77   -123    -78     55     21     93      8     44     51   -103   -106    118    -20     43     41 
    -4    -25    -87     32   -112   -100    104    -27      9   -112     11    -70     95      5   -106    -28 
   -14    102    -94    125   -102    101   -105    -60     -1    -34     78    -19     60     68    -56     84 
    76     -5     54     89    -24    -27    -38     81    -17    -31     53   -112   -126     31    -76    -92 
   -76   -124   -101     28    -41    -43   -117    -66      6      4     22     -3   -107   -108     20     21 

C: 
-13205   8107 -12402  -9574  26775  16367  21473  13639  -3914  32907 -32758  22482  59303  20501  31535  25677 
  4708 -25971  -5791  -8078 -17030 -20141   9585  -9425  -8712   1280   2650 -34832   6769  25031 -14758 -47270 
-27039  -6062  16065 -11106  26814  12239 -15544   9373 -21259 -17407  21799  17324  11462   1559 -24979  -3378 
  5478 -15267  -2341  41428   -336  31202 -62603 -25558 -13103 -10417   6619 -19371 -52959  12511  13639 -22519 
-12294  -8241   4838 -20138 -11240 -25516  10358  35641  58237  13105  16331  13004 -13359 -63611    141  42167 
  4052   -609 -12146 -33781 -51233 -46725  37129 -15726  20820  24376  11029  21244  30404 -14485 -11849   4700 
  5405  30069  -4439 -10326  -8990   6744   1118  -9306  26935 -17653 -12206  15824   3594   6899  13123  24778 
 45798 -35599 -23270  57742  -8276  37289 -37251 -18746 -21493   9370  12079 -36707 -18691 -12479  -5411   -987 
 -1234   2401 -27830 -42408  -1631  -3319 -17229  -8893  34648   8564 -12066  -7424  -4620   3124  43253  -3408 
-32415  -3806 -38119   8696  13401  35596 -31526 -40391 -49817  44905 -18142  11157  32367  38592  38679  -8904 
-49028  -9066  10221 -25229  45792   3587  26419  14231 -20308 -17461 -20049  34718  10541 -13878  -4893  28042 
  9135   4702   3690  12102   1563  35587   3103  58195  46780   7759  16915 -33925  -2315  -5206   3895  36015 
 -4313   -495  11011 -24199 -21828 -22718 -18000 -14832  11379 -13529  28984   6062 -14179   4176 -15163 -27426 
  2063   9371 -12877 -12579   -813     73  31581   4331    -61  -8519 -16153  -5724  35324  13246  -1651  10605 
 -7879  26990 -18183  -5942 -22509 -14846  -4434  25783  -8811 -27123  51266 -18811  -5428 -11136 -51424   2636 
 13911   9835 -20761 -27571  -7012   2078   5970  34791  17053   9632  27984 -29716  20180  -2299 -12064   5740 

----------------------------------------------
                 Case 38                    
----------------------------------------------
K:  16 M:  16 N: 16
A: 
    77    -16    123   -104    -81     19     68      1     61    -98   -117     31     82     61   -121   -128 
   -40     40    -54     28   -112     59     89    -46     22    -10     78   -109     11     73    -61    100 
    84     14    -27    -67     -8    118      2    104    126    -82    -34    -33     93   -106    118     43 
     9    -35    122     37     38     39     29     10   -104    -64    -18     71     88      3     12    -41 
   -20    -10    -86    118    -20    -31   -110     26    -98   -125     25    -18    121     16     14     50 
   -65    101   -126     19     53    -39     24    -21    -49     96     77     43      3    -27     35     92 
   -43    -15    124     90    117    -15     32    -30    -32    126     43     29   -106    -66    -38    -49 
    69    -84     -5    -46     -7    -84    111     96     70     29    -14    100    -74   -106    -75     31 
    35     30    -76    -19     84   -109    114   -102     40      6    100    -61     98    111     51    116 
  -123     45    -29     95    -22     24     19    -32   -114   -104   -123     10   -103    -80     40    -97 
   -42    -27    -56    -60     12    -15     77   -128   -122   -103    -57     65     76     92     41    -47 
    11     -5     69   -104    100     29   -119     92    -45    -41    107   -104     31     11    110    -13 
    85    -77     58   -124   -115     31     30     23    -65    104    -19     95    114     82    -56     55 
   -78    -31     50    119     86    -90     91     19   -124     40   -102     72    -39     35    -57    112 
   -97     31     14    -66    125     89    -59     75     36     31   -114      5     74    -47    123     29 
   -54     45    -34     72     -4    -42     48    -26    109    116     88    -78    -93   -101     46    -12 

B: 
    20    -12    -84     24    -87     92    -59    -43    105    117    -92    -61    101    113     18     88 
   -13     68    -26      9    -24     91    -43    -77     42   -103     86    -53    106     26    -45     32 
   -48   -117      0    102    121    -79     97    -88    101    -36     75    121    -72   -111     52    -66 
  -110    -58    -97    -54     -8    101   -114   -125   -112    -15   -118     77     43     58    -17   -119 
   111    100     55     85     19    -11     72    -53     51     84    123     60     59      1    -28     70 
    -7    -90     50     17     32    -57    -18   -117   -116    -26     44    -62     62     39    100    -42 
   -53    -24    -16     37   -108    -44     60    -57   -117     -7    -91     88    -82    -76     88     81 
   -17    -23     13     66     84     -2     62    111    -82    -26     98     44     97    -87    -19   -122 
   -85    -52    -70     27   -109    109     46    -25   -100   -110     19     35     95    -99    -10     24 
   -71     72   -115     22    -57     34    -50     65    104      1     46   -107    -27     79    -87    -60 
    61     81     44     20    -27    -82     33     -7     72     19   -117   -101     40     67    -23     31 
    37    -16    -81    -66     82     17    -44      9    -92    -93    -79    100    -40    -84    103     11 
   -17     20     73   -127    -57     44     55    122     60    109     33     84   -118   -104     74     20 
   -66   -124     98    -24    -79     28     68    -38     36   -123    112      6    112    -37    108     73 
     2    -74     59     90    -21    112    -28    -85   -117    -97     91    -39   -104     30     88    -40 
   -80    -37    -82     27     17    -74    -77     75   -112    -93     56    113     76    -44    -11     25 

C: 
 -5100 -34271  14118 -15233  -3281  -3105  42283    -24  25152  13151  -2930  28063 -13794 -49002  37619  21231 
-32150 -11514   2401 -12691 -34239 -16796  -5969  -2728 -18678 -19619 -15990 -10525  21244   4904   1797  13331 
   604 -16872   7483  16880  -7753  21765   4847   4139 -46071    116  23125   3415   8093 -18199  19443  -3443 
  9470 -19321  19156  -4564  29291 -14690  15547 -14441   5346  17729   -710  36206 -32866 -21833  35328  -8591 
  5242   1569  20862 -37144  11373   9089 -19194  18993 -10254  17253  -9916  13600   2269   6797   1688 -12623 
  4664  42428 -14312  -5793 -12657   4538 -26380  14416 -10015 -13266     26 -14728   4821  20575 -21293   8334 
  2861  17184 -25082  26672  22896 -17186    594 -30677  21652   8047 -10001   5398 -11090  13966 -22992 -21405 
   529  10482 -43971  12971   3020 -11212   3263  29052 -20253   8045 -36770  25213   -641 -22544 -11182   4668 
 -6326  16992  11523  -2993 -61439  10387  10067   5973  11694    243   2026   7533   4784  -1423   7316  57405 
  9636  -4855   7890  -6010  33159   1947 -20480 -36936 -40167  -8257 -12214   5288 -27632  11383    306 -28004 
 21420  -5566  40513 -28986  -8536  -7397  10569  -5060   -898   8521  -5924  14425 -44793 -11349  43811  37220 
 33475   6933  51238  35770  22410 -14986  31818   4956  36027  16144  53919 -23771   7939   7055  -2192  -6200 
-12771 -19359  -5463 -18779  -1443 -21567   8628  45031  27972   7089    480   7679 -21984 -22806  32225  10753 
-18196  -4977 -23368   -329  25603 -19762  -9362   3579 -19512  -9482   3865  61893 -12630 -21584  -1025 -11355 
  7089  -2178  21157  20475  23014  10104  13101   7944 -27208 -14748  77486  15347 -12112 -26698   8477 -20152 
-15925  25100 -30813  21213 -25015  15866 -15316 -16468 -12672 -13721 -19058 -29070   3391  26128 -40209 -14939 

----------------------------------------------
                 Case 39                    
----------------------------------------------
K:  16 M:  16 N: 16
A: 
    31    -25    -87    -70    100    107     -9      6     37     -4    118    -15     81     42     78    116 
    20    -43      4     72     32   -104   -103   -107    -59    -61    -85    -20    119   -107    -41    -13 
     7    -75     46    -99     60   -116    -91    -25     39     55    100    -54     10     26     73   -119 
   -35     73     82     -4    109    -94    -96    102    100    -44     45    -13     13    122    109     62 
    23   -120   -124     -5   -128   -123    -58   -123     29    -61     37    -17     82    -19    -36   -119 
    39   -105    -92   -104    -63    -35    -93     21    120    -73    -93     57     71     43     23     90 
   -32     81    -54     73     -4     72     46   -110   -109   -121     33     68    -72    110    -95    111 
   -37     88    -65     45    -61    -67    106   -109    -57      6     52    -11    -65    -47    120    -89 
  -106     59    -89     83     85     74    -64     47    -33    -11    -65     53     51    -76    -43    -64 
    62    -86    -17    -39    106    -16     80    115    114      1    -23     85    109    -34    124      3 
    31    -23    -85     96    -52     84    112    -43     36    -29    -20     15   -111     42    -53     82 
   -82    -88    107    -74    -59    -29     14    -92     67    126     85     20      0    -14    126   -106 
    10    -60    -54    -36     28    -29    -51      4   -114    -40     94     -1    -76    -19    -18    -15 
   -14    104    -95     54     30    -88   -120     -4   -104    -91    -35    -66      5    -91    102      2 
   -63    -16    -78    107    -26     80    111   -123    -26    -19    -47      6     50   -116   -106    115 
     0    105    -55      8     36     95    -27     99   -103    107   -109    -58    102    -96   -111    -35 

B: 
    57   -106    -91    -56   -106     74     68    -38      6    106     -8     -4      6    -75      8     45 
    42     22    -25     63    107   -127     39     26    108     72    104    -96     93    -17    -91    -81 
   -71     49     86     85    114    116     13     53    -86     13     38    -61   -115   -126     47     36 
   -52     65     13    -49     37    -52     98    -83     44    -37     68     81    -65     15     50     29 
     5    -23    -13    -91     58    -80     29     57    -33    -62    -96    126   -111    -27    -64    121 
    89     70    -55     11    118   -107    -49     33     -6    101     87    -58   -106   -109     21     31 
   110     59    -74    -75     71     90    -96    -38    -27    -99    -55    -30    -43     -1     12    -71 
   -30     33   -123     79    -95     73     72   -100     85     37   -124     64    103    121     78   -114 
   -55     52    -18     67   -122    108    108    -94     48    -84   -128    -16   -118    -59    -97    -94 
   117    117    126     79    125    105   -120     67     33    -33     64     21    -21     76     89    -11 
  -102     23    -81    -32    -95      5     42    126    -97    -33    -55      2    -59     73     -7     13 
    31      2     -7    -81    100    106   -106    -63    -19     20   -114    -64    -65     50      6     26 
    28     96    -39    -84    -54    -99    -91    117   -122    -30     62    -47     26    -40    -83   -117 
   -46    -39     76     72    -62     92    -42     40     54     78     37   -104      0     55    101     53 
    88     35    -74    -44    102    -42    -21    -58    114    -58    -63     17     -2   -104    -64     58 
    15     61   -104     38     73    -64    -75     35     42     90    -70    122    -82    -69    -12    -68 

C: 
 13323  12292 -46271 -17252  -9530 -33083 -16356  31104  -4668   8257 -27684  16784 -26852 -17285 -22585    725 
-13301 -14645  18636 -32623 -10440 -39245   9998   8939 -30182 -11172  24744  19967  10661 -16409 -23088  10278 
-24014 -16370  26382   3188 -37656  28839  15733  23821 -18801 -30436 -16090   -499   2911   9687  -6585  26309 
-36351   2837  -9976  26119 -16452   4421  31570    855  27937   -523 -37790  10916  -7742  -5300 -15901   -807 
-23758 -29344  17340 -28092 -75957   6392  10634  -1325 -30324 -25473   9579 -14130  29377  21036 -13251  -1628 
 -5041 -16399 -17932   2631 -52901  13978  -6231 -23405  10166  14109 -39457   1613   8249  -8602 -17084 -21585 
 -6827 -15197  -6369 -13316  27903 -36959 -16017  13185    358  37593  23812 -12753 -13438   2021   9040  18164 
 20283  -1756   3189 -22565  27861 -13827  -3511  -8857  15101 -31640  16726 -13675  20215   6540 -14173   9422 
  5981  12627   1551 -15976  22153 -52589   4099  -7008   4951  -5321  13808  12001  11180  16480 -12632  -2962 
 22014  15124 -43005 -30539 -14149  26386  -7827 -25878    292 -30245 -68441  18728 -20102 -12326 -22368 -14830 
 11328   -550 -15123  -3913   6401   6640  -1720 -28552  19407  11955  -2673   5276 -23733  -1285  16248   -128 
  2454  23017  38825   8024  19109  46950 -23669  17005 -20626 -45091  -4186 -24675 -25053  -7070    874  14315 
-15507 -29465  -6192 -14379 -18538  -8123   7286  11173 -12720   6168  -9977  17742  13702  24874  11056  28189 
 -3326 -20706 -16136 -17474    956 -73385  29864  -7989  26974   2345  14864  27583  48049  -2106 -31181   7948 
 21921  26132  -9374 -29892  35468 -45643 -28837   4457 -20812  -8219  23204  17576 -24955 -14914 -11548 -19537 
 35077  19687   2028   6975  24300 -46989 -12415  15542   2318  20546  48246   6517  38714  13895   4640 -27821 

----------------------------------------------
                 Case 40                    
----------------------------------------------
K:  16 M:  16 N: 16
A: 
   117     55    -63    -71    116    -43    -30    -65   -107   -117     49    -67    123     22   -121     13 
    71    -76    -61    -14    -21    -53     50     99     -7     11    -34     10     96     11     44   -113 
   -84    -32     53    -58      9     15    107    -30   -128     36    -17     91     76    -85    -72     50 
   -21     15    -59    112     80     -1    -38     77    -13    -20     76   -122    -88    -25    -98    -21 
   -44      7     -4     29    121     98    -49    -44    -48   -122    104     28    -34    110   -118     15 
  -125     62      5     94     36     21   -118      8    103     99    103     48     27   -126   -113     63 
    -1     36    -33    -13    -44    -54     68    -37     51    -59      0     73     27    107     65     -7 
   -57     26    -45      4    -57    -76    122    -18     68     65    -15     13    -24     -3    103     68 
    45    -10     86     71     39     63     84     55     -1     90     83     56    -44     -7    118    -95 
   -26     61   -118    125    -36    -50      2     70    -84     58     22     54    -78     43   -101    -96 
   -64   -117    -58    124   -106    -47     59     32    -25    -60    -58    102     22    -68    -70     47 
   -79    -85    -34    101     -2    -33    -54    111     -7    -65   -125     21    -28    109   -126   -116 
    -8   -127     45     -1     18    114     74    103     59      4    104    -60     14     88    108     43 
   119     -8    103    -42    -60     -1    -19     53    -67    -90     33    -69    -46     27    -99     93 
    -8     93    -66      0    -81    -45     58    -56    -39   -124     -3    -83    -33    -30    -56     33 
   125   -125    -42    -86     47    -73    -87     13     53     32     79    -91     32    -24      9    110 

B: 
   118    -96    -21     55    -73     91    109    -46    -64     77    -72     90     23    -89    -18   -103 
  -127    -83     20   -122     92    -99     13     89     31    -48   -114    -53   -128    -89   -112     70 
     6    -16    -79     15    -18   -128     -7    109     27    -58    -20      3     77    -97     96    113 
   -77    -38   -123     72   -124     72    -79     98     10     53    -97     51    -48   -119      6     87 
    58    -21   -104    107     32     13    -30     46    124    -65    124     43    -64     16      9    -60 
   -38   -111     81    -51     20    -16   -108    -92    -86    -11    -50    107   -127     97     17     95 
    58    -62     48    -59    122    -83    -43     75      8     15    -65    -49     90    -73     95    -34 
   113    -76     37   -119     35    -75    -86    -20    -47     26     66     84     80     87    -81   -105 
    54    -55     42     96     17    -89    -74    -26    -99     31   -120   -101     88    -26      4     87 
    -7   -128    122     25    -20   -125     70    -27   -125    -87      7    -91   -116    -57     93     65 
   -81     20    -25     18    -50    -90   -125   -116     11    -62    -79     99    -90      9   -113     84 
  -126    -76     32     90     26     25     29     90     19     59     94      4    -85    -47     51   -119 
    38    -93     68    -42    -63    -28    124    -68      0    -16   -110    -26   -112    117     81   -110 
    42     45    103     69    -69    105    104     44     52    111   -113     -4     50    -70     68    -39 
   -89     79     16     -9     51   -107     70    108    -52    117    118    -37     27     87     93    -92 
   -74    -80     46     -8    117    -98    -47    -25     -7     20    -91     25     63   -101    -42    -33 

C: 
 26106   2931 -19884  -3230 -14214  46317  27681 -32532  44532 -16499 -21978  27755 -25338   7524 -32615 -33207 
 43220  -1680  12869  -5895 -17671  17176  31241  -6109 -12777  21280  17675  -1800  12016  31996  19644 -51862 
-13523 -19537   8290 -18955  25593 -19742    678   3352  16015 -29757  19401  -3823 -19423   3637  23745 -13372 
 12350   7458 -35633  -2455 -16293  16805 -50670 -17865  13667 -20562  -5560  30171  -5232  -3470 -49220  33437 
-13828  11366 -21597  21524 -13913  39795 -34208 -12161  44896  -9199 -14635  43073 -26473  -4216 -27278  18538 
-42875 -35250 -10190  10417  -4991 -39740 -52044 -22399  -9309 -47395 -18765  -2943 -54065  -8006 -33935  57562 
-10402  10842  17899   8270   7461   5927  22595  24067   7576  32863 -18154 -20070  15053 -11855  15125 -24131 
-18425  -1235  24154  -5590  33649 -39844   2840  24614 -16194  14700  -7087 -40203  22836 -18832  18311  -4733 
 -7317 -18126  -5098   9307  -6229 -32459 -13588  25381 -17662   4312  16806  12164 -13987  -6304  26706   9037 
-11903  -2145  -4088  -4830 -22044  37125  -9382   9321   8675   -265   2042   8125 -27637 -20715 -27025   5728 
 -8265   -829  -8555   1452  -4876  26811 -18515   6549   1059  18657   4038   2917  20226  -5548   5442 -18799 
 34909  21406 -13184  12335 -35170  67111  -4359  13254  20328  17803  17184   7182  24201   7864   1005  -9286 
 21903  -4188  21089   1550   1451 -32977 -30050 -17895 -21719  18714 -10790  24189  27780  25199  20621  -1707 
 24703   -950 -12902 -15869  -4388  10371  -8034 -18795   7336     -3 -28118  37021  37332 -24797 -29154   3104 
 -9612  20381 -11326 -30718  16915  15264 -10098  -1374  17407     96 -30310  -3222  15509 -13940 -34945  11404 
 37890   3177    426  22800 -12406  -2302  10921 -52394 -15663  -1047   -264  13801  23208  12344 -16137 -24901 

----------------------------------------------
                 Case 41                    
----------------------------------------------
K:  16 M:  16 N: 16
A: 
   115     25    106    114      4    -11     98    109     -5    -16    -81     62     -2    117    -98    -79 
   -57    117    118   -123     57    -31     29     96     65    120     71    -61     44    -82    -38    -26 
   -70   -107     69    123    -19     34     62     39    -92    121     27    -17     78     24     -6     -6 
    76     87    -80    108   -114    -49     54     -3    -91     28    -68    -96    -80   -119    -21    -83 
   -86     48     -5     57     90      7    -28    -36      0    -51    114     72     -8    -81     90     21 
   -17   -122    108    -31      0    -97    -16    -89     55    -54     28     29    -82     86    103   -120 
   -96    -37     64    -58    -23     66     94    -83     77     12     27    -35    111     26    120     35 
  -125      8    122   -115     41    -54    123     63    -57     12     47     77     39    100     60    -51 
   -11    -59     18     -3     94      2   -105     22     37    -28   -119    -30   -121   -121    -56     47 
   103     -2    -45     23    -49    -19    -56     97    -83    -96   -128     66   -127     24   -114     40 
   -72     72   -127     65    -98    -29     27    -25     -2    119   -102      4    -97   -107     27     85 
    -6    -68    102    106    -62    -62      7     74    -28    -17    -71    -66    -29    -87    -51    -83 
    91   -109   -118     86   -120     22    -42    -94   -105    119    -44     63     33    -79     48    -67 
    -4     62    121    -21    -81     70     96    -82    126     53    -14    -20    -71   -108    -87    109 
   -68     75     92    -33     36    -36    123    -80    110    -45     74    -86     76   -121      1     37 
     8   -127    -23    112    100    -98    -71    -38     13    117     22    -79    -97     54    -27     93 

B: 
   -21    -79    100    -14    126     19     25     -8    -23     -2    -72     78     58     89   -101    -81 
    85     18     43    121     69     72    -98     31     10     -9     19    -23    -44    -32     98    -56 
    90    -31    -69     -2    -78    -10     10    -88     71    -61    104     82    115    -62    -50     80 
    96     41     59    102    -88   -102     61     84     74    -42   -123    -12     38    -55    -69    -99 
    85    -52     98     -7      7     25     90    -33    -19    -87    -45    -73    -90     95   -127    -10 
   -79    115     36    -43     57     95    -43     77    -29    105   -109    -30     74    -96    -44     76 
    79     54    -18    -35    -83     57    -51     63   -125    -51     35    -76     77     77    -58    -33 
    52    102    -49     98     54     62   -105    104     44    107    -44      3    -35     86     82    -27 
    35    -71    -23    -27    -95     79     71     54     31    -57      9    -46    -23     22     13     21 
   -80     48     40    110      0   -113     22   -119    -54    -45    -36    118     66     47     12    124 
    -5     92    -49    -11     -5    -85    101     54    107      2   -125   -107    -15     47   -126   -103 
   -33     35    103    -74    116     54     56    -73     34     75   -102   -116    -51    121     88    -92 
    -9     -7    -74    -18    109     89    -82    -57     39    -72    -58      2    124     23    115     58 
  -109    -60    -40    -18     54    -20    117    -73     37     92     -9    -64    -96     76      7     25 
   -10    -82     16    108     14    -51    -94     91     91     57     64    -70    124   -111     -7   -123 
   -86    -38     29     69    -79    119   -128     40    116    -67     33   -122     23     24    119    103 

C: 
 29316   6027   6317  -2899  14109   7421  20590 -11137 -13325   9561 -16634  17459  -3688  35610 -11822 -13298 
 30022  16995 -24619  21464  -7796  11438 -19602 -12593  -4562 -27066  19841  20685   8380  10912   9754  30249 
 -2198  31695 -15890  14621 -16823 -31663   2149 -10942   3495  -6808 -19490  14320  37942  -3775 -11010  21779 
 26380  16138  14066  30336  -6954 -30424 -24284  24386 -35796  -3126   5163  46704  13229 -25269  -9836 -28589 
 21250   8389  14183   9936  -8604  -6077   4035  21833  31041  -7098 -16748 -43928  -4308 -13542 -11617 -36323 
  4304 -37947 -16084 -29000 -20636 -41588  54685 -21727   9482   6207  30475   1067  -4811  -8340 -40340 -23251 
-10284  -9187 -29070  -8835 -22312  14641 -17981   3086   8920 -14292  23401 -23454  45667 -25218   5566  24572 
 10793   8635 -30572  -8249   4440   2169  -1914 -24050   1288  10604  25880 -23305    612  22797   9398   1043 
 13145 -14014  20071  -1239 -26542   8270    248   2756  -6966 -12776  18171  20030 -21888 -11857  -5774  22023 
 -6755    494  24358  -6115  21664  17235  -5617   3645  -9772  33013  -3764  12648 -40083  20104  19151 -10992 
 -7020  12520  23156  41565 -27372  -9234 -38071  18674 -16294  -6219  14127   6409   2922 -21091  38927   5750 
 38036   9543 -17320   7975 -29942 -25232  -2653   4815  -8509  -9598  15676  48005  17819 -19895 -13102    195 
-35142   9390  27386   -167  27204 -43347   3651 -14499 -19728  12067 -32302  36115  36059 -14000  -4823 -14004 
  9940   7481  -1259  -3256 -50409  27657 -17843   4700 -11522 -34503  25751   8545  28002 -18145   3731  41397 
 43607  -5945 -24441  -3271 -45949  22462 -18969  15111   1573 -56083  30175 -15225  28240 -16168  -8500   9031 
-12773 -21722  15395  20664 -42753 -48998  46274 -15256  13645 -29314  -6094   8149 -20025  14577 -34890  16864 

----------------------------------------------
                 Case 42                    
----------------------------------------------
K:  16 M:  16 N: 16
A: 
   -32     34    -16    109     18    -97     88    -38     80     20    -74    -77    -22    -47     81    -60 
   -23     19    -85      6    -32    -45    113     -4    -12    -72    -59    104     33   -104   -109     85 
    70    -95    -18     81    -63     14    118    -70     46    -50    -48    -96    -40    -58    -85     34 
   104    124    -19     45    118     49      5   -114   -106    -93     96    118     82     59    117     49 
   125    -13     40     16    -46     80    -31    -56    -89     98     66    -83    -27    -85    126     -9 
   -64   -117     57     16    -17     86     96    -59    -97     49     45     -2     29    -94    -70    -10 
   -74    117     26    -69     39    -88   -123    -33    103     45    -36     21     54     92    118     73 
    42    -72    -44    -26    -15    -92     47    -39     50    118     61    -76      7   -108    -32    -91 
    81    -44     -7    -73   -115     39    126      8    -13   -105    -88    -95    -93    -44   -116    -95 
    90    -93     48     60    -78     83    -14    108      9    -34      1    126    113    -89     57     69 
    88     29   -122   -120   -127    -52     17   -119    -56     60     49     40    -61    -49    -45   -107 
  -114    125    -25     51    106    -43     70     58    -45     79    -77      9      3    123     27    -88 
  -113    125    -27    -39     17     14     42    -81     86     40     69     54    -67    -38   -106     91 
   -13   -114     15    -71    119     55     51    -38    -21    -99     75    -73     45    -18    -76    -35 
    12    108    -96    -73     27    -65    -26     70    -30   -115    -36    -79    -15     60    -17     97 
   -29    -58   -124     16   -110    -73   -101      8     24    -39    -14     63    -27     79    -55     30 

B: 
  -101    -96   -103     76    -82     73     76     28     84    -42     97    102     10     66    -34    124 
    -8     23      8     73    -91   -118    -11     -1    -63    -52   -110    120     99     98    -80    -43 
    21     -9    -75     79    -17     47     19     27    119     17     84     68    -82    -13     84    -89 
    23     -2    -44    116    -51     66   -113    120    -84     87     77     87    -69    102    114      7 
   -92   -114    -64    -99    105     80    -87     75     28      7    112    -27     35     71    -13     96 
   -64    -15     50    -65     38     -7     30   -127    -70    -68    -29     -4    -52    -29    -93    -14 
   -96     68    -60    102      5      7    109     25     -4    -12    -31     64      1     55   -128    -49 
    94     72    -34    -50    -17   -123    -96    -93   -114    -88     68     51     49    -66    -77     14 
  -105    -98   -100   -126    -85    104   -123    -38   -104     45    -91    -61    -51    -32    106     27 
   -18   -112    -73    101    -45   -122     56     74     28    -90    -47    -69    -25    -16     20   -113 
   -51    -49     91    -39     15     -7     46     45     15    -93     73      0    -70    117    -88     48 
    90     76     92     60    -70   -106   -121     78     46    -38    106     44    -92   -119    -68    108 
   116    -33    121     37   -123   -116     72     53     87    -48    -90    -74   -102     35   -104     58 
   123    -13    -35    -77     46    118    104     -5    -80     26    -12    -62     57    123    -14     70 
   -39     45    -42    118    113    116      6     47    -59    118    -72     52     -8     44     88      9 
  -105     92    -34    106    -75    -43      8     55    -12    114   -105     50    -83    -51   -109     -1 

C: 
-19445  -6413 -35675  23038   4310  31045 -15936  19801 -19241  31957 -19050   8913  12318  21683  47141 -20746 
 -3589  38330  21762  19597 -34581 -43956 -16383   6680   8243    902  -8659  15612  -9159 -30938 -42174   5683 
-39984  -1424 -24698   9048 -10786  32988  14153  -4805   2130  21032  -2585   7446  -9335   1165  11159 -11031 
-10459   2262  26457  36808   2980  14248  14889  43944  17944   7420  14081  36118 -12079  53455 -41842  53260 
-35300 -19745 -11137  45577  12723  11255  36408   8887  20652  -5845   2664  19769 -10213  17975  11841 -17836 
 -7327   3692  22424  16076   8880 -19479  24684   4822  33616 -16914  15501 -10060 -32033 -14620 -17270 -27962 
 13661  -6893  -7803  -1263  -8146   2783 -14490  15725 -12717  27281 -48703 -16377   4616   3888  22517   2334 
-25092 -37282 -11582   -515  -4936  -2574  14310  10352  23042 -20460   2001 -22390   -750   3285  18757 -15578 
-15423  12897 -12874 -19821   5697  14752  29335 -51841   3644 -13796   5964  10262  30509 -15036  -5859 -17993 
 11051  21934  15369  34329 -34502 -24687 -19060   4247  10524  -2996  18004  23801 -52204 -36145 -19370  23364 
 -6460  -8409  23373   7353  -6680 -22744  37425  -5783  27340 -34654  -4831  -6726  21396  -3604 -12801  -3166 
 34598   2879 -12263   2633  18082 -12395  -6933  12661 -29589  -6086  -6823  -2297  37299  30054   -307 -12520 
-31433   3042  10534  -9041 -19922 -30387 -15156   3053 -10674  -7920 -29676  -2991  -5131  -8447 -25109 -19658 
-18792 -18994  15685 -48900  30441  25140  19032 -13485  24887 -11445  24254 -25286  -5344  10220 -20679  16118 
  1045  22965  -1406 -19926   1712  -5162   3283 -19715 -24198  11340 -25124  10387  42678  12079 -30091  15638 
 36543  17516  20524 -22474 -12432  -4567 -17348  -6705 -20044  11998  -4548 -20013   3411 -20587   9869  20195 

----------------------------------------------
                 Case 43                    
----------------------------------------------
K:  16 M:  16 N: 16
A: 
   -58     30     85   -112    116     77     92    -51    -21     42      7    -78    -42     59   -118     86 
    22    103    -88      6    -53    104   -123    -27    -74      7    -82   -106      2    -45   -111    -64 
  -122    -17    -98    121      4     95    -76     81     23    113    -95    -12   -102    123     46    -56 
   118      8    -99     11     -9    -68    118   -114     23     21    -71     -8    -20    -89     76    -93 
    -6     30    -56    -90   -124     -3     82    -25     99   -126    -70   -118    -75     45    -70    -62 
    79    -33      3    102     73     24    -36     32    -35    -22    -85    -74    -51     60     -7    -35 
    46    -27    -51    -15   -106     -6    -93    100    -27   -124      5    -26    111    -39     69    -72 
    30    -43    -68     93      5    125     32    126     -1    -45   -103    -81    -59   -123    101     33 
   -68    -48     30    124    -64     56    -21     20    111    -27   -117     -9     41     12     62     40 
     7    106   -125    -74   -110     80     69     72     14    108     88    121    111    -43     77     -2 
   -40     48    -23     78   -106    -85     -1    -54     72    -27    -32     23     20   -119    -85    -17 
   -42     53    -19     21     69     70    107     46   -108     38     57     71    -50    110   -110     14 
    56     74    111     29    114     66     66    -73   -108     81   -112    -92   -105    -70    -46    -15 
    72     65   -109    -47     -8   -107     31     81     92     60     37    110    -49   -120     75     16 
    95     67   -103    -25     63     29     43      1    -42    -72    121     12   -120     75    -49   -118 
    -1    -44    -96    -10   -102    -14   -118      3     71    -80   -118    106    -76    -26    -73     11 

B: 
   -44     54    -52   -119   -110    -85    103     78     25     38    -76      3    -93     34     -2     -8 
    74    -36   -128     16     99     61    -78     12    -14    -70    -16     -3     26    106    -56   -127 
   -72     76    -33    -24     81   -111     -2    109      8     18     16    -84    -91      1     34    -35 
     8     95    -78      8    -15    106    -76   -119    -80     15     69    -24     99    -24     34    -64 
   119    -53    -90    -83    -16     29    121     -5    -77    -76      6    -42   -121     31   -111     32 
   -84    -89    -48    -84     55    120     -8     76    -69     96    -24     -3     26     92     95    -25 
    74     86    -78     19     51     95     58     86   -107     97    -87   -119    -38    117     42    -42 
    19    -91     49    101   -125    -84     50     66    125     42     89    -40    -19     20    -81     23 
    55     42    -54     -9     94     52     38   -120    124     56    -67     42    -81     38     73    -60 
   -60     17     44    -12    -82    -31    -92    -59   -112     29    100     98    -60    119      7    -69 
  -120    120     -3    113    -10     46    124     10    -41    -32   -121     10    -58    -15     20     51 
   -83     16   -110    100    122    -53     -6    -69    -60     53    -74     88   -103    -12     28     62 
    -2     46    -39    -78    -25    123     -7    -18   -125    -88    -54   -116     75    -78     19      5 
    70    -44    -16     35    -97     36    107    -33     -3    -66    -72    -44    106    -63     46    -78 
    44     92    -78    -18   -100      6   -105    -40    122     39    119     79     50     95    -55      8 
   -22    -97     76    -46    -90     72    -73    -69    -56    -24     81    -42      1     74    -94     68 

C: 
 10020 -33142   9271 -18868  15744  15585  25627  31336 -39748 -10276 -14659 -32945 -23111  24149  -3009  -8428 
 -4102 -39663  16803 -24284   5762   7476 -23267  13721  -5696 -13855   9333   7733  34552  -7651   4312 -18829 
 19496 -33648   6794  16502 -23415  12614 -28971 -38539  14058  12416  47622  32804  40871   8963   7494 -26681 
 22212  38340 -25484 -22190   6377    777  -8897  -2782    813  19696 -10014  17238  -9073  21527   5323 -11185 
 29668 -12172  14276   3843  25602   4549  17118  20231  44548  11618 -31734 -12265  21147  -6935  24280 -20747 
 19798 -12104  -3053 -23324 -29287  -7161  11771   5817   8226  -1201  18124  -9293  13028  -7200  -5682 -11766 
 -8381   4305  10187   4576 -22520 -10988   -867  12063  43934  -4267   1505  -1809  32064 -34227  -1813  16842 
 12949 -18943   2354 -21692 -26703  12029 -26673  10026  28901  38436  49955    505  15240  33593 -14496   5479 
  9896     99  -4720 -10705   4562  24286 -37339 -31926  17391  17977  29077  -3349  32069  -1471  17465 -13289 
-23505   7320 -19206  23429   1606  26257 -20556  -4727 -17290  18877 -15146  23151    -12  38418   7170  -3082 
 -3207  18863    615  12116  43020   6648 -30243 -24727   -389   2086  -5387   5779   6357 -14139  13535  -7547 
   128 -23028 -11916  24685   5610  18063  27967  17096 -51995  -2039 -21283 -19186  -4104  11952   1297  -7643 
 10663 -10644 -12947 -43635  12486 -11059 -14708  39692 -34376   7824  24915 -13552 -21463  40470 -10603 -25018 
  3519  13499 -12736  24303  -3207 -21918  -7764 -21034  29895  18575   4259  40044 -41428  33964 -24748  10822 
  8680     44 -22783  19702   4325  -1769  59184  25072   3865  -2245 -49859   6597 -12867   -374   3336  -5019 
 -7072 -31462  20085  12755  20675 -23907 -15241 -28291  38742  12595    668  33702   5980 -27629   9227  15333 

----------------------------------------------
                 Case 44                    
----------------------------------------------
K:  16 M:  16 N: 16
A: 
  -127     65   -105    -28    -34     46   -102    -40     14    111     96   -128    -39    -37    -96     51 
    76     23    112   -118     -6    101    -23    118    -27   -124     38     63   -112     97    -73     41 
   109     56   -109    -11    -92   -105      0     -9    -11    -24     94     78     54   -120   -112    -96 
   102     40   -110   -105   -123     63    -35    106    121    -31    -22    -46     32    -93     48     40 
    35     10    -34    116     37    -39     29      2    -38     75     18     10   -122    110    -83     62 
    88     99    -72    -20     52    -89    107    -40   -114    -16    -15    -87   -120    -74    111    -17 
  -119    109     11    -26     20      9     40     -9     43   -128     89      1   -111    107     81    -21 
  -127    -62    100    -40    118   -103    -93    -30    -31   -107    -41    -48     60     39     88     29 
    67     99    -32    -45     52    -95    101     85     36     56     76    -11     46    -55     58    -99 
   121    -75    -29     13    -80     32    -38     95    -75      9     -2     60   -120    123    -87    -13 
    71     74     33    -24    -97      4      0     48    118     34    -30    -11     63    108   -123    -95 
   -57    -93    -82    -47    -82     14    -29    -54    -70     20   -108     73     33    116    -37   -110 
   -14     -3   -117     -2     10     21   -107     59     13    -26    -55     23    -60     -2    -60    121 
   111    -16    -28     48     24    -83   -102     53     78    -51    -46    -29    -40     62    -25    110 
   -95   -116    123     33     42     86     25     61    118     19    -32    -94     67     17    100    -25 
  -124    -67     34     40   -103     18    -64     -2    125    -84     29    -87    -91     97     -4    -95 

B: 
   -46    -36    -49    -59     16      2    -10     47    -99     62    123    -90    -80    -67    -15    -70 
   -49    109    117   -105     52     13    -91     63     93    100     89     24    -71    -72    -60     14 
    28   -111     56     57     39     95    -46     28     54    101    -22   -100    125    101   -117    -72 
   114     -3    -17     67     25    -65    125   -106   -111     17      4     49   -112     15     64     37 
  -116    -45    126    105    -85     43   -124    -47    -10   -122    -57     27     35    -78    102     40 
    21     30    -22    -49     73   -101     -8     62    119    -47    -12     28   -122    -70    114     21 
   -12    -84    -44      0    -85     54     33   -113     34     51    -74     56    -72     70    -68    -57 
    12     33    -81    100    -16    -34     19    -99   -107    -52    -32    -90    115    105     57    -58 
    50    -53     69    -68    -66      8    106    102     23    -63   -108   -101      8     47     86     46 
   -15    -81     33     -6   -102     59    -74    -11    -78     26     41    -64     52      0    -64     83 
    -8    123     50     53     13      9    -27   -116   -125     -5     77    -52    -84     78     52    -29 
    -4    -74    -39    112     89   -108   -115    120     90     78    123   -114    -23    -73    -38     15 
   -88    -80     74    -24    -96     73     88     70     99      2    -38     40    -19    -94     11    106 
    82    -33    -53    -32     66   -115      1     98     89    115     75     99     24     22     54    -49 
  -103    -30     50    -60     87    -79     32    -41     56    -97    118   -123    -74      8    -89     -8 
   -93   -119     41     22     25    -83    -65    106   -105   -112     74   -123     -1    -41     71     97 

C: 
  6501  46253  21643 -18881 -16054   8288  -8051  -5213 -27059 -22784 -11584  21770   -832  -1621  28624  32611 
 11040  11376 -26189  14316  44139 -27913 -38053  28893  11555  21615  19973 -21948  20709  14465  14626 -44835 
   913  37746 -12332  -2914 -13481  23737   5920 -10496 -25497  31396  13201   2012 -23082 -12483 -15033  -5634 
-16650  18181  -9266 -43077   -108 -10219  25545  23625  -7278 -29497   2301 -38022 -14441  -7516  12170   4091 
 24067  -3294 -16442  18675   3448 -20484 -17003 -11979 -43006  18949  20031  13080  -3665   6895  16622  -4217 
-33212  23023   4765 -19687    962  14083 -18509 -47773 -22160  -4438  23255   8728 -26631  -4072 -37170 -22971 
 10264  35115  13391  -8189  34948 -25248  -8080  -6914  33805   4010   8129  12674 -13352  23698   4464 -23573 
-21243 -18103  31019  19331   1830  11305  -2626   3211  22990 -28939 -18072   5229  43475   4401  -2860   5660 
-27107  13091  18307  -5562 -31007  34483  -3403 -37024 -12373   6088   2110 -14389  -4754  10477 -24403 -11828 
 37034   9794 -60956  15024  29166 -37807  -9049   4931 -30029  32121  31098  -1155   7860  11636  13129 -33880 
 33698   2495 -11677 -27995 -11181  13241  20904  35311  22367  51736 -12409  12829  13593   8588    -47 -11668 
 26452  -2942 -39354  -7003   7392 -17842   9610  24956  45030  29239  -1309  44178  10355 -14135  -8433  -1241 
    -9   9502 -11437   6958  10400 -34389 -11198  24813 -23452 -31259   5913  -7166   7463 -19441  40215  19141 
  3797 -10730  -5106    850   6157 -20533   8174  24676 -41053 -14832  12253 -22213  14276  -3421  30211   1601 
  8396 -33092  13636   4239 -18066   9278  39575 -13468  18876 -34492 -49123 -11081  22250  32307  13791   5481 
 60404  29440 -16209 -11901  17766 -14020  48075  -6850  11998   3297 -33529  21732  13669  48289  19034 -20154 

----------------------------------------------
                 Case 45                    
----------------------------------------------
K:  16 M:  16 N: 16
A: 
   -67    107    -33     70     62    106     17    -42     69     16     29    -72     60    -82     84    106 
   -90     24   -124      3    -81   -124    -58   -120    -32    -76     10    -25    -29     50    -62      1 
  -117     62    -99    105     31     22    -20    -10     -5     89    -68    -64   -112     57     61     38 
   -40     71    -51      9    -25    -42     44     -4   -103     33    -57     88    -20    -58    -73     95 
   -30     16    -16    -73    -22    111   -120    -31    -20    -10    -67     25    101     30     56    -73 
    -3    -10    -56    -33     92     65    -64    -25     71     96     -1     79    101   -115    -71     62 
    33    -35   -109   -112    -29     70    -83    106   -118    -84     79   -105     57    -66     58   -125 
    27    100    111    -83    -77    -24     60     20    112    -97    105    -10     25     43    115     85 
    61    104    -31     21     73      4    -99   -122    -51    -60    -32    -17     21   -104    126    -20 
    60    -58     34   -118     78    -75   -110     78     75      7    119    -72    -80    -10    123    -18 
   -13     24     65    -82     -2    -82     15      6     61   -116     99   -114    -87     32    109    104 
    30    -62    -85      9     83      0     17     73   -116    101   -103     96    -82    112     82    -30 
   -29    -93    118     63    -30    120      3      8     20    -26   -107    -43     72      3    -16     54 
    68     -8    -27     83     90    -90   -128    -85     87    -88    -36     -8    -52    -72     20    -91 
    18    -10   -126     59    -58    -81     29    -47    -72     39     91     45   -100     54     47    -21 
  -123    -61    -55     58     28    -99     -6     57   -110    -95    -69    -11     35    -56    -69    -31 

B: 
   -59   -112   -123     35    -78      2    -92   -103    100    -63     66    -93    -11    -82     67    -43 
    52     84     48    -90   -111     -1     12    100    -58     34    -32     34    -17     61   -120   -127 
    26    -57     96     90    -49   -106     -2    -11    -57    -63     32   -121   -108    105    -34    109 
  -116    -10     48    -27    -48    -53    121     -3   -117    119     -7    106   -109    -46     28    -40 
    -7     48    -14     -8     41    -43     25     81    -80     -1     42    -52     -4    119    126     44 
    -6     95    -92     65      4     94   -127    -31     30    -85      0     37    -10   -110     63     80 
    44    -62     25     68     91     26   -109     87     86    -69   -110    -84    -16    -85     22     58 
    22    -97     -4     98    -65    -37     24    -58    -55    -96    101    -52     75    -43    -39     58 
   -60     14     50    -79      8   -110   -111     32    -77    -19    106    118    -17     66   -102    123 
   -27    -44    104    -58    -14     -3    -56   -113     15    -79     95    113     74    -74     79   -113 
   -57     97    122    -93    104    -29     90    -91    -78    105    -71     64     97    -47    -21     70 
    23      0     82    -31    -44    -77     64    -54    -52   -128     71     50    110      1    -34    -43 
   -46     43    -20     42     14      7     -1     56     19     75   -106    -96     78     69     73    -84 
   -20    116     30    -25   -101    -25    -95    -26     83    -39     -3     92    -49     18    -60    -43 
   106    -84    -82     -2     50   -120    -48     97   -118     72     76    121     40    -90     69    -73 
  -125   -102     51     31     52     28    115     36     20      1    -67     98    106     97    -30     73 

C: 
-14054  12014   1148 -12557  24195   1264   6546  42510 -34272  35593 -18069  38190   8320   8736  10236   4550 
 -4431  32227   8915 -35199   3437  18938  31822  11324  13476  43072 -34791  22250  -6807  17370 -30749 -25310 
   -47  10907   6333 -24110  -5597   3936   5826  18652 -18411  16573  10883  66516 -13320 -10740  -1113 -23852 
 -1014 -13838  17229    -56  -3841  22035  35586   5228  12096 -12137 -20008  -1095  20052   6807  -8435 -23090 
 19859  30508 -30961   2967 -15211   8337 -23844   4137   3657  -2103   8465    633   5077   -199  10794 -26698 
-24971   7318   7565 -11019  13852   8790   9767  -7417  -8271 -11491   9355   7835  39714  20598  22424   1289 
 27755  13199 -57971  17200  13608  29953  -7568 -13021   9484  21413  -7401 -37770  21559 -39778  24961  -9003 
  9123  -8003  16054  -1025   6037 -32162 -14531  24841 -15791   7289 -10341   7972   9606  16895 -43285  27268 
 14075   4434 -36836 -15972     49  -3538  13983  33007 -25240  41483    154    858  -8171   7887  24058 -38288 
 10836 -17288  -6430 -10849  14724 -35074  -4784 -15720 -29440   7424  45102   7715  17692   4319   2800  25505 
  7638 -13043   5760  -3469  23498 -22080   5419  27427 -16153  26314  -9335  10369  -2837  23070 -31038  40456 
 19811 -18385 -18667   8954 -18718  -3175 -14121 -15980  12146 -39358  38196  17892  12025 -34413  33139 -37292 
-14773 -12597 -12690  41169  -3217   4693 -13711   5830   7452 -12289  -4666 -15589 -25059   8758  12470  31008 
 -5999   2984 -20447 -26593  -8522 -25064  16323  10178 -33080  34374  28769   2119 -32267  20855   4763  -5935 
  -326   2279  11162 -31565   6806   1069  17340 -19206   3255  18778  -5086  41695  11297 -40531  -1281 -33388 
  6231  -2097  -4960  16193   7619  14086  48655  18204  -4736  22939 -24015 -33991  -6378  17815   5131  -3919 

----------------------------------------------
                 Case 46                    
----------------------------------------------
K:  16 M:  16 N: 16
A: 
    43    -73    114     46     23     59     44     75    -82     -6      6     51     32     84    -97     42 
   -58   -104     66     75    121     72    110    -30     82     19    -13    -42   -111     72    116    -36 
    70    -66   -125     48     31     96    -34    -37    109    110     17    -93    -14    -16    115    -52 
   -26     41     65      7     39    -93    -85     43    -96     89    -97    -20    -30    113     35    123 
   -92     77    100    -38     23     55     15    117     98    -49     -2    -69     80   -117    117     54 
    46      2      0    -39    -11     63     77     -3    -20   -106     62      9     61    -64    -57    107 
    31     99     29     56    -92     40     94    -50    -26     83     44     96    118    105     97    112 
   -32    -69     97   -105    -82   -126     18   -110    -26    -24     -9     14     70    -70    101   -104 
   -65    -78     19     76     76   -126    -48     62     69     -1      4   -100     64     76    -79   -107 
  -116     15     96     87     90      9     47    121    -98     41    100     56     24    -99     -1     54 
    95    -21    -28     19    106     -7     97     -7     34     44   -124    -94    -38     82   -120    124 
     6    -28    -64     28      5     76    -26     68     95     68     51    -46    115    -22    116     69 
    93    -13   -100      1     58   -100     75     94     -3     29    101   -102     72    100     41     68 
   -46   -106     87     -8    -17   -113     92   -112     31   -109   -116     94    -53     94     44    122 
   -91    -62    116     16     16     74    -38    103    -77    -25     77     30     96     -5    -83     30 
    90     59     -2     24   -103    -21    -75     75    -53     76    -59     73     56   -106    115     77 

B: 
    49     25    -74     47    -31     72    100     17   -100   -126   -128     53    -60     31     13    -93 
   106    -25     -5     58    117     75   -118    -62    -58     67   -107     65    -38    -77     46     77 
    53    -17     40    -47     36    -90   -115     44    -37    -25     65    -98    -63    -76    -43     91 
     9    -20    -16    -31    -46   -121    -68     76     68    -29    -71    -84    -21     99    -31     89 
   -51    -34   -123     55    -24    -81    -15     10    -68      7     -1     63     14     32    102    -35 
   -16    -91    118     45     87    -75    122   -101      8   -126    105     98     -1     77     -5    -78 
   109     52     82   -126    -12     -9     60    -31    -83   -123    -53    -35    -35   -101    122    -56 
   -75    104     63    100    104     22    -36     39     83     10   -128    -86    107     96      7    -36 
   -20    -93     89    -66    -20      0    -42   -106    -66     19   -116     -3    123    -18    -83     63 
    97    -21     58    -19    -32    -80      1    -30     48    -21    103      8     -6    -60    -91    -36 
    50     15      2    -87   -106     77   -125    -82     58    -92    117    100    -50    -28   -101    110 
   -32     12   -102   -104     60     73    -71     88     66     27     18     44     76     -1    123   -112 
   -69    116    -99    -64    -78    -77   -127     25    109    -61    -78     60    -52    -61    -19    -84 
   -70   -120   -125    -43     85     74    -31    124     28    -76    -12     -2   -102      2    -95    123 
   -99     71     -4    -15   -117    -14   -103    122    -84    109     61   -128     26     58    -67    -53 
    95     53    -20    -71    -63    -76    -30    -20     52    -58     57     62     18    -72    -46     -1 

C: 
  3110   1404 -13483 -10608  21570 -16656   4599  21011  25335 -48380   4178   1553 -19678   2062   7815  -2982 
-14164 -33450  21898 -16600 -12440 -34442  10610  12557 -34507  -8288  25952 -36319   4487  18070  -8744  14960 
-15730 -18444  21345  12918 -35961 -16731  28437 -18041 -18276  -6269   7492   2780  11987  32061 -35704 -15674 
  2312   1597 -31116  13821  12341 -15182 -23290  43275  12533  21685  10590 -21511 -11879  -7056 -18052  17973 
 -8969  27542  41364   6305  -4166 -30631 -43369 -20193  -9274  22754  -9796 -20743  28345  -6370  -8744  -1864 
 19295  21717   3449 -15175  -7399    732   8838 -25780   2875 -36938  -2954  32414  -5690 -16039  19804 -18042 
 25346  12261 -16570 -51151 -11274  -4653 -44758  20767  16583 -32162   9336  10430 -29501 -32746 -18391  -3789 
-10791  26260  -3619 -24360 -33002   8175 -20979  19998 -16839  31324  20573 -30985 -10072 -27068   -504 -10276 
-31661  -9196 -16591   6865  -6005 -13324 -21709  14849  17649   9396 -32454 -25022   -792  11777 -21207  40445 
 12739  32382   9493 -10191  -4716 -36876 -45929   4195  33856  -1969  26814  -9188   7820  -2152  15796    466 
 27858 -18925  -8270   5953   9249 -22282  49248  -9314 -20696 -39199 -32052  12335 -10492 -12137  12920  -2693 
-17825  17835  13907  -5699 -34179 -25893 -20423 -10439  16045  -9765    155   4952  18081  12673 -37815 -17425 
  -725  27962 -26826  -5957 -33157  12920 -13423  10116   3511 -29576 -30772   5886 -15461  -3934 -20776   4837 
 -3538  -4866 -25715 -50594  -9557  -3765  -3492  44060 -17994   8331   7006 -32780     65 -23632  14445   7759 
-11808  15075   1209  -5599  12115 -26577 -26346   2790  49883 -23035  26395   6472  -4318   2517  -4761   4606 
  5195  44428   -820  10719 -10140  -4488 -21068  21295  14592  21372 -10699 -13882  15008   6108  -5620 -39785 

----------------------------------------------
                 Case 47                    
----------------------------------------------
K:  16 M:  16 N: 16
A: 
    -4    -58     21   -106     95    -79    118    126    125     93    -90     63     50    -63     25     23 
   100     14     -4     35    -31     64     56     89   -106     99     19    -83    -62     56    -93    -95 
    36    -73      1     28     32     28     14    -24     10    -74    110    116    -41     20     56      2 
    56    -25   -102     11     54   -109     -6     91    -21    -13    -58    -87     82    -37    123   -124 
   116     79    -63    -64    -53     41     62     71    -59    -57    -56     15   -114    -60    -81   -106 
   -32    -38    -80    121      9     18     21   -102     62     24     -4    -76     69    -55    113     24 
   -79    -74     12     82     93     35    -43     93     65    -95     47     35    -58    -22   -103    122 
   -55    -31     44   -109    119    -76    -89     77    -46    -99    -43    -80    -99    -24      5     94 
     6     20    -82    -87     31    -69    -87   -110    -18    -64     10    120     38    -39   -116     56 
   -98    -48     83     35     66    -45   -124     -1     64    111    -28     16      2    -97    124     28 
    87    126    -16    -18     97    -67     46     40      8     41     11     67     22    116    114    102 
   -20    -23    -46   -112     44     79     41     -9    -84    -91    -98    -18    -70    118    -32    -43 
   -37    -74   -119    124    -59   -128    -75   -115   -106    -97   -106     16    -21    -10    111    -30 
   -22    105     28    -18     74     48     96    -22    -14    -79    -70     36    -92    -13     84   -128 
   -43    125    -90    -74    -77     25     23     -8     80     48      9    -17    -19     84     43     -8 
   -16    -98   -100   -122     53    -18    117     -6   -104      8    -94      3    -10      5     28    107 

B: 
    17     62      6    -72    -33     20     50   -114    -25    -90    -44    -30   -115    -45    -75    -30 
    76     49    122    114    -79    113    -84    -41     63     96     71     30    -11     92    -55    -86 
    67     79     74    -76    -83     61     26   -127   -111     29    -78    -17    -44     18    -32     10 
     5    -51     73    -54    -61     -1    -62    -16   -122    123     34   -118    -73    -10     52   -116 
   108    -53    -97    -34    -23    -30    -26     88   -104     29   -107    -53    -98   -114     -8    -98 
    39     78   -112      6     30    -29    -14    -59   -122    -35    -49    -23   -106     10    101     34 
  -106    -87    -43      5    -98    -68     96    117     95     50    -43    -28     63    106    -89     55 
   -10   -119    119    112    -48    -67     25     47    124     64    -37     99     38    -45   -119    -72 
   -88    -12      5    103   -118    -52     96    -93     23    -86     46     95   -121     56    -72    -28 
    25    -83     35    -83   -124    -81   -110   -101     16     10     95    -54     33     42    -40    -43 
   -60    -43    115    -99    -42    -95      0    -36     49     61    -36    104    -74     87    106     34 
   111    -99    106      5     72    -91      0    -41     62   -100     81    -89     83    -54    -61      6 
    89    -24   -113     93   -120    -69    108     40     62     44     60     -8    -91     -1   -111     -1 
    56     79    -35     -7     15     26   -110    115    -83     13    111    -88     84     68     92    -93 
   -29    -52    -88   -104   -100    -69     92    -93    -87     33     51     55      5    -85   -105   -113 
   103    -99    116    -89    -36    -48    -62    -48    -32    -24     33    -37     49     16    -18     67 

C: 
 -3904 -53822  -6500  23627 -40969 -41405  39878   5577  42916 -18109  -4245  14037  10441 -14917 -77417  -2620 
-13027  16565   7121  -4966   1122  12558 -27527  11952   3898  18666 -15684 -11313   2155  17083  19073  -8561 
 -1826 -11306   5373 -29133  13948 -24755  13242  -6828 -14926 -13897  -8855  -4063  -7934 -11971  14220   1599 
-22187 -14616 -41033  18300 -18339  -5669  34731  24636  17896  18860  -3621  21199  -9986 -35850 -42723 -37901 
-21255  20578  10006  31157  34187  27519   4039   9876  36350 -14220 -24415  10645  11069   1226  -6535  11440 
-18515 -14392 -38243 -16675 -30377 -18333  16712  -9333 -26115  13686  13800  -4118 -28438  -3530   -871 -11854 
 11413 -26732  34002   3877  18310 -15058 -11411  13959 -12783   -624 -25225    246 -11294 -11734  24426   8347 
 12319    -97   6517  -3944  28656  20843  -7839  19267 -11473  -1984 -36650  21715  16865 -32329   3042   4382 
 29706   2658  10744  12510  44077   7752  -9498   9745  24500 -34264   8804  -9648   8380  -8772  11128  29888 
 13582 -27049   4290 -24152 -26757 -18207    597 -44815 -27976   2694   8526   6923 -10976 -31679 -20426 -21446 
 35232 -25902  19369 -11735 -38706 -13898 -11664  -2319   1238   9089  27870 -11523  11083  -1766 -40989 -41721 
  3723  32525 -45631  14869  49833  23368 -10731  51521 -12894 -14967 -15574 -13929  29242  -6353  26620   9043 
 -9569    917 -24349 -18491  42257  18755  -1767  20503 -22650   3095  23259 -25950  30461 -36524  14601 -12486 
 -7783  16655 -24322  14602   6624  21344  12498  12295 -11528   8687 -17573   -746   3012  -7572 -10575 -19900 
-14655   7105   1466  27334 -13287   1962 -11182   -175  24479   -596  38244  20250  17408  34526  -2795  -8827 
  2574 -28235 -37057 -13284  21142 -18825   5800  44187  13686 -17270  -7683 -15763  46847 -16572 -14770  26061 

----------------------------------------------
                 Case 48                    
----------------------------------------------
K:  16 M:  16 N: 16
A: 
   -61     17     46    -22     81     94     26    -47    -84     21     -2     -2    -74    114    -24    -25 
   111     -1    -79     93    -37     67     42     31    -88    112     89    121    -86   -101    -80     14 
   -11    -56   -122    -49     -7    121      3    114    125    123    115     46     47    -17     17     56 
   -60     70     47    -21    -37    -51     66    -34     26    -86     70    -85     43     48     86   -104 
   -31   -125   -102     74    -26    -91    -81    117    -40     23    107    -59     51    100   -109     87 
   126     61   -116    -55   -124     72      3     37    117     39     68    -94    -50    106    -56     25 
   -97    -67    -42    -75    -73    106    -32    -73     79    -19    121      5     38     91     -2    -44 
    74    103    -84    111   -107    -49    -98     -8     93     65     14    -61    -91     46     54    -96 
    -9     33    -40     46   -113     77     94     86    -32   -109     27    -76     27   -124    -88     74 
   -17    -25   -105     55    -58     45     -1     73    -79    -91    -67   -100     64    -15    -65    -46 
   -85    -12     69    -20   -125   -126     -1   -120     23     59     20     74     92   -126    -10     80 
   -69    -49     69     -6    116    -29   -110    -17     61     12     -7    108    -61     82    -33     83 
   -56    -56    -40    -75    -87     32     75    -59   -112     42    -51     -4     26    -92    -35    -34 
  -120   -103    -62    -44   -112    -20   -122    -50     17     64    -72     30     24     51    -95     28 
   -77    -57    -82    -61    -57    -77     46     26     81   -103     -5     37     30    -21     55    -20 
   -28    -99   -116     34     65     17    -86    119     63    -14     53     40    -63   -119    -51     78 

B: 
   -75     -2     49     41     92    109     44     97     67     64    -30    -10   -101     66    -21    -24 
    31   -104     26     59     -9     81     36     45   -100     14     65    -92     86    -78    124   -106 
  -123     63     22    -32    -56     46     21     57     53    -99   -120      2     86     92    -62    119 
   -34    110    -65    -17    -41    -98     -3     85    -26    -19     -9    -55    102   -115    -68    -37 
    38    -65     70    -79     11    -25    -11     19    -45    -98    -61     76     93     81    -54     43 
    66   -109     48     73     98    -60     82    -65     62     94    -56    -60     79     92   -120      1 
   -26   -120    -64    105     81    -51     38     96    100    -56     25   -123    -57    -25   -107    -68 
   -85      9     10    -96    -62    -19      1    -33     29    -68    123    115      7    -42      7     28 
     4    -36    -76     83    -48   -116     94    108    -66    -86    -92     79    -57   -110    -88     86 
   -38    126    -76    -89   -124    -98    123    -50    -43    125    -61   -114   -118    -52    -73    -45 
   -28    -72     46    -62     72   -123     58     -8    -16     88    -50    -13     54    102   -100     55 
   -71      4     89   -118    -89   -108     91     65    -75    -81    -90     11    113     65     79    -81 
   -94    -59    -56   -127     21      5    -51     37     17    101    -35    105     39     88     39     17 
   115     61     46    -22     46    -70    104     65    -48    -25    -68     41     74    104    -95    -39 
    54    -46     27    -22     62    -73    -41    -37    123    -61     90    -21   -113   -110    -69    -95 
    21     48     81    -30    -87     75     51     58     15     27    -69   -123     38     39     93     57 

C: 
 30102  -3192  19176   4796  13523  -9423  16446 -11050  -4591  -4864 -16593 -16282  31771  32766 -25216  -6523 
-25760  10097   8061  -7897  -8184 -17809  29991  -1851  -3901  37304  -3748 -47483     93   2329   -910 -25551 
 -1226 -18300  -3111 -21040  -7390 -57232  41041 -13505  -3189  32327 -12197   4519 -19109   1011 -29844   7156 
  9390 -32480 -14410  20130  33640  -6626 -18211   4814  10816 -14518  20631  11111  -3090 -12105 -18942  -5090 
 -3547  45837  -4846 -44894 -18701 -14096  -1754  -7067 -17757  27691   1266  27659  10675  16997   2834  25163 
 23543 -11147  -5168  42843  24424   -660  41218   8305  -6847  42485   2452 -13861 -33871  -6151 -19356  -4265 
 27329 -20001  -1357   6534  24144 -44157  18795 -16451  -6871  23882 -24263  14872   7279  27567 -32819  12984 
 16714  24715 -22308  25767  -1569 -14677  12607   3242 -24070  14370  23203  -8458 -31813 -63087  -8755 -28166 
-15254 -28815 -11227  31592  14543  27191 -17627  -1399  23298  21024  31854 -21228   8006 -11121  18895   9157 
  6033  -6396 -17291  13515  21229  23104 -35765 -19432  12605  20103  42235  17677   2182  -9240  14900  -4867 
-34606  21112 -21057 -18375 -42130   5021  -7771   7535  -8428  12938 -20881 -21916 -11312 -12214  39719   9887 
  9613  31944  27613 -33161 -40255 -19421  22673  10787 -34738 -35664 -47486  19968  40230  25497   3185  26450 
 -4155  -6386 -16918  10815   6533  14577 -18600 -30936  20111  29224  16842 -23927 -25410   2035  14813 -13752 
 13364  46021 -14647 -15168 -36893  -5834   2175 -23935 -28009  22652 -15865  13391  -4460   2074  26388  11340 
  4580 -20909 -11510   6233   4508 -14177 -19859    480   5297 -26063  23590  29032 -20134 -23141  12683  -1246 
 -4563   6957   8621 -20333 -26323 -19446  -1984 -16921 -13894  -4303   4722  21776   3836 -12191  10636  26680 

----------------------------------------------
                 Case 49                    
----------------------------------------------
K:  16 M:  16 N: 16
A: 
    10     23     74    125     62     63     75     70     54    -50   -128    -49     31     89     -2    -45 
    -9    111     80    -60    -17    -65    -32   -103     -2     15      4    -94    104     52     -3    -89 
   117    -55     -2     18      8    103      0    -75     68     14     56    -41     45     45    -71    -67 
   -41     57    111   -124   -123     42     78    113    101    -98    -92    -47    -59      9    -21     32 
  -119     19     13     30   -124    -50     36    102   -101      6    -11    -61     -3    -49   -123    -12 
   100     14    -34   -127     80    -21     74     28   -127     28    -13   -103    112     99    108    -52 
    88     18   -112     62     95     47     10     26   -100    -40     14    -26     83     87    112    -65 
     0    -69     70    108     91    109    -26    125    -86   -117    -89    -13    125     61    -22    -39 
   116     77    -10     -6      8   -122    -19    -64   -120     18    122     14    -58   -101    120    -79 
   -16    108   -111    -90    -76     80   -128     98     71     23     29     77     64     42    -66   -121 
    97    -18   -112    -45    100    114    -16     14     37    -54   -123    -99      3     90   -104    -24 
     2    -18    -31     58    -33    -37     98    -89    -72    -18    -14     81   -112    108   -119    101 
     9     64    -69   -108   -125     53    115     15    -89     25   -115     35     64     33    -36     -7 
   -61    -67     94     18     91     50     60    -62     99    -49   -108    107     11    -68    -19    122 
  -117     50     92   -113     63    115     41     63     99     23     66    -80    112      0    -36    125 
  -100    -67     24     46     82    -82   -105     97    -96    112    -26     29    101   -119     -7     20 

B: 
   -72      6    -94      3    -49     74    -16   -110   -104    108    105     12     14     61    115     42 
   -63   -125    104    117     53    -77     91     26     -8    -86    -63   -110     17    -18    -93    -32 
   111    -81     -2    -88    -17    -82    -20      7    -83     86     10     26     29     57    -68     37 
   -36    114     22   -119     20     22     -7    -44    -62    -81    -76     57    -19     77    -43     65 
   -56    -76    -29   -105     39   -112    -34     82     56    -98     68    -48     53   -101     83   -127 
  -108    -54    -69   -103    -68    -80    -22     94    -84    -72    -95   -126    -73    -72   -117     27 
    68    -10      3     52    -77      6    -24    101    121     51   -117     36     23     88   -110    -64 
   -52    -89     16     58    -42     26    -48    -45     42   -109    112   -114     86    -10    -23     90 
    64      0     64    -92     81     -4     60    -10    101     98     66     89     38     39   -113     -6 
     1     26      1     72    -48     37     99     15     52     45     94     99    -29    -95    105    -28 
   -88    -87    -54   -124    -39   -115     39     98   -113    -66     31    -80    -27     89      1     13 
     2     85     79   -109   -114   -106     94    -59   -105   -120    117     18     86    -22     19     61 
   -90     -4     -7    -26     38   -123   -113     67     -7    -41    100     64      6     39    107     11 
    29   -109   -121     75    -65    -27   -105    -14     -9    -27    -28     21    121    106    103    -43 
    16   -115     97     93     98     11     58    -70     78    -31     89     63    -14    -21    -15     62 
   -53     38     31    -33    -47     73     56     -1    -13    -83     57    -41    120    -24   -125     52 

C: 
  9445 -15287  -6874  -3892   6054  -5738 -35868     20  16953  -1583 -24835   5231  15061  17448 -17753  -3653 
 12011 -30029  -3681  28770  28450 -23518 -12900  13697   3161  30470 -11343  16441 -12954  14692  25538 -23684 
-14475   2837 -41478 -33759  -9494 -11903 -19785  13466 -23846  28931  -7434   7935 -17433  18757  20223  -9114 
 35833 -29908  15443  30116  -2300  15220  -4899  -2484  24765  28322 -23280 -20827  17888  12806 -70293  11835 
  9127  16934   5546  26207 -10780  17901 -11232   9261   3964  -4655 -36451 -16641  -9484   7136 -19524   8497 
-15807 -53583 -30305  62090   3021  -4892 -38871  10617  24896   7088  17715  -1347   3702   1133  60666 -24211 
-40636 -27387 -21873  16406   6201 -13995 -31232   -802  -2985 -34949   5170 -10976  -2415   4460  44991  -5038 
-22488 -10905 -26619 -29462  -5733 -26352 -64729   3651 -19891 -37623  -4629 -20579  10992   5836  13758  13320 
 -9305 -11454  12771  21359  14102   1475  31684 -18608 -20507   6799  17271    480 -24755   2170  32921   2487 
-29933 -18073   2247  14310  -2410 -27981   4786  -1924 -14151 -23624  19639 -28857  -4541 -13796  18865   7257 
-21502  -5960 -42954   7677  -1039  13504 -41225   5580  13410   9544 -17845 -21150   3736 -13243  21076 -27638 
 15320  36666 -16509  -4217 -43285  19852   3436  -2226 -17621  -4683 -39996   2274  24585  21685  -9554 -10114 
  -624   3135   -721  59082 -26826  10986  -9817   4898  12237   4921 -22000  -5938    755  -4006   -258  -2784 
 21480  29155  22735 -55703  -4040 -14062   8777  10121   9401  -3267   4228  16271  21657 -15420 -46620  -1285 
-13772 -47803    971 -19125   1707 -40612  -7780  57510  19533 -16971   6194 -30030  15941 -11725 -47014 -12065 
-12890  23459  19209 -11626   9149  -7312    417  -1268   4520 -33263  47708   8824  -1453 -38916  36128  10349 

